language,x1,x2,x3,x4,x5,x6,x7,x8,x9,x10,x11,x12,x13,x14,x15,x16,x17,x18,x19,x20,x21,x22,x23,x24,x25,x26,x27,x28,x29,x30,x31,x32,x33,x34,x35,x36,x37,x38,x39,x40,x41,x42,x43,x44,x45,x46,x47,x48,x49,x50,x51,x52,x53,x54,x55,x56,x57,x58,x59,x60,x61,x62,x63,x64,x65,x66,x67,x68
doee1238,-,-,-,-,-,-,-,-,-,-,-,-,-,-,-,-,-,-,-,-,-,-,-,5,-,-,-,-,-,-,-,-,-,-,-,-,a,-,-,-,m,-,-,-,-,-,-,-,-,-,-,-,-,-,-,a,-,-,-,-,-,-,-,-,-,-,-,-
kwer1261,-,-,-,-,-,-,-,-,-,-,-,m,-,-,-,-,-,-,-,-,-,-,-,5,-,-,-,-,-,-,-,-,-,-,-,-,a,-,-,-,m,-,-,-,-,-,-,-,-,-,-,-,-,-,-,a,-,-,-,-,-,-,-,-,-,-,-,-
kami1256,-,-,-,-,-,-,-,-,-,-,-,m,-,-,-,-,-,-,-,-,-,-,-,5,-,-,-,-,-,-,-,-,-,-,-,-,a,-,-,-,m,-,-,-,-,-,-,-,-,-,-,-,-,-,-,a,-,-,-,-,-,-,-,-,-,-,-,-
zara1247,-,-,-,-,-,-,-,-,-,-,-,-,-,-,-,-,-,-,-,-,-,-,-,5,-,-,-,-,-,-,-,-,-,-,-,-,a,-,-,-,m,-,-,-,-,-,-,-,-,-,-,-,-,-,-,a,-,-,-,-,-,-,-,-,-,-,-,-
kutu1263,-,-,-,-,-,-,-,-,-,-,-,-,-,-,-,-,-,-,-,-,-,-,-,5,-,-,-,-,-,-,-,-,-,-,-,-,a,-,-,-,m,-,-,-,-,-,-,-,-,-,-,-,-,-,-,a,-,-,-,-,-,-,-,-,-,-,-,-
sham1280,-,-,-,-,-,-,-,-,-,-,-,-,-,-,-,-,-,-,-,-,-,-,-,z,-,-,-,-,-,-,-,-,-,-,-,-,a,-,-,-,m,-,-,-,-,-,-,-,-,-,-,-,-,-,-,a,-,-,-,-,-,-,-,-,-,-,-,-
bond1247,-,-,-,-,-,-,-,-,-,-,-,-,-,-,-,-,-,-,-,-,-,-,-,5,-,-,-,-,-,-,-,-,-,-,-,-,a,-,-,-,m,-,-,-,-,-,-,-,-,-,-,-,-,-,-,a,-,-,-,-,-,-,-,-,-,-,-,-
zigu1244,-,-,-,-,-,-,-,-,-,-,-,-,-,-,-,-,-,-,-,-,-,-,-,5,-,-,-,-,-,-,-,-,-,-,-,-,a,-,-,-,m,-,-,-,-,-,-,-,-,-,-,-,-,-,-,a,-,-,-,-,-,-,-,-,-,-,-,-
ngul1246,-,-,-,-,-,-,-,-,-,-,-,-,-,-,-,-,-,-,-,-,-,-,-,5,-,-,-,-,-,-,-,-,-,-,-,-,a,-,-,-,m,-,-,-,-,-,-,-,-,-,-,-,-,-,-,a,-,-,-,-,-,-,-,-,-,-,-,-
gogo1263,-,-,-,-,-,-,-,-,-,-,-,-,-,-,-,-,-,-,-,-,-,-,-,n,-,-,-,-,-,-,-,i,-,-,-,-,i,-,-,-,m,-,-,-,-,-,-,-,-,-,-,-,-,-,-,u,-,-,-,-,-,-,-,-,-,-,-,-
kagu1239,-,-,-,-,-,-,-,-,-,-,-,-,-,-,-,-,-,-,-,-,-,-,-,f,-,-,-,-,-,-,-,i,-,l,-,-,i,-,-,-,m,-,-,-,-,-,-,-,-,-,-,-,-,-,-,u,-,-,-,-,-,-,-,-,-,-,-,-
lugu1238,-,-,-,-,-,-,-,-,-,-,-,i,-,-,-,-,-,-,-,-,-,-,-,5,-,-,-,-,-,-,-,-,-,-,-,-,a,-,-,-,m,-,-,-,-,-,-,-,-,-,-,-,-,-,-,a,-,-,-,-,-,-,-,-,-,-,-,-
lang1320,-,-,-,-,-,-,-,-,-,-,-,-,-,-,-,-,-,-,-,-,-,-,-,5,-,-,-,-,-,-,-,-,-,-,-,-,a,-,-,-,m,-,-,-,-,-,-,-,-,-,-,-,-,-,-,a,-,-,-,-,-,-,-,-,-,-,-,-
tait1250,-,-,-,-,-,-,-,-,-,-,-,-,-,-,-,-,-,-,-,-,-,-,-,5,-,-,-,-,-,-,-,-,-,-,-,-,a,-,-,-,m,-,-,-,-,-,-,-,-,-,-,-,-,-,-,a,-,-,-,-,-,n,d,u,-,-,-,-
saga1256,-,-,-,-,-,-,-,-,-,-,-,-,-,-,-,-,-,-,-,-,-,-,-,5,-,-,-,-,-,-,-,-,-,-,-,-,a,-,-,-,m,-,-,-,-,-,-,-,-,-,-,-,-,-,-,a,-,-,-,-,-,n,d,u,-,-,-,-
tave1240,-,-,-,-,-,-,-,-,-,-,-,-,-,-,-,-,-,-,-,-,-,-,-,5,-,-,-,-,-,-,-,-,-,-,-,-,a,-,-,-,m,-,-,-,-,-,-,-,-,-,-,-,-,-,-,a,-,-,-,-,-,-,-,-,-,-,-,-
asut1235,-,-,-,-,-,-,-,-,-,-,-,-,-,-,-,-,-,-,-,-,-,-,-,-,-,-,-,-,-,-,-,-,-,-,-,-,a,a,-,-,m,-,-,-,-,-,-,-,-,-,a,-,-,-,-,a,-,-,-,-,-,-,-,-,-,-,-,-
asut1235,-,-,-,-,-,-,-,-,-,-,-,-,-,-,-,-,-,-,-,-,-,-,-,5,-,-,-,-,-,-,-,-,-,-,-,-,a,-,-,-,m,-,-,-,-,-,-,-,-,-,-,-,-,-,-,a,-,-,-,-,-,-,-,-,-,-,-,-
asut1235,-,-,-,-,-,-,-,-,-,-,-,-,-,-,-,-,-,-,-,-,-,-,-,5,-,-,-,-,-,-,-,-,-,-,-,-,a,-,-,-,m,-,-,-,-,-,-,-,-,-,-,-,-,-,-,a,-,-,-,-,-,-,-,-,-,-,-,-
giry1241,-,-,-,-,-,-,-,-,-,-,-,-,-,-,-,-,-,-,-,-,-,-,-,5,-,-,-,-,-,-,-,-,-,-,-,-,a,-,-,-,m,-,-,-,-,-,-,-,-,-,-,-,-,-,-,a,-,-,-,-,-,-,-,-,-,-,-,-
digo1243,-,-,-,-,-,-,-,-,-,-,-,-,-,-,-,-,-,-,-,-,-,-,-,5,-,-,-,-,-,-,-,-,-,-,-,-,a,-,-,-,m,-,-,-,-,-,-,-,-,-,-,-,-,-,-,a,-,-,-,-,-,-,-,-,-,-,-,-
poko1261,-,-,-,-,-,-,b,-,-,-,-,i,-,-,-,-,-,-,-,-,-,-,-,n,-,-,-,-,-,-,-,-,-,-,-,-,e,-,-,-,n,-,-,-,-,-,-,-,-,-,s,-,-,-,-,a,-,-,-,-,-,-,-,-,-,-,-,-
chim1312,-,-,-,-,-,-,h,-,-,-,-,a,-,-,-,-,-,-,-,-,-,-,-,y,-,-,-,-,-,-,-,a,-,w,a,a,a,-,-,-,-,-,-,-,-,-,-,-,-,-,-,-,-,-,-,a,-,-,-,-,-,n,-,-,-,-,-,i
swah1253,-,-,-,-,-,-,-,-,-,-,-,m,-,-,-,-,-,-,-,-,-,-,-,5,-,-,-,-,-,-,-,-,-,-,-,-,a,-,-,-,m,-,-,-,-,-,-,-,-,-,-,-,-,-,-,a,-,-,-,-,-,-,-,-,-,-,-,-
swah1253,-,-,-,-,-,-,-,-,-,-,-,m,-,-,-,-,-,-,-,-,-,-,-,5,-,-,-,-,-,-,-,-,-,-,-,-,a,-,-,-,m,-,-,-,-,-,-,-,-,-,-,-,-,-,-,a,-,-,-,-,-,-,-,-,-,-,-,-
swah1253,-,-,-,-,-,-,-,-,-,-,-,-,-,-,-,-,-,-,-,-,-,-,-,5,-,-,-,-,-,-,-,-,-,-,-,-,a,-,-,-,m,-,-,-,-,-,-,-,-,-,-,-,-,-,-,a,-,-,-,-,-,-,-,-,-,-,-,-
swah1253,-,-,-,-,-,-,-,-,-,-,-,-,-,-,-,-,-,-,-,-,-,-,-,5,-,-,-,-,-,-,-,-,-,-,-,-,a,-,-,-,m,-,-,-,-,-,-,-,-,-,-,-,-,-,-,a,-,-,-,-,-,-,-,-,-,-,-,-
swah1253,-,-,-,-,-,-,-,-,-,-,-,-,-,-,-,-,-,-,-,-,-,-,-,4,-,-,-,-,-,-,-,-,-,-,-,-,a,-,-,-,m,-,-,-,-,-,-,-,-,-,-,-,-,-,-,a,-,-,-,-,-,-,-,-,-,-,-,-
mwan1247,-,-,-,-,-,-,-,-,-,-,-,-,-,-,-,-,-,-,-,-,-,-,-,5,-,-,-,-,-,-,-,-,-,-,-,-,a,-,-,-,m,-,-,-,-,-,-,-,-,-,-,-,-,-,-,a,-,-,-,-,-,N,g,a,-,l,-,o
ilwa1237,-,-,-,-,-,-,-,-,-,-,-,i,-,-,-,-,-,-,-,-,-,-,-,z,-,-,-,-,-,-,-,-,-,-,-,-,a,-,-,-,-,-,-,-,-,-,-,-,-,-,-,-,-,-,-,a,-,-,-,-,-,g,-,a,-,-,-,-
nden1248,-,-,-,-,-,-,-,-,-,-,-,m,-,-,-,-,-,-,-,-,-,-,-,5,-,-,-,-,-,-,-,-,-,-,-,-,a,-,-,-,m,-,-,-,-,-,-,-,-,-,-,-,-,-,-,a,-,-,-,-,-,-,-,-,-,-,-,-
nden1248,-,-,-,-,-,-,-,-,-,-,-,m,-,-,-,-,-,-,-,-,-,-,-,5,-,-,-,-,-,-,-,-,-,-,-,-,a,-,-,-,m,-,-,-,-,-,-,-,-,-,-,-,-,-,-,a,-,-,-,-,-,-,-,-,-,-,-,-
matu1259,-,-,-,-,-,-,-,-,-,-,-,-,-,-,-,-,-,-,-,-,-,-,-,5,-,-,-,-,-,-,-,-,-,-,-,-,a,-,-,-,m,-,-,-,-,-,-,-,-,-,-,-,-,-,-,a,-,-,-,-,-,-,-,-,-,-,-,-
ngin1244,-,-,-,-,-,-,-,-,-,-,-,-,-,-,-,-,-,-,-,-,-,-,-,5,-,-,-,-,-,-,-,-,-,-,-,-,a,-,-,-,m,-,-,-,-,-,-,-,-,-,-,-,-,-,-,a,-,-,-,-,-,-,-,-,-,-,-,-
mate1258,-,-,-,-,-,-,k,-,-,-,-,i,-,-,-,-,-,-,-,-,-,-,-,5,-,-,-,-,-,-,-,-,-,-,-,-,a,-,-,-,m,-,-,-,-,-,-,-,-,-,-,-,-,-,-,a,-,-,-,-,-,-,-,-,-,-,-,-
mpot1240,-,-,-,-,-,-,k,-,-,-,-,i,-,-,-,-,-,-,-,-,-,-,-,5,-,-,-,-,-,-,-,-,-,-,-,-,a,-,-,-,n,-,-,-,-,-,-,-,-,-,-,-,-,-,-,a,-,-,-,-,-,-,-,-,-,-,-,-
mand1423,-,-,-,-,-,-,l,-,-,-,-,i,-,-,-,-,-,-,-,-,-,-,-,5,-,-,-,-,-,-,-,-,-,-,-,-,a,-,-,-,m,-,-,-,-,-,-,-,-,-,-,-,-,-,-,a,-,-,-,-,-,-,-,-,-,-,-,-
tanz1241,-,-,-,-,-,-,l,-,-,-,-,i,-,-,-,-,-,-,-,-,-,-,-,5,-,-,-,-,-,-,-,-,-,-,-,-,a,-,-,-,m,-,-,-,-,-,-,-,-,-,-,-,-,-,-,a,-,-,-,-,-,-,-,-,-,-,-,-
yaoo1241,-,-,-,-,-,-,t,-,S,-,-,i,-,-,-,-,-,-,-,-,-,-,-,y,-,-,-,-,-,-,-,-,-,-,-,-,a,-,-,-,m,-,-,-,-,-,-,-,-,-,-,-,-,-,-,a,-,-,-,-,-,-,-,-,-,-,-,-
mwer1248,-,-,-,-,-,-,S,-,-,-,-,i,-,-,-,-,-,-,-,-,-,-,-,y,-,-,-,-,-,-,-,-,-,-,-,-,a,-,-,-,m,-,-,-,-,-,-,-,-,-,-,-,-,-,-,a,-,-,-,-,-,-,-,-,-,-,-,-
mako1251,-,-,-,-,-,-,-,-,-,-,-,n,-,-,-,-,-,-,-,-,-,-,-,5,-,-,-,-,-,-,-,-,-,-,-,-,a,-,-,-,m,-,-,-,-,-,-,-,-,-,-,-,-,-,-,a,-,-,-,-,-,-,-,-,-,-,-,-
mako1251,-,-,-,-,-,-,-,-,-,-,-,u,-,-,-,-,-,-,-,-,-,-,-,5,-,-,-,-,-,-,-,-,-,-,-,-,a,-,-,-,m,-,-,-,-,-,-,-,-,-,-,-,-,-,-,a,-,-,-,-,-,-,-,-,-,-,-,-
ndam1239,-,-,-,-,-,-,-,-,-,-,-,-,-,-,-,-,-,-,-,-,-,-,-,5,-,-,-,-,-,-,-,-,-,-,-,-,a,-,-,-,m,-,-,-,-,-,-,-,-,-,-,-,-,-,-,a,-,-,-,-,-,-,-,-,-,-,-,-
mbun1248,-,-,-,-,-,-,-,-,-,-,-,-,-,-,-,-,-,-,-,-,-,-,-,5,-,-,-,-,-,-,-,-,-,-,-,-,a,-,-,-,m,-,-,-,-,-,-,-,-,-,-,-,-,-,-,a,-,-,-,-,-,-,-,-,-,-,-,-
pogo1243,-,-,-,-,-,-,-,-,-,-,-,-,-,-,-,-,-,-,-,-,-,-,-,5,-,-,-,-,-,-,-,-,-,-,-,-,a,-,-,-,m,-,-,-,-,-,-,-,-,-,-,-,-,-,-,a,-,-,-,-,-,-,-,-,-,-,-,-
pang1287,-,-,-,-,-,-,-,-,-,-,-,-,-,-,-,-,-,-,-,-,-,-,-,5,-,-,-,-,-,-,-,-,-,-,-,-,a,-,-,-,m,-,-,-,-,-,-,-,-,-,-,-,-,-,-,a,-,-,-,-,-,-,-,-,-,-,-,-
nucl1379,-,-,-,-,-,-,-,-,-,-,-,i,-,-,-,-,-,-,-,-,-,-,-,5,-,-,-,-,-,-,-,-,-,-,-,-,a,-,-,-,m,-,-,-,-,-,-,-,-,-,-,-,-,-,-,a,-,-,-,-,-,-,-,-,-,-,-,-
hehe1240,-,-,-,-,-,-,-,-,-,-,-,i,-,-,-,-,-,-,-,-,-,-,-,5,-,-,-,-,-,-,-,-,-,-,-,-,a,-,-,-,m,-,-,-,-,-,-,-,-,-,-,-,-,-,-,a,-,-,-,-,-,-,-,-,-,-,-,-
bena1262,-,-,-,-,-,-,-,-,-,-,-,-,-,-,-,-,-,-,-,-,-,-,-,5,-,-,-,-,-,-,-,-,-,-,-,-,a,-,-,-,m,-,-,-,-,-,-,-,-,-,-,-,-,-,-,a,-,-,-,-,-,-,-,-,-,-,-,-
sang1330,-,-,-,-,-,-,-,-,-,-,-,-,-,-,-,-,-,-,-,-,-,-,-,5,-,-,-,-,-,-,-,-,-,-,-,-,a,-,-,-,m,-,-,-,-,-,-,-,-,-,-,-,-,-,-,a,-,-,-,-,-,-,-,-,-,-,-,-
vwan1235,-,-,-,-,-,-,-,-,-,-,-,i,-,-,-,-,-,-,-,-,-,-,-,5,-,-,-,-,-,-,-,-,-,-,-,-,a,-,-,-,m,-,-,-,-,-,-,-,-,-,-,-,-,-,-,a,-,-,-,-,-,-,-,-,-,-,-,-
fipa1238,-,-,-,-,-,-,i,-,-,-,-,i,-,-,-,-,-,-,-,-,-,-,-,5,-,-,-,-,-,-,-,-,-,-,-,-,a,-,-,-,m,-,-,-,-,-,-,-,-,-,-,-,-,-,-,a,-,-,-,-,-,-,-,-,-,-,-,-
mamb1296,-,-,-,-,-,-,-,-,-,-,-,i,-,-,-,-,-,-,-,-,-,-,-,5,-,-,-,-,-,-,-,-,-,-,-,-,a,-,-,-,m,-,-,-,-,-,-,-,-,-,-,-,-,-,-,a,-,-,-,-,-,-,-,-,-,-,-,-
mamb1296,-,-,-,-,-,-,T,-,-,-,-,i,-,-,-,-,-,-,-,-,-,-,-,5,-,-,-,-,-,-,-,-,-,-,-,-,a,-,-,-,m,-,-,-,-,-,-,-,-,-,-,-,-,-,-,a,-,-,-,-,-,-,-,-,-,-,-,-
wand1264,-,-,-,-,t,-,S,-,-,-,-,i,-,-,-,-,-,-,-,-,-,-,-,5,-,-,-,-,-,-,-,-,-,-,-,-,a,-,-,-,m,-,-,-,-,-,-,-,-,-,a,n,-,-,-,a,-,-,-,-,-,-,-,-,-,-,-,-
nyam1275,-,-,i,-,t,-,S,-,-,-,-,i,-,-,-,-,-,-,-,-,-,-,-,5,-,-,-,-,-,-,-,-,-,-,-,-,a,-,-,-,m,-,-,-,-,-,-,-,-,-,a,n,-,-,-,a,-,-,-,-,-,-,-,-,-,-,-,-
pimb1238,-,-,i,-,-,-,-,-,-,-,-,i,-,-,-,-,-,-,-,-,-,-,-,5,-,-,-,-,-,-,-,-,-,-,-,-,a,-,-,-,m,-,-,-,-,-,-,-,-,-,-,-,-,-,-,a,-,-,-,-,-,-,-,-,-,-,-,-
rung1255,-,-,i,-,t,-,S,-,-,-,-,i,-,-,-,-,-,-,-,-,-,-,-,5,-,-,-,-,-,-,-,-,-,-,-,-,a,-,-,-,m,-,-,-,-,-,-,-,-,-,-,-,-,-,-,a,-,-,-,-,-,-,-,-,-,-,-,-
bung1265,-,-,-,-,-,-,-,-,-,-,-,i,-,-,-,-,-,-,-,-,-,-,-,5,-,-,-,-,-,-,-,-,-,-,-,-,a,-,-,-,m,-,-,-,-,-,-,-,-,-,-,-,-,-,-,a,-,-,-,-,-,-,-,-,-,-,-,-
bend1258,-,-,-,-,-,-,-,-,-,-,-,-,-,-,-,-,-,-,-,-,-,-,-,5,-,-,-,-,-,-,-,-,-,-,-,-,a,-,-,-,m,-,-,-,-,-,-,-,-,-,-,-,-,-,-,a,-,-,-,-,-,-,-,-,-,-,-,-
nyih1240,-,-,i,-,-,-,S,-,-,-,-,i,-,-,-,-,-,-,-,-,-,-,-,y,-,-,-,-,-,-,-,-,-,-,-,-,a,-,-,-,m,-,-,-,-,-,-,-,-,-,-,-,-,-,-,a,-,-,-,-,-,-,-,-,-,-,-,-
mali1279,-,-,-,-,-,-,-,-,-,-,-,i,-,-,-,-,-,-,-,-,-,-,-,5,-,-,-,-,-,-,-,-,-,-,-,-,a,-,-,-,m,-,-,-,-,-,-,-,-,-,-,-,-,-,-,a,-,-,-,-,-,-,-,-,-,-,-,-
lamb1272,-,-,i,-,-,-,s,-,h,-,-,i,-,-,-,-,-,-,-,-,-,-,-,5,-,-,-,-,-,-,-,-,-,-,-,-,a,-,-,-,m,-,-,-,-,-,-,-,-,-,a,n,-,-,-,a,-,-,-,-,-,-,-,-,-,-,-,-
safw1238,-,-,-,-,-,-,-,-,-,-,-,i,-,-,-,-,-,-,-,-,-,-,-,5,-,-,-,-,-,-,-,-,-,-,-,-,a,-,-,-,m,-,-,-,-,-,-,-,-,-,-,-,-,-,-,a,-,-,-,-,-,-,-,-,-,-,-,-
ndal1241,-,-,-,-,t,-,S,-,-,-,-,i,-,-,-,-,-,-,-,-,-,-,-,5,-,-,-,-,-,-,-,-,-,-,-,-,a,-,-,-,m,-,-,-,-,-,-,-,-,-,a,n,-,-,-,a,-,-,-,-,-,-,-,-,-,-,-,-
nyak1260,-,-,i,-,k,-,-,-,-,-,-,i,-,-,-,-,-,-,-,-,-,-,-,5,-,-,-,-,-,-,-,-,-,-,-,-,a,-,-,-,m,-,-,-,-,-,-,-,-,-,a,n,-,-,-,a,-,-,-,-,-,-,-,-,-,-,-,-
suku1261,-,-,-,-,-,-,-,-,-,-,-,-,-,-,-,-,-,-,-,-,-,-,-,5,-,-,-,-,-,-,-,-,-,-,-,-,a,-,-,-,m,-,-,-,-,-,-,-,-,-,-,-,-,-,-,a,-,-,-,-,-,-,-,-,-,-,-,-
suku1261,-,-,-,-,-,-,-,-,-,-,-,-,-,-,-,-,-,-,-,-,-,-,-,n,-,-,-,-,-,-,-,-,-,-,-,-,a,-,-,-,m,-,-,-,-,-,-,-,-,-,-,-,-,-,-,a,-,-,-,-,-,-,-,-,-,-,-,-
nyam1276,-,-,-,-,-,-,-,-,-,-,-,-,-,-,-,-,-,-,-,-,-,-,-,5,-,-,-,-,-,-,-,-,-,-,-,-,a,-,-,-,m,-,-,-,-,-,-,-,-,-,-,-,-,-,-,a,-,-,-,-,-,-,-,-,-,-,-,-
sumb1240,-,-,-,-,-,-,-,-,-,-,-,-,-,-,-,-,-,-,-,-,-,-,-,n,-,-,-,-,-,-,-,-,-,-,-,-,a,-,-,-,m,-,-,-,-,-,-,-,-,-,-,-,-,-,-,a,-,-,-,-,-,-,-,-,-,-,-,-
nyat1246,-,-,-,-,-,-,-,-,-,-,-,-,-,-,-,-,-,-,-,-,-,-,-,5,-,-,-,-,-,-,-,a,-,-,-,-,a,-,-,-,m,-,-,-,-,-,-,-,-,-,-,-,-,-,-,a,-,-,-,-,-,-,-,-,-,-,-,-
nyat1246,-,-,-,-,-,-,-,-,-,-,-,-,-,-,-,-,-,-,-,-,-,-,-,5,-,-,-,-,-,-,-,-,-,-,-,-,a,-,-,-,m,-,-,-,-,-,-,-,-,-,-,-,-,-,-,a,-,-,-,-,-,-,-,-,-,-,-,-
kimb1242,-,-,-,-,-,-,-,-,-,-,-,-,-,-,-,-,-,-,-,-,-,-,-,5,-,-,-,-,-,-,-,-,-,-,-,-,a,-,-,-,m,-,-,-,-,-,-,-,-,-,-,-,-,-,-,a,-,-,-,-,-,-,-,-,-,-,-,-
nila1242,-,-,-,-,-,-,-,-,-,-,-,-,-,-,-,-,-,-,-,-,-,-,-,n,-,-,-,-,-,-,-,-,-,-,-,-,a,-,-,-,m,-,-,-,-,-,-,-,-,-,-,-,-,-,-,a,-,-,-,-,-,-,-,-,-,-,-,-
toor1238,-,-,-,-,-,-,-,-,-,-,-,-,-,-,-,-,-,-,-,-,-,-,-,5,-,-,-,-,-,-,-,-,-,-,-,-,a,-,-,-,m,-,-,-,-,-,-,-,-,-,-,-,-,-,-,a,-,-,-,-,-,-,-,-,-,-,-,-
nyan1307,-,-,-,-,-,-,-,-,-,-,-,e,-,-,-,-,-,-,-,-,-,-,-,5,-,-,-,-,-,-,-,-,-,-,-,-,a,-,-,-,m,-,-,-,-,-,-,-,-,-,-,-,-,-,-,a,-,-,-,-,-,-,-,-,-,-,-,-
nyor1246,-,-,-,-,-,-,-,-,-,-,-,e,-,-,-,-,-,-,-,-,-,-,-,5,-,-,-,-,-,-,-,-,-,-,-,-,a,-,-,-,m,-,-,-,-,-,-,-,-,-,-,-,-,-,-,a,-,-,-,-,-,-,-,-,-,-,-,-
chig1238,-,-,-,-,-,-,-,-,-,-,-,e,-,-,-,-,-,-,-,-,-,-,-,5,-,-,-,-,-,-,-,-,-,-,-,-,a,-,-,-,m,-,-,-,-,-,-,-,-,-,-,-,-,-,-,a,-,-,-,-,-,-,-,-,-,-,-,-
nyam1277,-,-,-,-,-,-,-,-,-,-,-,e,-,-,-,-,-,-,-,-,-,-,-,5,-,-,-,-,-,-,-,-,-,-,-,-,a,-,-,-,m,-,-,-,-,-,-,-,-,-,-,-,-,-,-,a,-,-,-,-,-,-,-,-,-,-,-,-
zinz1238,-,-,-,-,-,-,-,-,-,-,-,e,-,-,-,-,-,-,-,-,-,-,-,5,-,-,-,-,-,-,-,-,-,-,-,-,a,-,-,-,m,-,-,-,-,-,-,-,-,-,a,i,s,w,-,a,-,-,-,-,-,-,-,-,-,-,-,-
haya1250,-,-,-,-,-,-,-,-,-,-,-,e,-,-,-,-,-,-,-,-,-,-,-,5,-,-,-,-,-,-,-,-,-,-,-,-,a,-,-,-,m,-,-,-,-,-,-,-,-,-,a,i,S,w,-,a,-,-,-,-,-,-,-,-,-,-,-,-
kere1283,-,-,-,-,-,-,-,-,-,-,-,e,-,-,-,-,-,-,-,-,-,-,-,n,-,-,-,-,-,-,-,-,-,-,-,-,a,-,-,-,m,-,-,-,-,-,-,-,-,-,e,n,s,w,-,a,-,-,-,-,-,-,-,-,-,-,-,-
shub1238,-,-,-,-,-,-,-,-,-,-,-,i,-,-,-,-,-,-,-,-,-,-,-,5,-,-,-,-,-,-,-,-,-,-,-,-,a,-,-,-,m,-,-,-,-,-,-,-,-,-,-,-,-,-,-,a,-,-,-,-,-,-,-,-,-,-,-,-
hang1260,-,-,-,-,-,-,-,-,-,-,-,i,-,-,-,-,-,-,-,-,-,-,-,5,-,-,-,-,-,-,-,-,-,-,-,-,a,-,-,-,m,-,-,-,-,-,-,-,-,-,-,-,-,-,-,a,-,-,-,-,-,-,-,-,-,-,-,-
rund1242,-,-,-,-,-,-,-,-,-,-,-,i,-,-,-,-,-,-,-,-,-,-,-,5,-,-,-,-,-,-,-,-,-,-,-,-,a,-,-,-,m,-,-,-,-,-,-,-,-,-,-,-,-,-,-,a,-,-,-,-,-,-,-,-,-,-,-,-
haaa1252,-,-,-,-,-,-,-,-,-,-,-,i,-,-,-,-,-,-,-,-,-,-,-,5,-,-,-,-,-,-,-,-,-,-,-,-,a,-,-,-,m,-,-,-,-,-,-,-,-,-,-,-,-,-,-,a,-,-,-,-,-,-,-,-,-,-,-,-
vinz1238,-,-,-,-,-,-,-,-,-,-,-,i,-,-,-,-,-,-,-,-,-,-,-,5,-,-,-,-,-,-,-,-,-,-,-,-,a,-,-,-,m,-,-,-,-,-,-,-,-,-,-,-,-,-,-,a,-,-,-,-,-,-,-,-,-,-,-,-
soga1242,-,-,-,-,-,-,-,-,-,-,-,e,-,-,-,-,-,-,-,-,-,-,-,5,-,-,-,-,-,-,-,-,-,-,-,-,a,-,-,-,m,-,-,-,-,-,-,-,-,-,-,-,-,-,-,a,-,-,-,-,-,-,-,-,-,-,-,-
gwer1238,-,-,-,-,-,-,-,-,-,-,-,-,-,-,-,-,-,-,-,-,-,-,-,5,-,-,-,-,-,-,-,-,-,-,-,-,a,-,-,-,m,-,-,-,-,-,-,-,-,-,-,-,-,-,-,a,-,-,-,-,-,-,-,-,-,-,-,-
gand1255,-,-,-,-,-,-,-,-,-,-,-,e,-,n,-,-,-,-,-,-,-,-,-,5,-,-,-,-,-,-,-,-,-,-,-,-,a,-,-,-,m,-,-,-,-,-,-,-,-,-,-,-,-,-,-,a,-,-,-,-,-,-,-,-,-,-,-,-
suba1238,-,-,-,-,-,-,-,-,-,-,-,i,-,-,-,-,-,-,-,-,-,-,-,5,-,-,-,-,-,-,-,-,-,-,-,-,a,-,-,-,m,-,-,-,-,-,-,-,-,-,-,-,-,-,-,a,-,-,-,-,-,-,-,-,-,-,-,-
kuri1259,-,-,-,-,-,-,-,-,-,-,-,i,-,-,-,-,-,-,-,-,-,-,-,5,-,-,-,-,-,-,-,-,-,-,-,-,a,-,-,-,m,-,-,-,-,-,-,-,-,-,-,-,-,-,-,a,-,-,-,-,-,-,-,-,-,-,-,-
kuri1259,-,-,-,-,-,-,-,-,-,-,-,i,-,-,-,-,-,-,-,-,-,-,-,5,-,-,-,-,-,-,-,-,-,-,-,-,a,-,-,-,m,-,-,-,-,-,-,-,-,-,-,-,-,-,-,a,-,-,-,-,-,-,-,-,-,-,-,-
kuri1259,-,-,i,-,-,-,-,-,-,-,-,i,-,-,-,-,-,-,-,-,-,-,-,5,-,-,-,-,-,-,-,a,-,-,-,-,a,-,-,-,m,-,-,-,-,-,-,-,-,-,-,-,-,-,-,a,-,-,-,-,-,-,-,-,-,-,-,-
ngur1263,-,-,-,-,-,-,-,-,-,-,-,e,-,-,-,-,-,-,-,-,-,-,-,5,-,-,-,-,-,-,-,-,-,-,-,-,a,-,-,-,m,-,-,-,-,-,-,-,-,-,-,-,-,-,-,a,-,-,-,-,-,-,-,-,-,-,-,-
ikiz1238,-,-,-,-,-,-,-,-,-,-,-,e,-,-,-,-,-,-,-,-,-,-,-,5,-,-,-,-,-,-,-,-,-,-,-,-,a,-,-,-,m,-,-,-,-,-,-,-,-,-,-,-,-,-,-,a,-,-,-,-,-,-,-,-,-,-,-,-
ikiz1238,-,-,-,-,-,-,-,-,-,-,-,e,-,-,-,-,-,-,-,-,-,-,-,5,-,-,-,-,-,-,-,-,-,-,-,-,a,-,-,-,m,-,-,-,-,-,-,-,-,-,-,-,-,-,-,a,-,-,-,-,-,-,-,-,-,-,-,-
zana1238,-,-,-,-,-,-,-,-,-,-,-,e,-,-,-,-,-,-,-,-,-,-,-,5,-,-,-,-,-,-,-,-,-,-,-,-,a,-,-,-,m,-,-,-,-,-,-,-,-,-,-,-,-,-,-,a,-,-,-,-,-,-,-,-,-,-,-,-
ikom1245,-,-,-,-,-,-,-,-,-,-,-,a,-,-,-,-,-,-,-,-,-,-,-,5,-,-,-,-,-,-,-,-,-,-,-,-,a,-,-,-,m,-,-,-,-,-,-,-,-,-,-,-,-,-,-,a,-,-,-,-,-,-,-,-,-,-,-,-
gusi1247,-,-,e,-,-,-,-,-,-,-,-,e,-,-,-,-,-,-,-,-,-,-,-,5,-,-,-,-,-,-,-,-,-,-,-,-,a,-,-,-,m,-,-,-,-,-,-,-,-,-,-,-,-,-,-,a,-,-,-,-,-,-,-,-,-,-,-,-
jita1239,-,-,-,-,-,-,-,-,-,-,-,i,-,-,-,-,-,-,-,-,-,-,-,5,-,-,-,-,-,-,-,-,-,-,-,-,a,-,-,-,m,-,-,-,-,-,-,-,-,-,-,-,-,-,-,a,-,-,-,-,-,-,-,-,-,-,-,-
kway1241,-,-,-,-,-,-,-,-,-,-,-,-,-,-,-,-,-,-,-,-,-,-,-,5,-,-,-,-,-,-,-,-,-,-,-,-,a,-,-,-,m,-,-,-,-,-,-,-,-,-,-,-,-,-,-,a,-,-,-,-,-,-,-,-,-,-,-,-
kara1481,-,-,-,-,-,-,-,-,-,-,-,i,-,-,-,-,-,-,-,-,-,-,-,5,-,-,-,-,-,-,-,-,-,-,-,-,a,-,-,-,m,-,-,-,-,-,-,-,-,-,-,-,-,-,-,a,-,-,-,-,-,-,-,-,-,-,-,-
saam1283,-,-,-,-,-,-,-,-,-,-,-,i,-,-,-,-,-,-,-,-,-,-,-,5,-,-,-,-,-,-,-,-,-,-,-,-,a,-,-,-,m,-,-,-,-,-,-,-,-,-,-,-,-,-,-,a,-,-,-,-,-,-,-,-,-,-,-,-
saam1283,-,-,-,-,-,-,-,-,-,-,-,i,-,-,-,-,-,-,-,-,-,-,-,5,-,-,-,-,-,-,-,-,-,-,-,-,a,-,-,-,m,-,-,-,-,-,-,-,-,-,-,-,-,-,-,a,-,-,-,-,-,-,-,-,-,-,-,-
logo1258,-,-,-,-,-,-,-,-,-,-,-,i,-,-,-,-,-,-,-,-,-,-,-,5,-,-,-,-,-,-,-,-,-,-,-,-,a,-,-,-,m,-,-,-,-,-,-,-,-,-,-,-,-,-,-,a,-,-,-,-,-,-,-,-,-,-,-,-
masa1299,-,-,-,-,-,-,-,-,-,-,-,i,-,-,-,-,-,-,-,-,-,-,-,5,-,-,-,-,-,-,-,-,-,-,-,-,a,-,-,-,m,-,-,-,-,-,-,-,-,-,-,-,-,-,-,a,-,-,-,-,-,-,-,-,-,-,-,-
shii1238,-,-,-,-,-,-,-,-,-,-,-,-,-,-,-,-,-,-,-,-,-,-,-,5,-,-,-,-,-,-,-,-,-,-,-,-,a,-,-,-,m,-,-,-,-,-,-,-,-,-,-,-,-,-,-,a,-,-,-,-,-,-,-,-,-,-,-,-
chuk1274,-,-,-,-,-,-,-,-,-,-,-,-,-,-,-,-,-,-,-,-,-,-,-,5,-,-,-,-,-,-,-,-,-,-,-,-,a,-,-,-,m,-,-,-,-,-,-,-,-,-,-,-,-,-,-,a,-,-,-,-,-,-,-,-,-,-,-,-
thar1283,-,-,-,-,-,-,-,-,-,-,-,-,-,-,-,-,-,-,-,-,-,-,-,5,-,-,-,-,-,-,-,-,-,-,-,-,a,-,-,-,m,-,-,-,-,-,-,-,-,-,-,-,-,-,-,a,-,-,-,-,-,-,-,-,-,-,-,-
mwim1241,-,-,-,-,-,-,-,-,-,-,-,-,-,-,-,-,-,-,-,-,-,-,-,5,-,-,-,-,-,-,-,a,-,-,-,-,a,-,-,-,m,-,-,-,-,-,-,-,-,-,a,-,-,-,-,a,-,-,-,-,-,-,-,-,-,-,-,-
mwim1241,-,-,-,-,-,-,-,-,-,-,-,-,-,-,-,-,-,-,-,-,-,-,-,5,-,-,-,-,-,-,-,a,-,-,-,-,a,-,-,-,m,-,-,-,-,-,-,-,-,-,a,-,-,-,-,a,-,-,-,-,-,-,-,-,-,-,-,-
meru1245,-,-,-,-,-,-,-,-,-,-,-,-,-,-,-,-,-,-,-,-,-,-,-,5,-,-,-,-,-,-,-,-,-,-,-,-,a,-,-,-,m,-,-,-,-,-,-,-,-,-,-,-,-,-,-,a,-,-,-,-,-,-,-,-,-,-,-,-
meru1245,-,-,-,-,-,-,-,-,-,-,-,-,-,-,-,-,-,-,-,-,-,-,-,5,-,-,-,-,-,-,-,a,-,-,-,-,a,-,-,-,m,-,-,-,-,-,-,-,-,-,a,-,-,-,-,a,-,-,-,-,-,-,-,-,-,-,-,-
meru1245,-,-,-,-,-,-,-,-,-,-,-,-,-,-,-,-,-,-,-,-,-,-,-,5,-,-,-,-,-,-,-,-,-,-,-,-,a,-,-,-,m,-,-,-,-,-,-,-,-,-,-,-,-,-,-,a,-,-,-,-,-,-,-,-,-,-,-,-
meru1245,-,-,-,-,-,-,-,-,-,-,-,-,-,-,-,-,-,-,-,-,-,-,-,5,-,-,-,-,-,-,-,-,-,-,-,-,a,-,-,-,m,-,-,-,-,-,-,-,-,-,-,-,-,-,-,a,-,-,-,-,-,-,-,-,-,-,-,-
meru1245,-,-,-,-,-,-,-,-,-,-,-,-,-,-,-,-,-,-,-,-,-,-,-,5,-,-,-,-,-,-,-,-,-,-,-,-,a,-,-,-,m,-,-,-,-,-,-,-,-,-,-,-,-,-,-,a,-,-,-,-,-,-,-,-,-,-,-,-
meru1245,-,-,-,-,-,-,-,-,-,-,-,-,-,-,-,-,-,-,-,-,-,-,-,5,-,-,-,-,-,-,-,a,-,-,-,-,a,-,-,-,m,-,-,-,-,-,-,-,-,-,a,-,-,-,-,a,-,-,-,-,-,-,-,-,-,-,-,-
meru1245,-,-,-,-,-,-,-,-,-,-,-,-,-,-,-,-,-,-,-,-,-,-,-,5,-,-,-,-,-,-,-,a,-,-,-,-,a,-,-,-,m,-,-,-,-,-,-,-,-,-,a,-,-,-,-,a,-,-,-,-,-,-,-,-,-,-,-,-
embu1241,-,-,-,-,-,-,-,-,-,-,-,-,-,-,-,-,-,-,-,-,-,-,-,5,-,-,-,-,-,-,-,a,-,-,-,-,a,-,-,-,m,-,-,-,-,-,-,-,-,-,a,-,-,-,-,a,-,-,-,-,-,-,-,-,-,-,-,-
embu1241,-,-,-,-,-,-,-,-,-,-,-,-,-,-,-,-,-,-,-,-,-,-,-,5,-,-,-,-,-,-,-,a,-,-,-,-,a,-,-,-,m,-,-,-,-,-,-,-,-,-,a,-,-,-,-,a,-,-,-,-,-,-,-,-,-,-,-,-
kiku1240,-,-,-,-,-,-,-,-,-,-,-,-,-,-,-,-,-,-,-,-,-,-,-,5,-,-,-,-,-,-,-,a,-,-,-,-,a,-,-,-,m,-,-,-,-,-,-,-,-,-,a,-,-,-,-,a,-,-,-,-,-,-,-,-,-,-,-,-
kamb1297,-,-,-,-,-,-,-,-,-,-,-,-,-,-,-,-,-,-,-,-,-,-,-,5,-,-,-,-,-,-,-,-,-,-,-,-,a,-,-,-,m,-,-,-,-,-,-,-,-,-,-,-,-,-,-,a,-,-,-,-,-,-,-,-,-,-,-,-
kamb1297,-,-,-,-,-,-,-,-,-,-,-,-,-,-,-,-,-,-,-,-,-,-,-,5,-,-,-,-,-,-,-,-,-,-,-,-,a,-,-,-,m,-,-,-,-,-,-,-,-,-,-,-,-,-,-,a,-,-,-,-,-,-,-,-,-,-,-,-
kamb1297,-,-,-,-,-,-,-,-,-,-,-,-,-,-,-,-,-,-,-,-,-,-,-,5,-,-,-,-,-,-,-,-,-,-,-,-,a,-,-,-,m,-,-,-,-,-,-,-,-,-,-,-,-,-,-,a,-,-,-,-,-,-,-,-,-,-,-,-
dhai1238,-,-,-,-,-,-,-,-,-,-,-,-,-,-,-,-,-,-,-,-,-,-,-,5,-,-,-,-,-,-,-,-,-,-,-,-,a,-,-,-,m,-,-,-,-,-,-,-,-,-,-,-,-,-,-,a,-,-,-,-,-,-,-,-,-,-,-,-
temi1247,-,-,-,-,-,-,-,-,-,-,-,-,-,-,-,-,-,-,-,-,-,-,-,5,-,-,-,-,-,-,-,-,-,-,-,-,a,-,-,-,m,-,-,-,-,-,-,-,-,-,a,-,-,-,-,a,-,-,-,-,-,-,-,-,-,-,-,-
moch1256,-,-,-,-,-,-,-,-,-,-,-,m,-,-,-,-,-,-,-,-,-,-,-,5,-,-,-,-,-,-,-,-,-,-,-,-,a,-,-,-,m,-,-,-,-,-,-,-,-,-,-,-,-,-,-,a,-,-,-,-,-,-,-,-,-,-,-,-
vunj1238,-,-,-,-,-,-,-,-,-,-,-,-,-,-,-,-,-,-,-,-,-,-,-,5,-,-,-,-,-,-,-,-,-,-,-,-,a,-,-,-,m,-,-,-,-,-,-,-,-,-,-,-,-,-,-,a,-,-,-,-,-,-,-,-,-,-,-,-
vunj1238,-,-,-,-,-,-,-,-,-,-,-,i,-,-,-,-,-,-,-,-,-,-,-,n,-,-,-,-,d,-,-,o,-,l,-,y,a,-,-,-,n,-,y,-,-,-,-,-,-,-,a,-,-,-,-,a,-,-,-,-,-,-,-,-,-,-,-,-
romb1244,-,-,-,-,-,-,-,-,-,-,-,-,-,-,-,-,-,-,-,-,-,-,-,5,-,-,-,-,-,-,-,-,-,-,-,-,a,-,-,-,m,-,-,-,-,-,-,-,-,-,-,-,-,-,-,a,-,-,-,-,-,-,-,-,-,-,-,-
romb1244,-,-,-,-,-,-,-,-,-,-,-,m,-,-,-,-,-,-,-,-,-,-,-,5,-,-,-,-,-,-,-,-,-,-,-,-,a,-,-,-,m,-,-,-,-,-,-,-,-,-,-,-,-,-,-,a,-,-,-,-,-,-,-,-,-,-,-,-
romb1244,-,-,-,-,-,-,-,-,-,-,-,-,-,-,-,-,-,-,-,-,-,-,-,5,-,-,-,-,-,-,-,-,-,-,-,-,a,-,-,-,m,-,-,-,-,-,-,-,-,-,-,-,-,-,-,a,-,-,-,-,-,-,-,-,-,-,-,-
mach1266,-,-,-,-,-,-,-,-,-,-,-,n,-,-,-,-,-,-,-,-,-,-,-,5,-,-,-,-,-,-,-,-,-,-,-,-,a,-,-,-,m,-,-,-,-,-,-,-,-,-,-,-,-,-,-,a,-,-,-,-,-,-,-,-,-,-,-,-
mach1266,-,-,-,-,-,-,-,-,-,-,-,-,-,-,-,-,-,-,-,-,-,-,-,5,-,-,-,-,-,-,-,-,-,-,-,-,a,-,-,-,m,-,-,-,-,-,-,-,-,-,-,-,-,-,-,a,-,-,-,-,-,-,-,-,-,-,-,-
mach1266,-,-,-,-,-,-,-,-,-,-,-,n,-,-,-,-,-,-,-,-,-,-,-,5,-,-,-,-,-,-,-,-,-,-,-,-,a,-,-,-,m,-,-,-,-,-,-,-,-,-,-,-,-,-,-,a,-,-,-,-,-,-,-,-,-,-,-,-
gwen1239,-,-,-,-,-,-,-,-,-,-,-,m,-,-,-,-,-,-,-,-,-,-,-,5,-,-,-,-,-,-,-,-,-,-,-,-,a,-,-,-,m,-,-,-,-,-,-,-,-,-,-,-,-,-,-,a,-,-,-,-,-,-,-,-,-,-,-,-
kahe1238,-,-,-,-,-,-,-,-,-,-,-,-,-,-,-,-,-,-,-,-,-,-,-,5,-,-,-,-,-,-,-,-,-,-,-,-,a,-,-,-,m,-,-,-,-,-,-,-,-,-,-,-,-,-,-,a,-,-,-,-,-,-,-,-,-,-,-,-
maor1244,-,-,-,-,-,-,S,-,-,-,-,i,-,-,-,-,-,-,-,-,-,-,-,5,-,-,-,-,-,-,-,a,-,-,-,-,a,-,-,-,m,-,-,-,-,-,-,-,-,-,-,-,-,-,-,a,-,-,-,-,-,-,-,-,-,-,-,-
ndzw1235,-,-,-,-,-,-,S,-,-,-,-,i,-,-,-,-,-,-,-,-,-,-,-,5,-,-,-,-,-,-,-,a,-,-,-,-,a,-,-,-,m,-,-,-,-,-,-,-,-,-,-,-,-,-,-,a,-,-,-,-,-,-,-,-,-,-,-,-
ngaz1238,-,-,-,-,-,-,-,-,-,-,-,i,-,-,-,-,-,-,-,-,-,-,-,5,-,-,-,-,-,-,-,-,-,-,-,-,a,-,-,-,m,-,-,-,-,-,-,-,-,-,-,-,-,-,-,a,-,-,-,-,-,-,-,-,-,-,-,-
nyan1308,-,-,-,-,-,-,-,-,-,-,-,-,-,-,-,-,-,-,-,-,-,-,-,5,-,-,-,-,-,-,-,a,-,-,-,-,a,-,-,-,m,-,-,-,-,-,-,-,-,-,a,-,-,-,-,a,-,-,-,-,-,-,-,-,-,-,-,-
kund1255,-,-,-,-,-,-,-,-,-,-,-,-,-,-,-,-,-,-,-,-,-,-,-,5,-,-,-,-,-,-,-,-,-,-,-,-,a,-,-,-,m,-,-,-,-,-,-,-,-,-,-,-,-,-,-,a,-,-,-,-,-,-,-,-,-,-,-,-
tumb1250,-,-,-,-,-,-,-,-,-,-,-,-,-,-,-,-,-,-,-,-,-,-,-,5,-,-,-,-,-,-,-,-,-,-,-,-,a,-,-,-,m,-,-,-,-,-,-,-,-,-,-,-,-,-,-,a,-,-,-,-,-,-,-,-,-,-,-,-
shon1251,-,-,-,-,-,-,-,-,-,-,-,-,-,-,-,-,-,-,-,-,-,-,-,5,-,-,-,-,-,-,-,-,-,-,-,-,a,-,-,-,m,-,-,-,-,-,-,-,-,-,-,-,-,-,-,a,-,-,-,-,-,-,-,-,-,-,-,-
kala1384,-,-,-,-,-,-,-,-,-,-,-,-,-,-,-,-,-,-,-,-,-,-,-,5,-,-,-,-,-,-,-,-,-,-,-,-,a,-,-,-,m,-,-,-,-,-,-,-,-,-,-,-,-,-,-,a,-,-,-,-,-,-,-,-,-,-,-,-
vend1245,-,-,-,-,-,-,-,-,-,-,-,-,-,-,-,-,-,-,-,-,-,-,-,5,-,-,-,-,-,-,-,-,-,-,-,-,a,-,-,-,m,-,-,-,-,-,-,-,-,-,-,-,-,-,-,a,-,-,-,-,-,-,-,-,-,-,-,-
luya1241,-,-,-,-,-,-,-,-,-,-,-,-,-,-,-,-,-,-,-,-,-,-,-,n,-,-,-,-,y,-,-,a,-,-,-,-,a,-,-,-,m,-,-,-,-,-,-,-,-,-,a,-,-,-,-,a,-,-,-,-,-,-,-,-,-,-,-,-
nkoy1244,-,-,-,-,-,-,-,-,-,-,-,-,-,-,-,-,-,-,-,-,-,-,-,n,-,-,-,-,y,-,-,-,-,-,-,-,a,-,-,-,m,-,-,-,-,-,-,-,-,-,-,-,-,-,-,a,-,-,-,-,-,-,-,-,-,-,-,-
taab1238,-,-,-,-,-,-,-,-,-,-,-,-,-,-,-,-,-,-,-,-,-,-,-,n,-,-,-,-,-,-,-,-,-,-,-,-,a,-,-,-,m,-,-,-,-,-,-,-,-,-,-,-,-,-,-,a,-,-,-,-,-,-,-,-,-,-,-,-
bemb1257,-,-,i,-,-,-,-,-,-,-,-,i,-,-,-,-,-,-,-,-,-,-,-,n,-,-,-,-,-,-,-,-,-,-,-,-,a,-,-,-,m,-,-,-,-,-,-,-,-,-,-,-,-,-,-,a,-,-,-,-,-,-,-,-,-,-,-,-
lala1264,-,-,i,-,-,-,-,-,-,-,-,i,-,-,-,-,-,-,-,-,-,-,-,n,-,-,-,-,a,-,-,-,-,-,-,-,a,-,-,-,m,-,-,-,-,-,-,-,-,-,a,-,-,-,-,a,-,-,-,-,-,-,-,-,-,-,-,-
lamb1271,-,-,-,-,-,-,-,-,-,-,-,i,-,-,-,-,-,-,-,-,-,-,-,n,-,-,-,-,-,-,-,-,-,-,-,-,a,-,-,-,m,-,-,-,-,-,-,-,-,-,-,-,-,-,-,a,-,-,-,-,-,-,-,-,-,-,-,-
kaon1241,-,-,-,-,-,-,-,-,-,-,-,-,-,-,-,-,-,-,-,-,-,-,-,n,-,-,-,-,y,-,-,-,-,-,-,-,a,-,-,-,m,-,-,-,-,-,-,-,-,-,-,-,-,-,-,a,-,-,-,-,-,-,-,-,-,-,-,-
lenj1248,-,-,-,-,-,-,-,-,-,-,-,-,-,-,-,-,-,-,-,-,-,-,-,5,-,-,-,-,-,-,-,-,-,-,-,-,a,-,-,-,m,-,-,-,-,-,-,-,-,-,-,-,-,-,-,a,-,-,-,-,-,-,-,-,-,-,-,-
soli1239,-,-,-,-,-,-,-,-,-,-,-,-,-,-,-,-,-,-,-,-,-,-,-,5,-,-,-,-,-,-,-,-,-,-,-,-,a,-,-,-,m,-,-,-,-,-,-,-,-,-,-,-,-,-,-,a,-,-,-,-,-,-,-,-,-,-,-,-
tong1318,-,-,-,-,-,-,-,-,-,-,-,-,-,-,-,-,-,-,-,-,-,-,-,5,-,-,-,-,-,-,-,-,-,-,-,-,a,-,-,-,m,-,-,-,-,-,-,-,-,-,-,-,-,-,-,a,-,-,-,-,-,-,-,-,-,-,-,-
luba1250,-,-,-,-,-,-,-,-,-,-,-,-,-,-,-,-,-,-,-,-,-,-,-,-,-,-,-,-,-,-,-,-,-,-,-,-,-,-,-,-,m,-,w,-,-,-,-,-,-,-,i,t,-,-,-,a,-,-,-,-,-,-,-,-,-,-,-,-
hemb1242,-,-,-,-,-,-,-,-,-,-,-,-,-,-,-,-,-,-,-,-,-,-,-,n,-,-,-,-,y,-,-,a,-,-,-,-,a,-,-,-,m,-,-,-,-,-,-,-,-,-,-,-,-,-,-,a,-,-,-,-,-,-,-,-,-,-,-,-
sang1331,-,-,-,-,-,-,-,-,-,-,-,-,-,-,-,-,-,-,-,-,-,-,-,n,-,-,-,-,y,-,-,a,-,-,-,-,a,-,-,-,m,-,-,-,-,-,-,-,-,-,a,-,-,-,-,a,-,-,-,-,-,-,-,-,-,-,-,-
song1303,m,w,i,-,-,-,-,-,-,-,-,i,-,-,-,-,-,-,-,-,-,-,-,t,-,-,-,-,-,-,-,-,-,-,-,-,a,-,-,-,-,-,-,-,-,-,-,-,-,-,-,-,-,-,-,a,-,-,-,-,-,-,-,-,-,-,-,-
luba1249,m,u,u,-,-,-,5,-,-,-,-,i,-,-,-,-,-,-,-,-,-,-,-,5,-,-,-,-,-,-,-,-,-,-,-,-,e,-,-,-,-,-,-,-,-,-,-,-,-,-,-,-,-,-,-,e,-,-,-,-,-,-,-,-,-,-,-,-
enya1247,n,-,i,-,-,-,-,-,-,-,-,i,-,-,-,-,-,-,-,-,-,-,-,n,-,-,-,-,y,-,-,a,-,-,-,-,a,-,-,-,m,-,-,-,-,-,-,-,-,-,a,-,-,-,-,a,-,-,-,-,-,-,-,-,-,-,-,-
song1300,-,-,-,-,-,-,-,-,-,-,-,-,-,-,-,-,-,-,-,-,-,-,-,n,-,-,-,-,y,-,-,a,-,-,-,-,a,-,-,-,m,-,-,-,-,-,-,-,-,-,a,-,-,-,-,a,-,-,-,-,-,-,-,-,-,-,-,-
holo1240,-,-,-,-,-,-,-,-,-,-,-,-,-,-,-,-,-,-,-,-,-,-,-,5,-,-,-,-,-,-,-,a,-,-,-,-,a,-,-,-,m,-,-,-,-,-,-,-,-,-,a,-,-,-,-,a,-,-,-,-,-,-,-,-,-,-,-,-
diri1252,k,-,o,-,-,-,-,-,-,-,-,o,-,-,-,-,-,-,-,-,-,-,-,r,-,-,-,-,-,-,-,a,-,-,-,-,a,-,-,-,m,-,-,-,-,-,-,-,-,-,a,-,-,-,-,a,-,-,-,-,-,-,-,-,-,-,-,-
buku1249,-,-,e,-,-,-,-,-,-,-,-,e,-,-,-,-,-,-,-,-,-,-,-,5,-,-,-,-,-,-,-,a,-,-,-,-,a,-,-,-,m,-,-,-,-,-,-,-,-,-,a,-,-,-,-,a,-,-,-,-,-,-,-,-,-,-,-,-
mitu1240,-,-,-,-,-,-,-,-,-,-,-,-,-,-,-,-,-,-,-,-,-,-,-,5,-,-,-,-,-,-,-,a,-,-,-,-,a,-,-,-,m,-,-,-,-,-,-,-,-,-,a,-,-,-,-,a,-,-,-,-,-,-,-,-,-,-,-,-
lega1249,-,-,-,-,-,-,-,-,-,-,-,-,-,-,-,-,-,-,-,-,-,-,-,5,-,-,-,-,5,-,-,a,-,-,-,-,a,-,-,-,m,-,-,-,-,-,-,-,-,-,a,-,-,-,-,a,-,-,-,-,-,-,-,-,-,-,-,-
nyan1304,-,-,-,-,-,-,-,-,-,-,-,-,-,-,-,-,-,-,-,-,-,-,-,5,-,-,-,-,-,-,-,a,-,-,-,-,a,-,-,-,m,-,-,-,-,-,-,-,-,-,a,-,-,-,-,a,-,-,-,-,-,-,-,-,-,-,-,-
nyan1304,-,-,-,-,-,-,-,-,-,-,-,-,-,-,-,-,-,-,-,-,-,-,-,5,-,-,-,-,-,-,-,a,-,-,-,-,a,-,-,-,m,-,-,-,-,-,-,-,-,-,a,-,-,-,-,a,-,-,-,-,-,-,-,-,-,-,-,-
amba1263,-,-,-,-,-,-,-,-,-,-,-,-,-,-,-,-,-,-,-,-,-,-,-,n,-,-,-,-,y,-,-,-,-,-,-,-,a,-,-,-,m,-,-,-,-,-,-,-,-,-,-,-,-,-,-,a,-,-,-,-,-,-,-,-,-,-,-,-
lozi1239,-,-,-,-,-,-,-,-,-,-,-,-,-,-,-,-,-,-,-,-,-,-,-,n,-,-,-,-,-,-,-,-,-,-,-,-,a,-,-,-,m,-,-,-,-,-,-,-,-,-,-,-,-,-,-,a,-,-,-,-,-,-,-,-,-,-,-,-
kgal1244,-,-,-,-,-,-,-,-,-,-,-,-,-,-,-,-,-,-,-,-,-,-,-,n,-,-,-,-,-,-,-,-,-,-,-,-,a,-,-,-,m,-,-,-,-,-,-,-,-,-,-,-,-,-,-,a,-,-,-,-,-,-,-,-,-,-,-,-
tswa1253,-,-,-,-,-,-,-,-,-,-,-,-,-,-,-,-,-,-,-,-,-,-,-,n,-,-,-,-,-,-,-,a,-,-,-,-,a,-,-,-,m,-,-,-,-,-,-,-,-,-,a,-,-,-,-,a,-,-,-,-,-,-,-,-,-,-,-,-
tswa1255,-,-,-,-,-,-,-,-,-,-,-,-,-,-,-,-,-,-,-,-,-,-,-,5,-,-,-,-,-,-,-,-,-,-,-,-,a,-,-,-,m,-,-,-,-,-,-,-,-,-,-,-,-,-,-,a,-,-,-,-,-,-,-,-,-,-,-,-
tson1249,-,-,-,-,-,-,-,-,-,-,-,-,-,-,-,-,-,-,-,-,-,-,-,5,-,-,-,-,-,-,-,-,-,-,-,-,a,-,-,-,m,-,-,-,-,-,-,-,-,-,-,-,-,-,-,a,-,-,-,-,-,-,-,-,-,-,-,-
xhos1239,-,-,-,-,-,-,-,-,-,-,-,i,-,-,-,-,-,-,-,-,-,-,-,5,-,-,-,-,-,-,-,-,-,-,-,-,a,-,-,-,m,-,-,-,-,-,-,-,-,-,-,-,-,-,-,a,-,-,-,-,-,-,-,-,-,-,-,-
zulu1248,-,-,-,-,-,-,-,-,-,-,-,i,-,-,-,-,-,-,-,-,-,-,-,n,-,-,-,-,-,-,-,y,-,-,-,-,a,-,-,-,m,-,-,-,-,-,-,-,-,-,-,-,-,-,-,a,-,-,-,-,-,-,-,-,-,-,-,-
zulu1248,-,-,-,-,-,-,-,-,-,-,-,i,-,-,-,-,-,-,-,-,-,-,-,5,-,-,-,-,-,-,-,-,-,-,-,-,a,-,-,-,m,-,-,-,-,-,-,-,-,-,-,-,-,-,-,a,-,-,-,-,-,-,-,-,-,-,-,-
makh1261,-,-,-,-,-,-,-,-,-,-,-,i,-,-,-,-,-,-,-,-,-,-,-,n,-,-,-,-,-,-,-,a,-,-,-,-,a,-,-,-,m,-,-,-,-,-,-,-,-,-,-,-,-,-,-,a,-,-,-,-,-,-,-,-,-,-,-,-
makh1264,-,-,-,-,-,-,-,-,-,-,-,i,-,-,-,-,-,-,-,-,-,-,-,n,-,-,-,-,-,-,-,a,-,-,-,-,a,-,-,-,m,-,-,-,-,-,-,-,-,-,-,-,-,-,-,a,-,-,-,-,-,-,-,-,-,-,-,-
buyu1239,-,-,-,-,-,-,-,-,-,-,-,-,-,-,-,-,-,-,-,-,-,-,-,5,-,-,-,-,-,-,-,-,-,-,-,-,a,-,-,-,m,-,-,-,-,-,-,-,-,-,-,-,-,-,-,a,-,-,-,-,-,-,-,-,-,-,-,-
song1299,-,-,-,-,-,-,-,-,-,-,-,-,-,-,-,-,-,-,-,-,-,-,-,-,-,-,-,-,-,-,-,-,-,-,-,-,-,-,-,-,m,-,b,-,-,-,-,-,-,-,i,-,-,-,-,i,-,-,-,-,-,-,s,-,-,-,-,-
song1299,-,-,-,-,-,-,m,m,b,-,-,i,-,-,-,-,-,-,-,-,-,-,-,S,-,-,-,-,-,-,-,-,-,-,-,-,-,-,-,-,m,-,-,-,-,-,-,-,-,-,-,-,-,-,-,a,-,-,-,-,-,t,s,i,-,l,-,-
ding1239,-,-,-,-,-,-,-,-,-,-,-,-,-,-,-,-,-,-,-,-,-,-,-,-,-,-,-,-,-,-,-,-,-,-,-,-,-,-,-,-,m,-,b,i,-,-,-,-,-,i,i,-,-,-,-,i,-,-,-,-,-,-,-,-,-,-,-,-
ding1239,-,-,-,-,-,-,-,-,-,-,-,-,-,-,-,-,-,-,-,-,-,-,-,-,-,-,-,-,-,-,-,-,-,-,-,-,-,-,-,-,m,-,b,-,-,-,-,-,-,-,i,-,-,-,-,i,-,-,-,-,-,-,-,-,-,-,-,-
ding1239,-,-,-,-,-,-,-,-,-,-,-,-,-,-,-,-,-,-,-,-,-,-,-,-,-,-,-,-,-,-,-,-,-,-,-,-,-,-,-,-,n,t,s,-,-,-,-,-,-,-,3,-,-,-,-,3,-,-,-,-,-,-,-,-,-,r,-,-
yans1239,-,-,-,-,-,-,-,-,-,-,-,-,-,-,-,-,-,-,-,-,-,-,-,n,-,-,-,-,y,-,-,-,-,-,-,-,a,-,-,-,m,-,-,-,-,-,-,-,-,-,-,-,-,-,-,-,-,-,-,-,-,-,-,-,-,-,-,-
mpuo1241,-,-,-,-,-,-,-,-,-,-,-,-,-,-,-,-,-,-,-,-,-,-,-,-,-,-,-,-,-,-,-,-,-,-,-,-,-,-,-,-,m,-,b,-,-,-,-,-,-,-,-,-,-,-,-,i,-,-,-,-,-,t,s,-,-,-,-,-
boma1251,-,-,-,-,-,-,-,-,-,-,-,-,-,-,-,-,-,-,-,-,-,-,-,-,-,-,-,-,-,-,-,-,-,-,-,-,-,-,-,-,n,-,s,-,-,-,-,-,-,-,-,-,-,-,-,i,-,-,-,-,-,-,-,-,-,r,-,-
nzad1234,-,-,-,-,-,-,-,-,-,-,-,-,-,-,-,-,-,-,-,-,-,-,-,-,-,-,-,-,-,-,-,-,-,-,-,-,-,-,-,-,n,t,s,-,-,-,-,-,-,-,u,-,-,-,-,u,-,-,-,-,-,-,-,-,-,r,-,-
wuum1239,-,-,-,-,-,-,-,-,-,-,-,-,-,-,-,-,-,-,-,-,-,-,-,-,-,-,-,-,-,-,-,-,-,-,-,-,-,-,-,-,m,-,-,-,-,-,-,-,-,-,-,-,-,-,-,u,-,-,-,-,-,u,s,u,u,n,-,-
ngon1267,-,-,-,-,-,-,-,-,-,-,-,-,-,-,-,-,-,-,-,-,-,-,-,-,-,-,-,-,-,-,-,-,-,-,-,-,-,-,-,-,m,m,b,-,-,-,-,-,-,-,-,-,-,-,-,i,-,-,-,-,-,t,s,-,-,-,-,-
yaka1269,-,-,-,-,-,-,-,-,-,-,-,-,-,-,-,-,-,-,-,-,-,-,-,-,-,-,-,-,-,-,-,-,-,-,-,-,-,-,-,-,m,-,b,i,-,-,-,-,-,-,i,-,s,-,-,i,-,-,-,-,-,-,-,-,-,-,-,-
suku1259,-,-,-,-,-,-,-,-,-,-,-,-,-,-,-,-,-,-,-,-,-,-,-,-,-,-,-,-,-,-,-,-,-,-,-,-,-,-,-,-,m,-,-,-,-,-,-,-,-,-,i,-,S,-,-,i,-,-,-,-,-,-,-,-,-,-,-,-
yomb1244,-,-,-,-,-,-,-,-,-,-,-,-,-,-,-,-,-,-,-,-,-,-,-,-,-,-,-,-,-,-,-,-,-,-,-,-,-,-,-,-,-,-,b,i,-,-,-,-,-,-,i,-,z,-,-,i,-,-,-,-,-,-,-,-,-,-,-,-
yomb1244,-,-,-,-,-,-,-,-,-,-,-,-,-,-,-,-,-,-,-,-,-,-,-,-,-,-,-,-,-,-,-,-,-,-,-,-,-,-,-,-,m,-,b,i,-,-,-,-,-,-,i,-,z,-,-,i,-,-,-,-,-,-,-,-,-,-,-,-
yomb1244,-,-,-,-,-,-,-,-,-,-,-,-,-,-,-,-,-,-,-,-,-,-,-,-,-,-,-,-,-,-,-,-,-,-,-,-,-,-,-,-,n,-,-,-,-,-,-,-,-,-,-,-,s,u,n,i,-,-,-,-,-,-,-,-,-,-,-,-
yomb1244,-,-,-,-,-,-,-,-,-,-,-,-,-,-,-,-,-,-,-,-,-,-,-,-,-,-,-,-,-,-,-,-,-,-,-,-,-,-,-,-,m,-,b,i,-,-,-,-,-,-,i,-,z,-,-,i,-,-,-,-,-,-,-,-,-,-,-,-
koon1244,-,-,-,-,-,-,-,-,-,-,-,-,-,-,-,-,-,-,-,-,-,-,-,-,-,-,-,-,-,-,-,-,-,-,-,-,-,-,-,-,m,-,b,-,-,-,-,-,-,-,i,-,z,-,-,i,-,-,-,-,-,-,-,-,-,-,-,-
koon1244,-,-,-,-,-,-,-,-,-,-,-,-,-,-,-,-,-,-,-,-,-,-,-,-,-,-,-,-,-,-,-,-,-,-,-,-,-,-,-,-,m,-,b,-,-,-,-,-,-,-,i,-,s,-,-,i,-,-,-,-,-,-,-,-,-,-,-,-
koon1244,-,-,-,-,-,-,-,-,-,-,-,-,-,-,-,-,-,-,-,-,-,-,-,-,-,-,-,-,-,-,-,-,-,-,-,-,-,-,-,-,m,-,b,i,-,-,-,-,-,-,i,-,z,-,-,i,-,-,-,-,-,-,-,-,-,-,-,-
koon1244,-,-,-,-,-,-,-,-,-,-,-,-,-,-,-,-,-,-,-,-,-,-,-,-,-,-,-,-,-,-,-,-,-,-,-,-,-,-,-,-,m,-,b,-,-,-,-,-,-,-,i,-,s,-,-,i,-,-,-,-,-,-,-,-,-,-,-,-
east2782,-,-,-,-,-,-,-,-,-,-,-,-,-,-,-,-,-,-,-,-,-,-,-,n,-,-,-,-,s,u,n,-,-,-,-,-,i,-,-,-,m,-,b,-,-,-,-,-,-,-,i,-,s,-,-,i,-,-,-,-,-,-,-,-,-,-,-,-
east2782,-,-,-,-,-,-,-,-,-,-,-,-,-,-,-,-,-,-,-,-,-,-,-,n,-,-,-,-,s,u,n,i,-,-,-,-,a,-,-,-,m,-,b,-,-,-,-,-,-,-,i,-,s,-,-,i,-,-,-,-,-,-,-,-,-,-,-,-
east2782,-,-,-,-,-,-,-,-,-,-,-,-,-,-,-,-,-,-,-,-,-,-,-,-,-,-,-,-,-,-,-,-,-,-,-,-,-,-,-,-,n,-,-,-,-,-,-,-,-,-,-,-,s,u,n,i,-,-,-,-,-,-,-,-,-,-,-,-
east2782,-,-,-,-,-,-,-,-,-,-,-,-,-,-,-,-,-,-,-,-,-,-,-,-,-,-,-,-,-,-,-,-,-,-,-,-,-,-,-,-,m,-,b,-,-,-,-,-,-,-,i,-,s,-,-,i,-,-,-,-,-,-,-,-,-,-,-,-
east2782,-,-,-,-,-,-,-,-,-,-,-,-,-,-,-,-,-,-,-,-,-,-,-,-,-,-,-,-,-,-,-,-,-,-,-,-,-,-,-,-,m,-,b,-,-,-,-,-,-,-,i,-,s,-,-,i,-,-,-,-,-,-,-,-,-,-,-,-
laar1238,-,-,-,-,-,-,-,-,-,-,-,-,-,-,-,-,-,-,-,-,-,-,-,-,-,-,-,-,-,-,-,-,-,-,-,-,-,-,-,-,m,-,b,i,-,-,-,-,-,-,i,-,z,i,-,i,-,-,-,-,-,-,-,-,-,-,-,-
laar1238,-,-,-,-,-,-,-,-,-,-,-,-,-,-,-,-,-,-,-,-,-,-,-,-,-,-,-,-,-,-,-,-,-,-,-,-,-,-,-,-,m,-,b,-,-,-,-,-,-,-,i,-,s,-,-,i,-,-,-,-,-,-,-,-,-,-,-,-
kuny1238,-,-,-,-,-,-,-,-,-,-,-,-,-,-,-,-,-,-,-,-,-,-,-,-,-,-,-,-,-,-,-,-,-,-,-,-,-,-,-,-,m,-,b,-,-,-,-,-,-,-,i,t,s,-,-,i,-,-,-,-,-,-,-,-,-,-,-,-
suun1239,-,-,-,-,-,-,-,-,-,-,-,-,-,-,-,-,-,-,-,-,-,-,-,-,-,-,-,-,-,-,-,-,-,-,-,-,-,-,-,-,m,-,b,i,-,-,-,-,-,-,i,-,s,-,-,i,-,-,-,-,-,-,-,-,-,-,-,-
beem1239,-,-,-,-,-,-,-,-,-,-,-,-,-,-,-,-,-,-,-,-,-,-,-,k,-,-,-,-,-,i,-,-,-,-,-,-,i,-,-,-,b,-,-,-,-,-,-,-,-,-,u,u,l,u,-,u,-,-,-,-,-,-,-,-,-,-,-,-
sans1272,-,-,-,-,-,-,-,-,-,-,-,-,-,-,-,-,-,-,-,-,-,-,-,-,-,-,-,-,-,-,-,-,-,-,-,-,-,-,-,-,m,-,b,-,-,-,-,-,-,-,i,-,z,-,-,a,-,-,-,-,-,n,s,i,-,t,-,u
hung1278,-,-,-,-,-,-,-,-,-,-,-,-,-,-,-,-,-,-,-,-,-,-,-,-,-,-,-,-,-,-,-,-,-,-,-,-,-,-,-,-,m,-,b,i,-,-,-,-,-,-,i,-,s,i,-,i,-,-,-,-,-,-,-,-,-,-,-,-
sira1266,-,-,-,-,-,-,-,-,-,-,-,-,-,-,-,-,-,-,-,-,-,-,-,5,-,-,-,-,-,-,-,-,-,-,-,-,a,-,-,-,m,-,-,-,-,-,-,-,-,-,-,-,-,-,-,3,-,-,-,-,-,-,-,-,-,-,-,-
sang1333,-,-,-,-,-,-,-,-,-,-,-,-,-,-,-,-,-,-,-,-,-,-,-,5,-,-,-,-,-,-,-,-,-,-,-,-,a,-,-,-,m,-,-,-,-,-,-,-,-,-,-,-,-,-,-,3,-,-,-,-,-,-,-,-,-,-,-,-
sang1333,-,-,-,-,-,-,-,-,-,-,-,-,-,-,-,-,-,-,-,-,-,-,-,5,-,-,-,-,-,-,-,-,-,-,-,-,a,-,-,-,m,-,-,-,-,-,-,-,-,-,-,-,-,-,-,3,-,-,-,-,-,-,-,-,-,-,-,-
punu1239,-,-,-,-,-,-,-,-,-,-,-,-,-,-,-,-,-,-,-,-,-,-,-,5,-,-,-,-,-,-,-,-,-,-,-,-,a,-,-,-,m,-,-,-,-,-,-,-,-,-,-,-,-,-,-,3,-,-,-,-,-,-,-,-,-,-,-,-
ngub1239,-,-,-,-,-,-,-,-,-,-,-,-,-,-,-,-,-,-,-,-,-,-,-,x,-,-,-,-,-,-,-,-,-,-,-,-,i,-,-,-,b,-,-,-,-,-,-,-,-,-,u,-,l,-,-,u,-,-,-,-,-,-,-,-,-,-,-,-
lumb1249,-,-,-,-,-,-,-,-,-,-,-,-,-,-,-,-,-,-,-,-,-,-,-,-,-,-,-,-,-,-,-,-,-,-,-,-,-,-,-,-,m,-,b,-,-,-,-,-,-,-,i,t,s,-,-,i,-,-,-,-,-,-,-,-,-,-,-,-
vili1238,-,-,-,-,-,-,-,-,-,-,-,-,-,-,-,-,-,-,-,-,-,-,-,-,-,-,-,-,-,-,-,-,-,-,-,-,-,-,-,-,m,-,b,-,-,-,-,-,-,-,i,t,s,-,-,i,-,-,-,-,-,-,-,-,-,-,-,-
vili1238,-,-,-,-,-,-,t,-,-,-,-,-,-,-,-,-,-,-,-,-,-,-,-,S,-,-,-,-,-,-,-,-,-,-,-,-,i,-,-,-,b,-,-,-,-,-,-,-,-,-,u,-,l,-,-,u,-,-,-,-,-,-,-,-,-,-,-,-
ibal1241,-,-,-,-,-,-,-,-,-,-,-,-,-,-,-,-,-,-,-,-,-,-,-,5,-,-,-,-,-,-,-,-,-,-,-,-,a,-,-,-,m,-,-,-,-,-,-,-,-,-,-,-,-,-,-,a,-,-,-,-,-,-,-,-,-,-,-,-
teke1274,-,-,-,-,-,-,-,-,-,-,-,-,-,-,-,-,-,-,-,-,-,-,-,n,-,-,-,-,y,-,-,-,-,-,-,-,o,-,-,-,-,-,-,-,-,-,-,-,-,-,-,-,-,-,-,o,-,-,-,-,-,-,-,-,-,-,-,-
njeb1242,-,-,-,-,-,-,-,-,-,-,-,-,-,-,-,-,-,-,-,-,-,-,-,5,-,-,-,-,-,-,-,-,-,-,-,-,a,-,-,-,m,-,-,-,-,-,-,-,-,-,-,-,-,-,-,a,-,-,-,-,-,-,-,-,-,-,-,-
tsaa1242,-,-,-,-,-,-,-,-,-,-,-,-,-,-,-,-,-,-,-,-,-,-,-,5,-,-,-,-,-,-,-,-,-,-,-,-,a,-,-,-,m,-,-,-,-,-,-,-,-,-,-,-,-,-,-,a,-,-,-,-,-,-,-,-,-,-,-,-
wand1266,-,-,-,-,-,-,-,-,-,-,-,-,-,-,-,-,-,-,-,-,-,-,-,5,-,-,-,-,-,-,-,-,-,-,-,-,a,-,-,-,m,-,-,-,-,-,-,-,-,-,-,-,-,-,-,a,-,-,-,-,-,-,-,-,-,-,-,-
wand1266,-,-,-,-,-,-,-,-,-,-,-,-,-,-,-,-,-,-,-,-,-,-,-,5,-,-,-,-,-,-,-,-,-,-,-,-,a,-,-,-,m,-,-,-,-,-,-,-,-,-,-,-,-,-,-,a,-,-,-,-,-,-,-,-,-,-,-,-
duma1253,-,-,-,-,-,-,-,-,-,-,-,-,-,-,-,-,-,-,-,-,-,-,-,5,-,-,-,-,-,-,-,-,-,-,-,-,a,-,-,-,m,-,-,-,-,-,-,-,-,-,-,-,-,-,-,a,-,-,-,-,-,-,-,-,-,-,-,-
duma1253,-,-,-,-,-,-,-,-,-,-,-,-,-,-,-,-,-,-,-,-,-,-,-,5,-,-,-,-,-,-,-,-,-,-,-,-,a,-,-,-,m,-,-,-,-,-,-,-,-,-,-,-,-,-,-,a,-,-,-,-,-,-,-,-,-,-,-,-
vili1239,-,-,-,-,-,-,-,-,-,-,-,-,-,-,-,-,-,-,-,-,-,-,-,5,-,-,-,-,-,-,-,-,-,-,-,-,a,-,-,-,m,-,-,-,-,-,-,-,-,-,-,-,-,-,-,a,-,-,-,-,-,-,-,-,-,-,-,-
kani1279,-,-,-,-,-,-,-,-,-,-,-,-,-,-,-,-,-,-,-,-,-,-,-,5,-,-,-,-,-,-,-,-,-,-,-,-,a,-,-,-,m,-,-,-,-,-,-,-,-,-,-,-,-,-,-,a,-,-,-,-,-,-,-,-,-,-,-,-
kani1279,-,-,-,-,-,-,-,-,-,-,-,-,-,-,-,-,-,-,-,-,-,-,-,5,-,-,-,-,-,-,-,-,-,-,-,-,a,-,-,-,m,-,-,-,-,-,-,-,-,-,-,-,-,-,-,a,-,-,-,-,-,-,-,-,-,-,-,-
ndum1239,-,-,-,-,-,-,-,-,-,-,-,-,-,-,-,-,-,-,-,-,-,-,-,5,-,-,-,-,-,-,-,-,-,-,-,-,a,-,-,-,m,-,-,-,-,-,-,-,-,-,-,-,-,-,-,a,-,-,-,-,-,-,-,-,-,-,-,-
tchi1245,-,-,-,-,-,-,-,-,-,-,-,-,-,-,-,-,-,-,-,-,-,-,-,5,-,-,-,-,-,-,-,-,-,-,-,-,a,-,-,-,m,-,-,-,-,-,-,-,-,-,-,-,-,-,-,a,-,-,-,-,-,-,-,-,-,-,-,-
mber1257,-,-,-,-,-,-,-,-,-,-,-,-,-,-,-,-,-,-,-,-,-,-,-,5,-,-,-,-,-,-,-,-,-,-,-,-,a,-,-,-,m,-,-,-,-,-,-,-,-,-,-,-,-,-,-,a,-,-,-,-,-,-,-,-,-,-,-,-
mber1257,-,-,-,-,-,-,-,-,-,-,-,-,-,-,-,-,-,-,-,-,-,-,-,5,-,-,-,-,-,-,-,-,-,-,-,-,a,-,-,-,m,-,-,-,-,-,-,-,-,-,-,-,-,-,-,a,-,-,-,-,-,-,-,-,-,-,-,-
teke1275,-,-,-,-,-,-,-,-,-,-,-,-,-,-,-,-,-,-,-,-,-,-,-,5,-,-,-,-,-,-,-,-,-,-,-,-,a,-,-,-,m,-,-,-,-,-,-,-,-,-,-,-,-,-,-,a,-,-,-,-,-,-,-,-,-,-,-,-
teke1275,-,-,-,-,-,-,-,-,-,-,-,-,-,-,-,-,-,-,-,-,-,-,-,5,-,-,-,-,-,-,-,-,-,-,-,-,a,-,-,-,m,-,-,-,-,-,-,-,-,-,-,-,-,-,-,a,-,-,-,-,-,-,-,-,-,-,-,-
teke1275,-,-,-,-,-,-,-,-,-,-,-,-,-,-,-,-,-,-,-,-,-,-,-,5,-,-,-,-,-,-,-,-,-,-,-,-,a,-,-,-,m,-,-,-,-,-,-,-,-,-,-,-,-,-,-,a,-,-,-,-,-,-,-,-,-,-,-,-
tien1242,-,-,-,-,-,-,-,-,-,-,-,-,-,-,-,-,-,-,-,-,-,-,-,-,-,-,-,-,-,-,-,-,-,-,-,-,-,-,-,-,m,-,-,-,-,-,-,-,-,-,u,u,k,a,-,a,-,-,-,-,-,-,-,-,-,-,-,-
chok1245,-,-,-,-,-,-,-,-,-,-,-,-,-,-,-,-,-,-,-,-,-,-,-,y,-,-,-,-,-,-,-,-,-,-,-,-,i,-,-,-,f,-,-,-,-,-,-,-,-,-,w,-,-,-,-,o,-,-,-,-,-,-,-,-,-,-,-,-
holu1245,-,-,-,-,-,-,-,-,-,-,-,-,-,-,-,-,-,-,-,-,-,-,-,s,-,-,i,-,i,-,-,-,-,-,-,-,i,-,-,-,t,-,-,-,-,-,-,-,-,-,-,-,-,-,-,u,-,-,-,-,-,-,-,-,-,-,-,-
luva1239,-,-,-,-,-,-,-,-,-,-,-,-,-,-,-,-,-,-,-,-,-,-,-,n,-,-,-,-,y,-,-,-,-,-,-,-,a,-,-,-,m,-,-,-,-,-,-,-,-,-,-,-,-,-,-,a,-,-,-,-,-,-,-,-,-,-,-,-
mbun1249,-,-,-,-,-,-,-,-,-,-,-,-,-,-,-,-,-,-,-,-,-,-,-,s,-,-,-,-,-,-,-,-,-,-,-,-,i,-,-,-,t,-,-,-,-,-,-,-,-,-,u,-,-,-,-,u,-,-,-,-,-,-,-,-,-,-,-,-
kuan1247,-,-,-,-,-,-,-,-,-,-,-,-,-,-,-,-,-,-,-,-,-,-,-,-,-,-,-,-,-,-,-,-,-,-,-,-,o,-,-,-,m,-,b,-,-,-,-,-,-,-,e,-,l,e,l,a,-,-,-,-,-,-,-,-,-,-,-,-
ndon1254,-,-,-,-,-,-,-,-,-,-,-,o,-,-,-,-,-,-,-,-,-,-,-,n,-,-,-,-,y,-,-,-,-,-,-,-,a,-,-,-,m,-,-,-,-,-,-,-,-,-,-,-,-,-,-,a,-,-,-,-,-,-,-,-,-,-,-,-
kwan1273,-,-,-,-,-,-,-,-,-,-,-,-,-,-,-,-,-,-,-,-,-,-,-,n,-,-,-,-,y,-,-,-,-,-,-,-,a,-,-,-,m,-,-,-,-,-,-,-,-,-,-,-,-,-,-,a,-,-,-,-,-,-,-,-,-,-,-,-
here1253,-,-,-,-,-,-,-,-,-,-,-,o,-,-,-,-,-,-,-,-,-,-,-,n,-,-,-,-,y,-,-,-,-,-,-,-,a,-,-,-,m,-,-,-,-,-,-,-,-,-,-,-,-,-,-,a,-,-,-,-,-,-,-,-,-,-,-,-
kimb1241,-,-,-,-,-,-,-,-,-,-,-,-,-,-,-,-,-,-,-,-,-,-,-,n,-,-,-,-,h,-,-,-,-,-,-,-,a,-,-,-,m,-,-,-,-,-,-,-,-,-,-,-,-,-,-,a,-,-,-,-,-,-,-,-,-,-,-,-
phen1239,-,-,-,-,-,-,-,-,-,-,-,-,-,-,-,-,-,-,-,-,-,-,-,s,-,-,-,-,-,-,-,-,-,-,-,-,a,-,-,-,b,-,-,-,-,-,-,-,-,-,a,-,-,-,-,a,-,-,-,-,-,-,-,-,-,-,-,-
kwes1244,-,-,-,-,-,-,-,-,-,-,-,i,i,d,-,o,-,o,-,-,-,-,-,n,-,-,-,-,d,-,-,-,-,-,-,-,o,-,-,-,-,-,-,-,-,-,-,-,-,-,-,-,-,-,-,o,-,-,-,-,-,-,-,-,-,-,-,-
sond1250,-,-,-,-,-,-,-,-,-,-,-,-,-,-,-,-,-,-,-,-,-,-,-,-,-,-,-,-,-,-,-,-,-,-,-,-,-,-,-,-,m,-,b,-,-,-,-,-,-,-,i,-,S,-,-,i,-,-,-,-,-,-,-,-,-,-,-,-
mbal1257,-,-,-,-,-,-,-,-,-,-,-,-,-,-,-,-,-,-,-,-,-,-,-,-,-,-,-,-,-,-,-,-,-,-,-,-,-,-,-,-,m,-,-,-,-,-,-,-,-,-,u,-,s,u,n,i,-,-,-,-,-,-,-,-,-,-,-,-
lwal1238,-,-,-,-,-,-,-,-,-,-,-,-,-,-,-,-,-,-,-,-,-,-,-,b,-,-,-,-,-,-,-,-,-,-,-,-,i,i,s,u,m,-,p,-,-,-,-,-,-,h,a,-,-,-,-,a,-,-,-,-,-,-,-,-,-,-,-,-
umbu1257,-,-,-,-,-,-,-,-,-,-,-,-,-,-,-,-,-,-,-,-,-,-,-,-,-,-,-,-,-,-,-,-,-,-,-,-,o,-,-,-,-,-,-,-,-,-,-,-,-,-,-,-,-,-,-,o,-,-,-,-,-,-,s,i,i,t,u,u
lund1266,-,-,-,-,-,-,-,-,-,-,-,-,-,-,-,-,-,-,-,-,-,-,-,-,-,-,-,-,-,-,-,-,-,-,-,-,-,-,-,-,m,-,b,-,-,-,-,-,-,-,i,-,z,h,-,i,-,-,-,-,-,-,-,-,-,-,-,-
sala1268,-,-,-,-,-,-,-,-,-,-,-,-,-,-,-,-,-,-,-,-,-,-,-,-,-,-,-,-,-,-,-,-,-,-,-,-,-,-,-,-,-,-,v,-,-,-,-,-,-,-,-,-,-,-,-,o,-,-,-,-,-,n,-,-,-,g,-,-
kany1247,-,-,-,-,-,-,-,-,-,-,-,-,-,-,-,-,-,-,-,-,-,-,-,n,-,-,-,-,y,-,-,-,-,-,-,-,a,-,-,-,m,-,-,-,-,-,-,-,-,-,-,-,-,-,-,-,-,-,-,-,-,-,-,-,-,-,-,-
zamb1245,-,-,-,-,-,-,-,-,-,-,-,-,-,-,-,-,-,-,-,-,-,-,-,-,-,-,-,-,-,-,-,-,-,-,-,-,-,-,-,-,m,-,-,u,u,n,s,u,u,n,i,-,-,-,-,i,-,-,-,-,-,-,-,-,-,-,-,-
mpam1239,-,-,-,-,-,-,-,-,-,-,-,-,-,-,-,-,-,-,-,-,-,-,-,-,-,-,-,-,-,-,-,-,-,-,-,-,-,-,-,-,m,-,-,o,-,-,s,-,u,n,i,-,-,-,-,i,-,-,-,-,-,-,-,-,-,-,-,-
maba1270,-,-,-,-,-,-,b,-,-,-,-,a,-,-,-,-,-,-,-,-,-,-,-,n,-,-,-,-,y,-,-,-,-,-,-,-,a,-,-,-,m,-,-,-,-,-,-,-,-,-,-,-,-,-,-,a,-,-,-,-,-,-,-,-,-,-,-,-
ling1263,-,-,-,-,-,-,-,-,-,-,-,-,-,-,-,-,-,-,-,-,-,-,-,n,-,-,-,-,y,-,-,-,-,-,-,-,a,-,-,-,m,-,-,-,-,-,-,-,-,-,-,-,-,-,-,a,-,-,-,-,-,-,-,-,-,-,-,-
bang1354,-,-,-,-,-,-,-,-,-,-,-,u,-,-,-,-,-,-,-,-,-,-,-,-,-,-,-,-,-,-,-,-,-,-,-,-,u,-,-,-,b,-,w,u,-,-,-,-,u,l,u,-,-,-,-,u,-,-,-,-,-,-,-,-,-,-,-,-
mong1338,-,-,-,-,-,-,-,-,-,-,-,-,-,-,-,-,-,-,-,-,-,-,-,5,-,-,a,-,-,-,-,-,-,-,-,-,a,-,-,-,m,-,-,-,-,-,-,-,-,-,a,-,-,-,-,a,-,-,-,-,-,-,-,-,-,-,-,-
mong1338,b,-,o,n,s,u,n,-,i,b,o,o,-,n,y,a,m,a,b,e,n,s,u,n,i,n,e,n,y,-,-,-,-,-,-,-,a,-,-,-,m,-,-,-,-,-,-,-,-,-,-,-,-,-,-,a,-,-,-,-,-,-,-,-,-,-,-,-
mbos1242,-,-,-,-,-,-,-,-,-,-,-,-,-,-,-,-,-,-,-,-,-,-,-,5,-,-,-,-,-,-,-,-,-,-,-,-,a,-,-,-,m,-,-,-,-,-,-,-,-,-,-,-,-,-,-,a,-,-,-,-,-,-,-,-,-,-,-,-
mbos1242,-,-,-,-,-,-,-,-,-,-,-,-,-,-,-,-,-,-,-,-,-,-,-,5,-,-,-,-,-,-,-,-,-,-,-,-,a,-,-,-,m,-,-,-,-,-,-,-,-,-,-,-,-,-,-,a,-,-,-,-,-,-,-,-,-,-,-,-
mbos1242,-,-,-,-,-,-,-,-,-,-,-,-,-,-,-,-,-,-,-,-,-,-,-,5,-,-,-,-,-,-,-,-,-,-,-,-,a,-,-,-,m,-,-,-,-,-,-,-,-,-,-,-,-,-,-,a,-,-,-,-,-,-,-,-,-,-,-,-
mbos1242,-,-,-,-,-,-,-,-,-,-,-,-,-,-,-,-,-,-,-,-,-,-,-,5,-,-,-,-,-,-,-,-,-,-,-,-,a,-,-,-,m,-,-,-,-,-,-,-,-,-,-,-,-,-,-,a,-,-,-,-,-,-,-,-,-,-,-,-
mbos1242,-,-,-,-,-,-,-,-,-,-,-,-,-,-,-,-,-,-,-,-,-,-,-,5,-,-,-,-,-,-,-,-,-,-,-,-,a,-,-,-,m,-,-,-,-,-,-,-,-,-,-,-,-,-,-,a,-,-,-,-,-,-,-,-,-,-,-,-
koyo1242,-,-,-,-,-,-,-,-,-,-,-,-,-,-,-,-,-,-,-,-,-,-,-,5,-,-,-,-,-,-,-,-,-,-,-,-,a,-,-,-,m,-,-,-,-,-,-,-,-,-,-,-,-,-,-,a,-,-,-,-,-,-,-,-,-,-,-,-
koyo1242,-,-,-,-,-,-,-,-,-,-,-,-,-,-,-,-,-,-,-,-,-,-,-,5,-,-,a,-,-,-,-,-,-,-,-,-,a,-,-,-,m,-,-,-,-,-,-,-,-,-,a,-,-,-,-,a,-,-,-,-,-,-,-,-,-,-,-,-
mbok1243,-,-,-,-,-,-,-,-,-,-,-,-,-,-,-,-,-,-,-,-,-,-,-,5,-,-,-,-,-,-,-,-,-,-,-,-,a,-,-,-,m,-,-,-,-,-,-,-,-,-,-,-,-,-,-,a,-,-,-,-,-,-,-,-,-,-,-,-
akwa1248,-,-,-,-,-,-,-,-,-,-,-,-,-,-,-,-,-,-,-,-,-,-,-,5,-,-,-,-,-,-,-,-,-,-,-,-,a,-,-,-,m,-,-,-,-,-,-,-,-,-,-,-,-,-,-,a,-,-,-,-,-,-,-,-,-,-,-,-
dibo1245,-,-,-,-,-,-,-,-,-,-,-,-,-,-,-,-,-,-,-,-,-,-,-,n,-,-,-,-,y,-,-,-,-,-,-,-,a,-,-,-,m,-,-,-,-,-,-,-,-,-,-,-,-,-,-,a,-,-,-,-,-,-,-,-,-,-,-,-
dibo1245,-,-,-,-,-,-,-,-,-,-,-,-,-,-,-,-,-,-,-,-,-,-,-,n,-,-,-,-,y,-,-,-,-,-,-,-,a,-,-,-,m,-,-,-,-,-,-,-,-,-,-,-,-,-,-,a,-,-,-,-,-,-,-,-,-,-,-,-
bomi1238,-,-,-,-,-,-,-,-,-,-,-,-,-,-,-,-,-,-,-,-,-,-,-,n,-,-,-,-,y,-,-,-,-,-,-,-,a,-,-,-,m,-,-,-,-,-,-,-,-,-,-,-,-,-,-,a,-,-,-,-,-,-,-,-,-,-,-,-
bong1284,-,-,-,-,-,-,-,-,-,-,-,-,-,-,-,-,-,-,-,-,-,-,-,5,-,-,-,-,-,-,-,-,-,-,-,-,a,-,-,-,m,-,-,-,-,-,-,-,-,-,-,-,-,-,-,a,-,-,-,-,-,-,-,-,-,-,-,-
yaka1272,-,-,-,-,-,-,-,-,-,-,-,-,-,-,-,-,-,-,-,-,-,-,-,5,-,-,a,-,-,-,-,-,-,-,-,-,a,-,-,-,m,-,-,-,-,-,-,-,-,-,a,-,-,-,-,a,-,-,-,-,-,-,-,-,-,-,-,-
ngom1268,-,-,-,-,-,-,-,-,-,-,-,-,-,-,-,-,-,-,-,-,-,-,-,t,-,-,-,-,-,-,-,-,-,-,-,-,i,-,-,-,t,-,-,-,-,-,-,-,-,-,-,-,-,-,-,o,-,-,-,-,-,-,-,-,-,-,-,-
bamw1238,-,-,-,-,-,-,-,-,-,-,-,-,-,-,-,-,-,-,-,-,-,-,-,-,-,-,-,-,-,-,-,-,-,-,-,-,-,-,-,-,m,-,-,-,-,-,-,-,-,-,-,-,-,-,-,o,r,o,-,-,-,t,-,i,-,-,-,-
bamw1238,-,-,-,-,-,-,-,-,-,-,-,-,-,-,-,-,-,-,-,-,-,-,-,-,-,-,-,-,-,-,-,-,-,-,-,-,-,-,-,-,m,-,-,-,-,-,-,-,-,-,-,-,-,-,-,o,h,o,-,-,-,t,-,i,-,-,-,-
bamw1238,-,-,-,-,-,-,-,-,-,-,-,-,-,-,-,-,-,-,-,-,-,-,-,-,-,-,-,-,-,-,-,-,-,-,-,-,-,-,-,-,m,-,-,-,-,-,-,-,-,-,-,-,-,-,-,o,-,o,-,-,-,t,-,i,-,-,-,-
ndol1238,-,-,-,-,-,-,-,-,-,-,-,-,-,-,-,-,-,-,-,-,-,-,-,-,-,-,-,-,-,-,-,-,-,-,-,-,-,-,-,-,m,-,-,-,-,-,-,-,-,-,-,-,-,-,-,u,-,u,-,-,-,n,-,i,-,-,-,-
bolo1263,-,-,-,-,-,-,-,-,-,-,-,-,-,-,-,-,-,-,-,-,-,-,-,-,-,-,-,-,-,-,-,-,-,-,-,-,-,-,-,-,m,-,-,-,-,-,-,-,-,-,-,-,-,-,-,o,-,o,m,u,u,n,-,u,-,-,-,-
budz1238,-,-,-,-,-,-,-,-,-,-,-,-,-,-,-,-,-,-,-,-,-,-,-,-,-,-,-,-,-,-,-,-,-,-,-,-,-,-,-,-,m,-,-,-,-,-,-,-,-,-,-,-,-,-,-,o,-,-,-,-,-,n,-,i,-,-,-,-
bwel1238,-,-,-,-,-,-,-,-,-,-,-,-,-,-,-,-,-,-,-,-,-,-,-,-,-,-,-,-,-,-,-,-,-,-,-,-,o,-,-,-,m,-,-,-,-,-,-,-,-,-,-,-,-,-,-,u,-,u,-,-,-,n,-,u,-,-,-,-
sode1235,-,-,-,-,-,-,-,-,-,-,-,-,-,-,-,-,-,-,-,-,-,-,-,n,-,-,-,-,-,-,-,-,-,-,-,-,a,-,-,-,m,-,-,-,-,-,-,-,-,-,-,-,-,-,-,a,-,-,-,-,-,-,-,-,-,-,-,-
sode1235,-,-,-,-,-,-,-,-,-,-,-,-,-,-,-,-,-,-,-,-,-,-,-,n,-,-,-,-,y,-,-,-,-,-,-,-,a,-,-,-,m,-,-,-,-,-,-,-,-,-,-,-,-,-,-,a,-,-,-,-,-,-,-,-,-,-,-,-
kele1255,-,-,-,-,-,-,-,-,-,-,-,-,-,-,-,-,-,-,-,-,-,-,-,n,-,-,-,-,y,-,-,-,-,-,-,-,a,-,-,-,m,-,-,-,-,-,-,-,-,-,-,-,-,-,-,a,-,-,-,-,-,-,-,-,-,-,-,-
mbol1247,-,-,-,-,-,-,-,-,-,-,-,o,-,-,-,-,-,-,-,-,-,-,-,n,-,-,-,-,-,-,-,-,-,-,-,-,i,-,-,-,-,-,-,-,-,-,-,-,-,-,-,-,-,-,-,o,-,-,-,-,-,-,-,-,-,-,-,-
lomb1260,-,-,-,-,-,-,-,-,-,-,-,-,-,-,-,-,-,-,-,-,-,-,-,n,-,-,-,-,-,-,-,-,-,-,-,-,a,-,-,-,m,-,-,-,-,-,-,-,-,-,-,-,-,-,-,a,-,-,-,-,-,-,-,-,-,-,-,-
tete1250,-,-,-,-,-,-,-,-,o,-,-,o,-,-,-,-,-,-,-,-,-,-,-,n,-,-,-,-,-,-,-,-,-,-,-,-,a,-,-,-,-,-,-,-,-,-,-,-,-,-,-,-,-,-,-,a,-,-,-,-,-,T,i,i,-,-,-,-
ombo1238,-,-,-,-,-,-,-,-,-,-,-,-,-,-,-,-,-,-,-,-,-,-,-,5,-,-,-,-,-,-,-,-,-,-,-,-,a,-,-,-,m,-,-,-,-,-,-,-,-,-,-,-,-,-,-,a,-,-,-,-,-,-,-,-,-,-,-,-
deng1250,-,-,-,-,-,-,f,-,u,-,-,u,-,-,-,-,-,-,-,-,-,-,-,5,-,-,-,-,-,-,-,-,-,-,-,-,i,-,-,-,-,-,-,-,-,-,-,-,-,-,-,-,-,-,-,i,-,-,-,-,-,-,-,-,-,-,-,-
bush1247,-,-,-,-,-,-,-,-,-,-,-,-,-,-,-,-,-,-,-,-,-,-,-,5,-,-,-,-,-,-,-,-,-,-,-,-,a,-,-,-,m,-,-,-,-,-,-,-,-,-,-,-,-,-,-,-,-,-,-,-,-,-,-,-,-,-,-,-
wong1247,-,-,-,-,-,-,s,-,u,-,-,u,-,-,-,-,-,-,-,-,-,-,-,t,-,-,-,-,-,-,-,-,-,-,-,-,u,-,-,-,-,-,-,-,-,-,-,-,-,-,-,-,-,-,-,-,-,-,-,-,-,-,-,-,-,-,-,-
ngul1247,-,-,-,-,-,-,-,-,-,-,-,-,-,-,-,-,-,-,-,-,-,-,-,n,-,-,-,-,y,-,-,a,-,-,-,-,a,-,-,-,m,-,-,-,-,-,-,-,-,-,-,-,-,-,-,-,-,-,-,-,-,-,-,-,-,-,-,-
saka1287,-,-,-,-,-,-,-,-,-,-,-,-,-,-,-,-,-,-,-,-,-,-,-,n,-,-,-,-,-,-,-,-,-,-,-,-,-,-,-,-,t,-,-,-,-,-,-,-,-,-,-,-,-,-,-,u,-,-,-,-,-,r,-,-,-,-,-,-
bata1285,-,-,-,-,-,-,-,-,-,-,-,-,-,-,-,-,-,-,-,-,-,-,-,t,-,-,-,-,-,-,-,-,-,-,-,-,i,-,-,-,t,-,-,-,-,-,-,-,-,-,-,-,-,-,-,o,-,-,-,-,-,-,-,-,-,-,-,-
beng1282,-,-,-,-,-,-,-,-,-,-,-,-,-,-,-,-,-,-,-,-,-,-,-,t,-,-,-,-,-,-,-,-,-,-,-,-,i,-,-,-,t,-,-,-,-,-,-,-,-,-,-,-,-,-,-,o,-,-,-,-,-,-,-,-,-,-,-,-
yasa1242,-,-,-,-,-,-,-,-,-,-,-,-,-,-,-,-,-,-,-,-,-,-,-,5,-,-,-,-,-,-,-,a,-,-,-,-,a,-,-,-,m,-,-,-,-,-,-,-,-,-,a,-,-,-,-,a,-,-,-,-,-,-,-,-,-,-,-,-
dual1243,-,-,-,-,-,-,-,-,-,-,-,n,-,-,-,-,-,-,-,-,-,-,-,n,-,-,-,-,-,-,-,-,-,-,-,-,a,-,-,-,m,-,-,-,-,-,-,-,-,-,-,-,-,-,-,a,-,-,-,-,-,-,-,-,-,-,-,-
mali1280,-,-,-,-,-,-,-,-,-,-,-,-,-,-,-,-,-,-,-,-,-,-,-,5,-,-,-,-,-,-,-,a,-,-,-,-,a,-,-,-,m,-,-,-,-,-,-,-,-,-,a,-,-,-,-,a,-,-,-,-,-,-,-,-,-,-,-,-
orok1266,-,-,-,-,-,-,-,-,-,-,-,-,-,-,-,-,-,-,-,-,-,-,-,5,-,-,-,-,-,-,-,a,-,-,-,-,a,-,-,-,m,-,-,-,-,-,-,-,-,-,a,-,-,-,-,a,-,-,-,-,-,-,-,-,-,-,-,-
orok1266,-,-,-,-,-,-,-,-,-,-,-,-,-,-,-,-,-,-,-,-,-,-,-,5,-,-,-,-,-,-,-,-,-,-,-,-,a,-,-,-,m,-,-,-,-,-,-,-,-,-,-,-,-,-,-,a,-,-,-,-,-,-,-,-,-,-,-,-
orok1266,-,-,-,-,-,-,-,-,-,-,-,-,-,-,-,-,-,-,-,-,-,-,-,n,-,-,-,-,y,-,-,a,-,-,-,-,a,-,-,-,m,-,-,-,-,-,-,-,-,-,a,-,-,-,-,a,-,-,-,-,-,-,-,-,-,-,-,-
mokp1239,-,-,-,-,-,-,-,-,-,-,-,-,-,-,-,-,-,-,-,-,-,-,-,n,-,-,-,-,y,-,-,a,-,-,-,-,a,-,-,-,m,-,-,-,-,-,-,-,-,-,a,-,-,-,-,a,-,-,-,-,-,-,-,-,-,-,-,-
ndas1238,-,-,-,-,-,-,-,-,-,-,-,-,-,-,-,-,-,-,-,-,-,-,-,5,-,-,-,-,-,-,-,-,-,-,-,-,a,-,-,-,m,-,-,-,-,-,-,-,-,-,-,-,-,-,-,a,-,-,-,-,-,-,-,-,-,-,-,-
wumb1242,-,-,-,-,-,-,-,-,-,-,-,-,-,-,-,-,-,-,-,-,-,-,-,5,-,-,-,-,-,-,-,-,-,-,-,-,a,-,-,-,m,-,-,-,-,-,-,-,-,-,-,-,-,-,-,a,-,-,-,-,-,-,-,-,-,-,-,-
sigh1238,-,-,-,-,-,-,-,-,-,-,-,-,-,-,-,-,-,-,-,-,-,-,-,5,-,-,-,-,-,-,-,a,-,-,-,-,a,-,-,-,m,-,-,-,-,-,-,-,-,-,a,-,-,-,-,a,-,-,-,-,-,-,-,-,-,-,-,-
osam1235,-,-,-,-,-,-,-,-,-,-,-,-,-,-,-,-,-,-,-,-,-,-,-,5,-,-,-,-,-,-,-,-,-,-,-,-,a,-,-,-,m,-,-,-,-,-,-,-,-,-,-,-,-,-,-,a,-,-,-,-,-,-,-,-,-,-,-,-
maho1248,-,-,-,-,-,-,-,-,-,-,-,t,-,-,-,-,-,-,-,-,-,-,-,S,-,-,-,-,-,-,-,-,-,-,-,-,i,-,-,-,t,-,-,-,-,-,-,-,-,-,-,-,-,-,-,u,-,-,-,-,-,-,-,-,-,-,-,-
kota1274,-,-,-,-,-,-,-,-,-,-,-,-,-,-,-,-,-,-,-,-,-,-,-,s,-,-,-,-,-,-,-,-,-,-,-,-,i,-,-,-,t,-,-,-,-,-,-,-,-,-,-,-,-,-,-,o,-,-,-,-,-,-,-,-,-,-,-,-
mwes1234,-,-,-,-,-,-,-,-,-,-,-,-,-,-,-,-,-,-,-,-,-,-,-,t,-,-,-,-,-,-,-,-,-,-,-,-,i,-,-,-,t,-,-,-,-,-,-,-,-,-,-,-,-,-,-,u,-,-,-,-,-,-,-,-,-,-,-,-
mban1268,-,-,-,-,-,-,-,-,-,-,-,-,-,-,-,-,-,-,-,-,-,-,-,t,-,-,-,-,s,-,-,-,-,-,-,-,i,-,-,-,t,-,-,-,-,-,-,-,-,-,-,-,s,-,-,i,-,-,-,-,-,-,-,-,-,-,-,-
kele1257,-,-,-,-,-,-,-,-,-,-,-,-,-,-,-,-,-,-,-,-,-,-,-,t,-,-,-,-,S,-,-,-,-,-,-,-,i,-,-,-,t,-,-,-,-,-,-,-,-,-,-,-,S,-,-,i,-,-,-,-,-,-,-,-,-,-,-,-
ngom1270,-,-,-,-,-,-,-,-,-,-,-,-,-,-,-,-,-,-,-,-,-,-,-,t,-,-,-,-,-,-,-,-,-,-,-,-,u,-,-,-,t,-,-,-,-,-,-,-,-,-,-,-,-,-,-,u,-,-,-,-,-,-,-,-,-,-,-,-
ngom1270,-,-,-,-,-,-,-,-,-,-,-,-,-,-,-,-,-,-,-,-,-,-,-,t,-,-,-,-,-,-,-,-,-,-,-,-,u,-,-,-,t,-,-,-,-,-,-,-,-,-,-,-,-,-,-,u,-,-,-,-,-,-,-,-,-,-,-,-
ndam1254,-,-,-,-,-,-,-,-,-,-,-,-,-,-,-,-,-,-,-,-,-,-,-,l,-,-,-,-,-,-,-,-,-,-,-,-,i,-,-,-,p,-,-,-,-,-,-,-,-,-,u,-,p,-,-,u,-,-,-,-,-,-,-,-,-,-,-,-
ndam1254,-,-,-,-,-,-,-,-,-,-,-,-,-,-,-,-,-,-,-,-,-,-,-,t,-,-,-,-,S,-,-,-,-,-,-,-,i,-,-,-,t,-,-,-,-,-,-,-,-,-,-,-,S,-,-,i,-,-,-,-,-,-,-,-,-,-,-,-
ndam1254,-,-,-,-,-,-,-,-,-,-,-,-,-,-,-,-,-,-,-,-,-,-,-,t,-,-,-,-,S,-,-,i,-,-,-,-,i,-,-,-,t,-,-,-,-,-,-,-,-,-,-,-,S,-,-,i,-,-,-,-,-,-,-,-,-,-,-,-
sake1247,-,-,-,-,-,-,-,-,-,-,-,-,-,-,-,-,-,-,-,-,-,-,-,t,-,-,-,-,S,-,-,-,-,-,-,-,i,-,-,-,t,-,-,-,-,-,-,-,-,-,-,-,S,-,-,i,-,-,-,-,-,-,-,-,-,-,-,-
eviy1235,-,-,-,-,-,-,-,-,-,-,-,-,-,-,-,-,-,-,-,-,-,-,-,x,-,-,-,-,-,-,-,-,-,-,-,-,e,-,-,-,b,-,-,-,-,-,-,-,-,-,-,-,-,-,-,o,-,-,-,-,-,-,-,-,-,-,-,-
bubi1250,-,-,-,-,-,-,-,-,-,-,-,-,-,-,-,-,-,-,-,-,-,-,-,5,-,-,-,-,-,-,-,-,-,-,-,-,a,-,-,-,m,-,-,-,-,-,-,-,-,-,-,-,-,-,-,a,-,-,-,-,-,-,-,-,-,-,-,-
tsog1243,-,-,-,-,-,-,-,-,-,-,-,-,-,-,-,-,-,-,-,-,-,-,-,5,-,-,-,-,-,-,-,-,-,-,-,-,a,-,-,-,m,-,-,-,-,-,-,-,-,-,-,-,-,-,-,a,-,-,-,-,-,-,-,-,-,-,-,-
simb1254,-,-,-,-,-,-,-,-,-,-,-,e,-,-,-,-,-,-,-,-,-,-,-,5,-,-,-,-,-,-,-,-,-,-,-,-,a,-,-,-,m,-,-,-,-,-,-,-,-,-,-,-,-,-,-,a,-,-,-,-,-,-,-,-,-,-,-,-
pinj1243,-,-,-,-,-,-,-,-,-,-,-,e,-,-,-,-,-,-,-,-,-,-,-,5,-,-,-,-,-,-,-,-,-,-,-,-,a,-,-,-,m,-,-,-,-,-,-,-,-,-,-,-,-,-,-,a,-,-,-,-,-,-,-,-,-,-,-,-
kand1300,-,-,-,-,-,-,-,-,-,-,-,e,-,-,-,-,-,-,-,-,-,-,-,5,-,-,-,-,-,-,-,-,-,-,-,-,a,-,-,-,m,-,-,-,-,-,-,-,-,-,-,-,-,-,-,a,-,-,-,-,-,-,-,-,-,-,-,-
myen1241,-,-,-,-,-,-,-,-,-,-,-,-,-,-,-,-,-,-,-,-,-,-,-,5,-,-,-,-,-,-,-,a,-,-,-,-,a,-,-,-,m,-,-,-,-,-,-,-,-,-,a,-,-,-,-,a,-,-,-,-,-,-,-,-,-,-,-,-
myen1241,-,-,-,-,-,-,-,-,-,-,-,-,-,-,-,-,-,-,-,-,-,-,-,5,-,-,-,-,-,-,-,-,-,-,-,-,a,-,-,-,m,-,-,-,-,-,-,-,-,-,-,-,-,-,-,a,-,-,-,-,-,-,-,-,-,-,-,-
myen1241,-,-,-,-,-,-,-,-,-,-,-,-,-,-,-,-,-,-,-,-,-,-,-,5,-,-,-,-,-,-,-,-,-,-,-,-,a,-,-,-,m,-,-,-,-,-,-,-,-,-,-,-,-,-,-,a,-,-,-,-,-,-,-,-,-,-,-,-
myen1241,-,-,-,-,-,-,-,-,-,-,-,-,-,-,-,-,-,-,-,-,-,-,-,5,-,-,-,-,-,-,-,-,-,-,-,-,a,-,-,-,w,-,-,-,-,-,-,-,-,-,-,-,-,-,-,a,-,-,-,-,-,-,-,-,-,-,-,-
myen1241,-,-,-,-,-,-,-,-,-,-,-,-,-,-,-,-,-,-,-,-,-,-,-,5,-,-,-,-,-,-,-,-,-,-,-,-,a,-,-,-,m,-,-,-,-,-,-,-,-,-,-,-,-,-,-,a,-,-,-,-,-,-,-,-,-,-,-,-
bulu1251,-,-,-,-,-,-,t,-,-,-,-,i,-,-,-,-,-,-,-,-,-,-,-,t,-,-,-,-,-,-,-,-,-,-,-,-,-,-,-,-,-,-,-,-,-,-,-,-,-,-,-,-,-,-,-,-,-,-,-,-,-,-,-,-,-,-,-,-
fang1246,-,-,-,-,-,-,t,s,-,-,-,i,-,-,-,-,-,-,-,-,-,-,-,t,-,-,-,-,-,-,-,-,-,-,-,-,-,-,-,-,-,-,-,-,-,-,-,-,-,-,-,-,-,-,-,-,-,-,-,-,-,-,-,-,-,-,-,-
fang1246,-,-,-,-,-,-,t,s,-,-,-,3,-,-,-,-,-,-,-,-,-,-,-,t,-,-,-,-,-,-,-,-,-,-,-,-,-,-,-,-,-,-,-,-,-,-,-,-,-,-,-,-,-,-,-,-,-,-,-,-,-,-,-,-,-,-,-,-
fang1246,-,-,-,-,-,-,t,s,-,-,-,i,-,-,-,-,-,-,-,-,-,-,-,t,-,-,-,-,-,-,-,-,-,-,-,-,-,-,-,-,-,-,-,-,-,-,-,-,-,-,-,-,-,-,-,-,-,-,-,-,-,-,-,-,-,-,-,-
ewon1239,-,-,-,-,-,-,t,s,i,-,-,i,-,-,-,-,-,-,-,-,-,-,-,t,-,-,-,-,-,-,-,-,-,-,-,-,-,-,-,-,-,-,-,-,-,-,-,-,-,-,-,-,-,-,-,-,-,-,-,-,-,-,-,-,-,-,-,-
eton1253,-,-,-,-,-,-,t,-,i,-,-,i,-,-,-,-,-,-,-,-,-,-,-,d,-,-,-,-,-,-,-,-,-,-,-,-,-,-,-,-,-,-,-,-,-,-,-,-,-,-,-,-,-,-,-,-,-,-,-,-,-,-,-,-,-,-,-,-
eton1253,-,-,-,-,-,-,t,-,-,-,-,i,-,-,-,-,-,-,-,-,-,-,-,d,-,-,-,-,-,-,-,-,-,-,-,-,-,-,-,-,-,-,-,-,-,-,-,-,-,-,-,-,-,-,-,-,-,-,-,-,-,-,-,-,-,-,-,-
eton1253,-,-,-,-,-,-,b,-,i,-,-,i,-,-,-,-,-,-,-,-,-,-,-,n,-,-,-,-,-,-,-,-,-,-,-,-,-,-,-,-,-,-,-,-,-,-,-,-,-,-,-,-,-,-,-,-,-,-,-,-,-,-,-,-,-,-,-,-
eton1253,-,-,-,-,-,-,-,-,-,-,-,-,-,-,-,-,-,-,-,-,-,-,-,n,-,-,-,-,l,-,-,a,-,-,-,-,a,-,-,-,m,-,-,-,-,-,-,-,-,-,-,-,-,-,-,-,-,-,-,-,-,-,-,-,-,-,-,-
bebe1248,-,-,-,-,-,-,-,-,-,-,-,-,-,-,-,-,-,-,-,-,-,-,-,n,-,-,-,-,n,-,n,a,-,-,-,-,a,-,-,-,m,-,-,-,-,-,-,-,-,-,-,-,-,-,-,-,-,-,-,-,-,-,-,-,-,-,-,-
baro1252,-,-,-,-,-,-,t,-,i,-,-,i,-,-,-,-,-,-,-,-,-,-,-,t,-,-,-,-,-,-,-,-,-,-,-,-,-,-,-,-,-,-,-,-,-,-,-,-,-,-,-,-,-,-,-,-,-,-,-,-,-,-,-,-,-,-,-,-
bank1256,-,-,-,-,-,-,t,-,i,-,-,i,-,-,-,-,-,-,-,-,-,-,-,t,-,-,-,-,-,-,-,-,-,-,-,-,-,-,-,-,-,-,-,-,-,-,-,-,-,-,-,-,-,-,-,-,-,-,-,-,-,-,-,-,-,-,-,-
basa1284,-,-,-,-,-,-,t,-,i,r,-,i,-,-,-,-,-,-,-,-,-,-,-,-,-,-,-,-,-,-,-,-,-,-,-,-,-,-,-,-,-,-,-,-,-,-,-,-,-,-,-,-,-,-,-,-,-,-,-,-,-,-,-,-,-,-,-,-
akoo1248,-,-,-,-,-,-,-,-,-,-,-,-,-,-,-,-,-,-,-,-,-,-,-,5,-,-,-,-,-,-,-,-,-,-,-,-,a,-,-,-,a,-,-,-,-,-,-,-,-,-,-,-,-,-,-,-,-,-,-,-,-,-,-,-,-,-,-,-
akoo1248,-,-,-,-,-,-,-,-,-,-,-,-,-,-,-,-,-,-,-,-,-,-,-,5,-,-,-,-,-,-,-,a,-,-,-,-,a,-,-,-,m,-,-,-,-,-,-,-,-,-,-,-,-,-,-,-,-,-,-,-,-,-,-,-,-,-,-,-
baka1273,-,-,-,-,-,-,-,-,-,-,-,-,-,-,-,-,-,-,-,-,-,-,-,5,-,-,-,-,-,-,-,a,-,-,-,-,a,-,-,-,m,-,-,-,-,-,-,-,-,-,-,-,-,-,-,-,-,-,-,-,-,-,-,-,-,-,-,-
baka1273,-,-,-,-,-,-,-,-,-,-,-,-,-,-,-,-,-,-,-,-,-,-,-,5,-,-,-,-,-,-,-,a,-,-,-,-,a,-,-,-,m,-,-,-,-,-,-,-,-,-,-,-,-,-,-,-,-,-,-,-,-,-,-,-,-,-,-,-
mboc1235,-,-,-,-,-,-,-,-,-,-,-,-,-,-,-,-,-,-,-,-,-,-,-,5,-,-,-,-,-,-,-,a,-,-,-,-,a,-,-,-,m,-,-,-,-,-,-,-,-,-,-,-,-,-,-,-,-,-,-,-,-,-,-,-,-,-,-,-
bass1260,-,-,-,-,-,-,-,-,-,-,-,-,-,-,-,-,-,-,-,-,-,-,-,5,-,-,-,-,-,-,-,a,-,-,-,-,a,-,-,-,m,-,-,-,-,-,-,-,-,-,-,-,-,-,-,-,-,-,-,-,-,-,-,-,-,-,-,-
bafa1247,-,-,-,-,-,-,-,-,-,-,-,-,-,-,-,-,-,-,-,-,-,-,-,5,-,-,-,-,-,-,-,a,-,-,-,-,a,-,-,-,m,-,-,-,-,-,-,-,-,-,-,-,-,-,-,-,-,-,-,-,-,-,-,-,-,-,-,-
nkon1247,-,-,-,-,-,-,-,-,-,-,-,-,-,-,-,-,-,-,-,-,-,-,-,5,-,-,-,-,-,-,-,-,-,-,-,-,a,-,-,-,a,-,-,-,-,-,-,-,-,-,-,-,-,-,-,-,-,-,-,-,-,-,-,-,-,-,-,-
kako1242,-,-,-,-,-,-,-,-,-,-,-,-,-,-,-,-,-,-,-,-,-,-,-,n,-,-,-,-,y,-,-,a,-,-,-,-,a,-,-,-,m,-,-,-,-,-,-,-,-,-,o,-,-,-,-,o,-,-,-,-,-,-,-,-,-,-,-,-
seki1238,-,-,-,-,-,-,s,-,i,-,-,i,-,-,-,-,-,-,-,-,-,-,-,N,-,-,-,-,-,-,-,-,-,-,-,-,i,-,-,-,-,-,-,-,-,-,-,-,-,-,-,-,-,-,-,i,-,-,-,-,-,-,-,-,-,-,-,-
kwak1266,-,-,-,-,-,-,-,-,-,-,-,-,-,-,-,-,-,-,-,-,-,-,-,b,-,-,-,-,-,-,-,u,u,p,-,-,a,-,-,-,-,-,-,-,-,-,-,-,-,-,-,-,-,-,-,a,-,-,-,-,-,-,-,-,-,-,-,-
kolc1235,-,-,-,-,-,-,-,-,-,-,-,-,-,-,-,-,-,-,-,-,-,-,-,t,-,-,-,-,i,-,-,i,-,d,-,-,-,-,-,-,-,-,-,-,-,-,-,-,-,-,-,-,-,-,-,-,-,-,-,-,-,-,-,-,-,-,-,-
maka1304,-,-,-,-,-,-,-,-,-,-,-,-,-,-,-,-,-,-,-,-,-,-,-,m,-,-,-,-,p,-,-,a,-,w,-,-,o,-,-,-,-,-,-,-,-,-,-,-,-,-,-,-,-,-,-,o,-,-,-,-,-,-,-,-,-,-,-,-
shiw1234,-,-,-,-,-,-,-,-,-,-,-,-,-,-,-,-,-,-,-,-,-,-,-,t,-,-,-,-,s,-,-,3,-,X,-,-,-,-,-,-,-,-,-,-,-,-,-,-,-,-,-,-,-,-,-,3,-,-,-,-,-,-,-,-,-,-,-,-
kwas1243,-,-,-,-,-,-,-,-,-,-,-,-,-,-,-,-,-,-,-,-,-,-,-,t,-,-,-,-,s,-,-,i,-,r,-,-,-,-,-,-,-,-,-,-,-,-,-,-,-,-,-,-,-,-,-,-,-,-,-,-,-,-,-,-,-,-,-,-
mpie1238,-,-,-,-,-,-,-,-,-,-,-,-,-,-,-,-,-,-,-,-,-,-,-,t,-,-,-,-,-,-,-,i,i,r,-,-,i,-,-,-,-,-,-,-,-,-,-,-,-,-,-,-,-,-,-,i,-,-,-,-,-,-,-,-,-,-,-,-
bomw1238,-,-,-,-,-,-,-,-,-,-,-,-,-,-,-,-,-,-,-,-,-,-,-,t,-,-,-,-,-,-,-,i,-,t,-,-,-,-,-,-,-,-,-,-,-,-,-,-,-,-,-,-,-,-,-,i,-,-,-,-,-,-,-,-,-,-,-,-
koon1245,-,-,-,-,-,-,-,-,-,-,-,-,-,-,-,-,-,-,-,-,-,-,-,t,-,-,-,-,-,-,-,i,i,r,-,-,-,-,-,-,-,-,-,-,-,-,-,-,-,-,-,-,-,-,-,-,-,-,-,-,-,-,-,-,-,-,-,-
njye1238,-,-,-,-,-,-,-,-,-,-,-,-,-,-,-,-,-,-,-,-,-,-,-,t,-,-,-,-,-,-,-,i,i,r,-,-,-,-,-,-,-,-,-,-,-,-,-,-,-,-,-,-,-,-,-,-,-,-,-,-,-,-,-,-,-,-,-,-
bekw1242,-,-,-,-,-,-,-,-,-,-,-,-,-,-,-,-,-,-,-,-,-,-,-,t,-,-,-,-,-,-,-,i,-,t,-,-,-,-,-,-,-,-,-,-,-,-,-,-,-,-,-,-,-,-,-,-,-,-,-,-,-,-,-,-,-,-,-,-
bekw1242,-,-,-,-,-,-,-,-,-,-,-,-,-,-,-,-,-,-,-,-,-,-,-,t,-,-,-,-,h,-,-,i,-,t,-,-,-,-,-,-,-,-,-,-,-,-,-,-,-,-,-,-,-,-,-,-,-,-,-,-,-,-,-,-,-,-,-,-
lika1243,-,-,-,-,-,-,-,-,-,-,-,-,-,-,-,-,-,-,-,-,-,-,-,5,-,-,-,-,-,-,-,a,-,-,-,-,a,-,-,-,m,-,-,-,-,-,-,-,-,-,a,-,-,-,-,a,-,-,-,-,-,-,-,-,-,-,-,-
bali1274,-,-,-,-,-,-,-,-,-,-,-,-,-,-,-,-,-,-,-,-,-,-,-,5,-,-,-,-,-,-,-,a,-,-,-,-,a,-,-,-,m,-,-,-,-,-,-,-,-,-,a,-,-,-,-,a,-,-,-,-,-,-,-,-,-,-,-,-
bwaa1238,-,-,-,-,-,-,-,-,-,-,-,-,-,-,-,-,-,-,-,-,-,-,-,5,-,-,-,-,-,-,-,-,-,-,-,-,a,-,-,-,m,-,-,-,-,-,-,-,-,-,E,-,-,-,-,E,-,-,-,-,-,-,-,-,-,-,-,-
bwaa1238,-,-,-,-,-,-,-,-,-,-,-,-,-,-,-,-,-,-,-,-,-,-,-,5,-,-,-,-,-,-,-,-,-,-,-,-,a,-,-,-,m,-,-,E,-,-,-,-,-,-,E,-,-,-,-,E,-,-,-,-,-,-,-,-,-,-,-,-
pagi1243,-,-,-,-,-,-,-,-,-,-,-,-,-,-,-,-,-,-,-,-,-,-,-,n,-,-,-,-,-,-,-,s,-,-,-,-,o,-,-,-,n,-,-,-,-,-,-,-,-,-,i,-,-,-,-,i,-,-,-,-,-,-,-,-,-,-,-,-
komo1260,-,-,-,-,-,-,-,-,-,-,-,-,-,-,-,-,-,-,-,-,-,-,-,n,-,-,-,-,-,-,-,y,-,-,-,-,a,-,-,-,m,-,-,-,-,-,-,-,-,-,-,-,-,-,-,a,-,-,-,-,-,-,-,-,-,-,-,-
bila1255,-,-,-,-,-,-,-,-,-,-,-,-,-,-,-,-,-,-,-,-,-,-,-,n,-,-,-,-,-,-,-,y,-,-,-,-,a,-,-,-,m,-,-,-,-,-,-,-,-,-,-,-,-,-,-,a,-,-,-,-,-,-,-,-,-,-,-,-
bila1255,-,-,-,-,-,-,-,-,-,-,-,-,-,-,-,-,-,-,-,-,-,-,-,5,-,-,-,-,-,-,-,a,-,-,-,-,a,-,-,-,m,-,-,-,-,-,-,-,-,-,a,-,-,-,-,a,-,-,-,-,-,-,-,-,-,-,-,-
kang1285,-,-,-,-,-,-,-,-,-,-,-,-,-,-,-,-,-,-,-,-,-,-,-,5,-,-,-,-,-,-,-,a,-,-,-,-,a,-,-,-,m,-,-,-,-,-,-,-,-,-,a,-,-,-,-,a,-,-,-,-,-,-,-,-,-,-,-,-
bera1259,-,-,-,-,-,-,-,-,-,-,-,-,-,-,-,-,-,-,-,-,-,-,-,n,-,-,-,-,-,-,-,y,-,-,-,-,a,-,-,-,m,-,-,-,-,-,-,-,-,-,-,-,-,-,-,a,-,-,-,-,-,-,-,-,-,-,-,-
homa1239,-,-,-,-,-,-,-,-,-,-,-,-,-,-,-,-,-,-,-,-,-,-,-,n,-,-,-,-,-,-,-,y,-,-,-,-,a,-,-,-,m,-,-,-,-,-,-,-,-,-,-,-,-,-,-,a,-,-,-,-,-,-,-,-,-,-,-,-
ndak1241,-,-,-,-,-,-,-,-,-,-,-,-,-,-,-,-,-,-,-,-,-,-,-,n,-,-,-,-,-,-,-,a,-,-,-,-,a,-,-,-,m,-,-,-,-,-,-,-,-,-,a,-,-,-,-,a,-,-,-,-,-,-,-,-,-,-,-,-
mbod1238,-,-,-,-,-,-,-,-,-,-,-,-,-,-,-,-,-,-,-,-,-,-,-,n,-,-,-,-,-,-,-,a,-,-,-,-,a,-,-,-,m,-,-,-,-,-,-,-,-,-,a,-,-,-,-,a,-,-,-,-,-,-,-,-,-,-,-,-
budu1250,-,-,-,-,-,-,-,-,-,-,-,-,-,-,-,-,-,-,-,-,-,-,-,5,-,-,-,-,-,-,-,a,-,-,-,-,a,-,-,-,m,-,-,-,-,-,-,-,-,-,a,-,-,-,-,a,-,-,-,-,-,-,-,-,-,-,-,-
budu1250,-,-,-,-,-,-,-,-,-,-,-,-,-,-,-,-,-,-,-,-,-,-,-,n,-,-,-,-,-,-,-,-,-,-,-,-,a,-,-,-,m,-,-,-,-,-,-,-,-,-,-,-,-,-,-,a,-,-,-,-,-,-,-,-,-,-,-,-
nyal1250,-,-,-,-,-,-,-,-,-,-,-,-,-,-,-,-,-,-,-,-,-,-,-,n,-,-,-,-,-,-,-,-,-,-,-,-,a,-,-,-,m,-,-,-,-,-,-,-,-,-,-,-,-,-,-,a,-,-,-,-,-,-,-,-,-,-,-,-
leng1258,-,-,-,-,-,-,-,-,-,-,-,e,-,-,-,-,-,-,-,-,-,-,-,l,-,-,-,-,-,-,-,-,-,-,-,-,a,-,-,-,-,-,-,-,-,-,-,-,-,-,-,-,-,-,-,a,-,-,-,-,-,k,-,a,-,-,-,-
tuki1240,-,-,-,-,-,-,-,-,-,-,-,-,-,-,-,-,-,-,-,-,-,-,-,n,-,-,-,-,-,-,-,-,-,-,-,-,a,-,-,-,m,-,-,-,-,-,-,-,-,-,-,-,-,-,-,a,-,-,-,-,-,-,-,-,-,-,-,-
nugu1242,-,-,-,-,-,-,-,-,-,-,-,-,-,-,-,-,-,-,-,-,-,-,-,n,-,-,n,-,y,-,-,-,-,-,-,-,a,-,-,-,m,-,-,-,-,-,-,-,-,-,-,-,-,-,-,a,-,-,-,-,-,-,-,-,-,-,-,-
mmaa1238,-,-,-,-,-,-,p,-,u,-,-,u,-,-,-,-,-,-,-,-,-,-,-,l,-,-,-,-,-,-,-,-,-,-,-,-,o,-,-,-,-,-,-,-,-,-,-,-,-,-,-,-,-,-,-,o,-,-,-,-,-,k,-,-,-,-,-,-
elip1238,-,-,-,-,-,-,p,-,u,-,-,u,-,-,-,-,-,-,-,-,-,-,-,l,-,-,-,-,-,-,-,-,-,-,-,-,o,-,-,-,-,-,-,-,-,-,-,-,-,-,-,-,-,-,-,o,-,-,-,-,-,k,-,-,-,-,-,-
yang1293,-,-,-,-,-,-,-,-,-,-,-,-,-,-,-,-,-,-,-,-,-,-,-,p,-,-,u,-,u,-,-,-,-,-,-,-,a,-,-,-,-,-,-,-,-,-,-,-,-,-,-,-,-,-,-,a,-,-,-,-,-,5,-,-,-,-,-,-
yang1293,-,-,-,-,-,-,-,-,-,-,-,i,-,-,-,-,-,-,-,-,-,-,-,n,-,-,-,-,y,-,-,-,-,-,-,-,a,-,-,-,-,-,-,-,-,-,-,-,-,-,-,-,-,-,-,-,-,-,-,-,-,m,-,-,-,-,-,-
nuba1241,-,-,-,-,-,-,-,-,-,-,-,-,-,-,-,-,-,-,-,-,-,-,-,p,-,-,u,-,u,-,-,-,-,-,-,-,a,-,-,-,-,-,-,-,-,-,-,-,-,-,-,-,-,-,-,a,-,-,-,-,-,5,-,-,-,-,-,-
yamb1252,-,-,-,-,-,-,k,-,i,-,-,i,-,-,-,-,-,-,-,-,-,-,-,l,-,-,-,-,i,-,-,-,-,-,-,-,i,-,-,-,-,-,-,-,-,-,-,-,-,-,-,-,-,-,-,-,-,-,-,-,-,N,-,-,-,-,-,-
tune1261,-,-,-,-,-,-,-,-,-,-,-,i,-,-,-,-,-,-,-,-,-,-,-,-,-,-,-,-,-,-,-,-,-,-,-,-,-,-,-,-,-,-,-,-,-,-,-,-,-,-,-,-,-,-,-,i,l,u,-,-,-,k,-,-,-,-,-,-
noma1260,-,-,-,-,-,-,-,-,-,-,-,E,-,-,-,-,-,-,-,-,-,-,-,n,-,-,-,-,y,-,-,-,-,-,-,-,a,-,-,-,m,-,-,-,-,-,-,-,-,-,-,-,-,-,-,a,-,-,-,-,-,-,-,-,-,-,-,-
nyok1243,-,-,-,-,-,-,p,-,u,-,-,u,-,-,-,-,-,-,-,-,-,-,-,n,-,-,-,-,-,-,-,-,-,-,-,-,-,-,-,-,-,-,-,-,-,-,-,-,-,-,-,-,-,-,-,u,-,u,-,-,-,k,-,-,-,-,-,-
bube1242,-,-,-,-,-,-,-,-,-,-,-,e,-,-,-,-,-,-,-,-,-,-,-,n,-,-,-,-,-,-,-,-,-,-,-,-,a,-,-,-,b,-,-,-,-,-,-,-,-,-,-,-,-,-,-,a,-,-,-,-,-,-,-,-,-,-,-,-
bafi1243,-,-,-,-,-,-,-,-,-,-,-,-,-,-,-,-,-,-,-,-,-,-,-,b,-,-,-,-,y,-,-,-,-,-,-,-,E,-,-,-,-,-,-,-,-,-,-,-,-,-,-,-,-,-,-,E,-,-,-,-,-,n,-,-,-,-,-,-
bafi1243,-,-,-,-,-,-,-,-,-,-,-,-,-,-,-,-,-,-,-,-,-,-,-,b,-,-,-,-,y,-,-,-,-,-,-,-,E,-,-,-,-,-,-,-,-,-,-,-,-,-,-,-,-,-,-,E,-,-,-,-,-,y,-,-,-,-,-,-
tibe1274,-,-,-,-,-,-,-,-,-,-,-,-,-,-,-,-,-,-,-,-,-,-,-,b,-,-,-,-,y,-,-,-,-,-,-,-,e,-,-,-,-,-,-,-,-,-,-,-,-,-,-,-,-,-,-,e,y,-,-,-,-,N,-,-,-,-,-,-
bile1244,-,-,-,-,-,-,-,-,-,-,-,-,-,-,-,-,-,-,-,-,-,-,-,n,-,-,-,-,y,-,-,-,-,-,-,-,a,-,-,-,m,-,-,-,-,-,-,-,-,-,-,-,-,-,-,a,-,-,-,-,-,-,-,-,-,-,-,-
mbul1260,-,-,-,-,-,-,-,-,-,-,-,-,-,-,-,-,-,-,-,-,-,-,-,n,-,-,-,-,y,-,-,-,-,-,-,-,a,-,-,-,m,-,-,-,-,-,-,-,-,-,-,-,-,-,-,a,-,-,-,-,-,-,-,-,-,-,-,-
mbul1260,-,-,-,-,-,-,-,-,-,-,-,-,-,-,-,-,-,-,-,-,-,-,-,n,-,-,-,-,y,-,-,a,-,-,-,-,a,-,-,-,m,-,-,-,-,-,-,-,-,-,a,-,-,-,-,a,-,-,-,-,-,-,-,-,-,-,-,-
mbul1260,-,-,-,-,-,-,-,-,-,-,-,-,-,-,-,-,-,-,-,-,-,-,-,n,-,-,-,-,y,-,-,-,-,-,-,-,a,-,-,-,m,-,-,-,-,-,-,-,-,-,-,-,-,-,-,a,-,-,-,-,-,-,-,-,-,-,-,-
kulu1255,-,-,-,-,-,-,-,-,-,-,-,-,-,-,-,-,-,-,-,-,-,-,-,n,-,-,-,-,y,-,-,-,-,-,-,-,E,-,-,-,m,-,-,-,-,-,-,-,-,-,-,-,-,-,-,E,-,-,-,-,-,-,-,-,-,-,-,-
dugu1249,-,-,-,-,-,-,-,-,-,-,-,-,-,-,-,-,-,-,-,-,-,-,-,n,-,-,-,-,y,-,-,a,-,-,-,-,a,-,-,-,m,-,-,-,-,-,-,-,-,-,-,-,-,-,-,-,-,-,-,-,-,-,-,-,-,-,-,-
komc1235,-,-,3,-,-,-,-,-,-,-,-,3,-,-,-,-,-,-,-,-,-,-,-,5,-,-,-,-,-,-,-,a,-,-,-,-,a,-,-,-,m,-,-,-,-,-,-,-,-,-,-,-,-,-,-,-,-,-,-,-,-,-,-,-,-,-,-,-
okuu1243,-,-,-,-,-,-,-,-,-,-,-,-,-,-,-,-,-,-,-,-,-,-,-,5,-,-,-,-,-,-,-,a,-,-,-,-,a,-,-,-,m,-,-,-,-,-,-,-,-,-,-,-,-,-,-,-,-,-,-,-,-,-,-,-,-,-,-,-
aghe1239,-,-,-,-,-,-,-,-,-,-,-,-,-,-,-,-,-,-,-,-,-,-,-,5,-,-,-,-,-,-,-,o,-,-,-,-,o,-,-,-,m,-,-,-,-,-,-,-,-,-,-,-,-,-,-,-,-,-,-,-,-,-,-,-,-,-,-,-
meta1238,-,-,-,-,-,-,-,-,-,-,-,-,-,-,-,-,-,-,-,-,-,-,-,5,-,-,-,-,-,-,-,a,-,-,-,-,a,-,-,-,m,-,-,-,-,-,-,-,-,-,-,-,-,-,-,-,-,-,-,-,-,-,-,-,-,-,-,-
njen1238,-,-,a,-,-,-,-,-,-,-,-,a,-,-,-,-,-,-,-,-,-,-,-,5,-,-,-,-,-,-,-,E,-,-,-,-,E,-,-,-,m,-,-,-,-,-,-,-,-,-,-,-,-,-,-,-,-,-,-,-,-,-,-,-,-,-,-,-
bamu1253,-,-,-,-,-,-,-,-,-,-,-,-,-,-,-,-,-,-,-,-,-,-,-,5,-,-,-,-,-,-,-,a,-,-,-,-,a,-,-,-,m,-,-,-,-,-,-,-,-,-,-,-,-,-,-,-,-,-,-,-,-,-,-,-,-,-,-,-
mung1266,-,-,-,-,-,-,-,-,-,-,-,-,-,-,-,-,-,-,-,-,-,-,-,5,-,-,-,-,-,-,-,a,-,-,-,-,a,-,-,-,m,-,-,-,-,-,-,-,-,-,-,-,-,-,-,-,-,-,-,-,-,-,-,-,-,-,-,-
fefe1239,-,-,-,-,-,-,-,-,-,-,-,-,-,-,-,-,-,-,-,-,-,-,-,n,-,-,-,-,-,-,-,-,-,-,-,-,3,3,-,-,3,-,-,-,-,-,-,-,-,-,-,-,-,-,-,-,-,-,-,-,-,-,-,-,-,-,-,-
tivv1240,-,-,i,-,-,-,-,-,-,-,-,i,-,-,-,-,-,-,-,-,-,-,-,n,-,-,-,-,y,-,-,a,-,-,-,-,a,-,-,-,m,-,-,-,-,-,-,-,-,-,-,-,-,-,-,-,-,-,-,-,-,-,-,-,-,-,-,-
