language,x1,x2,x3,x4,x5,x6,x7,x8,x9,x10,x11,x12,x13,x14,x15,x16,x17,x18,x19,x20,x21,x22,x23,x24,x25,x26,x27,x28,x29,x30,x31,x32,x33,x34,x35,x36,x37,x38,x39,x40,x41,x42,x43
doee1238,-,-,-,-,-,-,-,-,-,-,n,-,-,-,-,-,-,d,-,-,-,-,-,-,-,-,e,-,-,-,g,-,-,-,-,-,-,e,-,-,-,-,-
kwer1261,-,-,-,-,-,-,-,-,-,-,t,S,i,-,-,-,-,d,-,-,-,-,-,-,-,-,e,-,-,-,g,-,-,-,-,-,-,e,-,-,-,-,-
kami1256,-,-,-,-,-,-,-,-,-,-,n,-,-,-,-,-,-,d,-,-,-,-,-,-,-,-,e,-,-,-,g,-,-,-,-,-,-,e,-,-,-,-,-
zara1247,-,-,-,-,5,-,u,-,-,-,n,-,-,-,-,-,-,-,-,-,-,-,-,-,-,-,-,-,-,-,-,-,-,-,-,-,-,i,-,-,-,-,-
sham1280,-,-,-,-,-,-,-,-,-,-,-,-,-,-,-,-,-,d,-,-,-,-,-,-,-,-,e,-,-,-,g,-,h,-,-,-,-,e,-,-,-,-,-
bond1247,-,-,-,-,-,-,-,-,-,-,m,-,-,-,-,-,-,d,-,-,-,-,-,-,-,-,e,-,-,-,g,-,-,-,-,-,-,e,-,-,-,-,-
zigu1244,-,-,-,-,-,-,-,-,-,-,k,-,a,-,-,-,-,d,-,-,-,-,-,-,-,-,e,-,-,-,g,-,-,-,-,-,-,e,-,-,-,-,-
ngul1246,-,-,-,-,-,-,-,-,-,-,k,-,a,-,-,-,-,d,-,-,-,-,-,-,-,-,e,-,-,-,g,-,-,-,-,-,-,e,-,-,-,-,-
gogo1263,-,-,-,-,-,-,-,-,-,-,n,-,-,-,-,-,-,d,-,-,e,-,-,-,-,-,e,-,-,-,y,-,-,-,-,-,-,e,-,-,-,-,-
kagu1239,-,-,-,-,-,-,-,-,-,-,T,-,i,-,-,-,-,d,-,-,-,-,-,-,-,-,e,-,-,-,g,-,-,-,-,-,-,e,-,-,-,-,-
lugu1238,-,-,-,-,-,-,-,-,-,-,t,S,i,-,-,-,-,d,-,-,-,-,-,-,-,-,e,-,-,-,g,-,-,-,-,-,-,e,-,-,-,-,-
lang1320,-,-,-,-,-,-,-,-,-,-,n,-,-,-,-,-,-,d,-,-,-,-,-,-,-,-,e,-,-,-,-,-,-,-,-,-,-,e,-,-,-,-,-
tait1250,-,-,-,-,-,-,-,-,-,-,5,-,-,-,-,-,-,-,-,-,-,-,-,-,-,-,o,-,-,-,5,-,-,-,-,-,-,i,-,-,-,-,-
saga1256,-,-,-,-,-,-,-,-,-,-,5,-,-,-,-,-,-,-,-,-,-,-,-,-,-,-,o,-,-,-,5,-,-,-,-,-,-,i,-,-,-,-,-
tave1240,-,-,-,-,-,-,-,-,-,-,n,-,-,-,-,-,-,d,-,-,-,-,-,-,-,-,e,-,-,-,g,-,h,-,-,-,-,e,-,-,-,-,-
asut1235,-,-,-,-,-,-,-,-,-,-,-,-,-,-,-,-,-,d,-,-,e,-,-,-,-,-,e,-,-,-,x,-,e,-,-,-,-,e,-,-,-,-,-
asut1235,-,-,-,-,-,-,-,-,-,-,n,-,-,-,-,-,-,d,-,-,-,-,-,-,-,-,e,-,-,-,g,-,h,-,-,-,-,e,-,-,-,-,-
asut1235,-,-,-,-,-,-,-,-,-,-,n,-,-,-,-,-,-,d,-,-,-,-,-,-,-,-,e,-,-,-,g,-,h,-,-,-,-,e,-,-,-,-,-
giry1241,-,-,-,-,-,-,-,-,-,-,5,-,-,-,-,-,-,-,-,-,-,-,-,-,-,-,u,-,-,-,n,-,-,-,-,-,-,i,-,-,-,-,-
digo1243,-,-,-,-,-,-,-,-,-,-,5,-,-,-,-,-,-,-,-,-,-,-,-,-,-,-,u,-,-,-,n,-,-,-,-,-,-,i,-,-,-,-,-
poko1261,-,-,-,-,-,-,-,-,-,-,5,-,-,-,-,-,-,u,-,-,-,-,-,-,-,-,u,-,-,-,n,-,-,-,-,-,-,i,-,-,-,-,-
chim1312,-,-,-,-,-,-,-,-,-,-,5,-,-,-,-,-,-,u,-,-,-,-,-,-,-,-,u,-,-,-,5,-,-,-,-,-,-,i,-,-,-,-,-
swah1253,-,-,-,-,-,-,-,-,-,-,n,-,-,-,-,-,-,d,-,-,-,-,-,-,-,-,e,-,-,-,g,-,-,-,-,-,-,e,-,-,-,-,-
swah1253,-,-,-,-,-,-,-,-,-,-,n,-,-,-,-,-,-,d,-,-,-,-,-,-,-,-,e,-,-,-,g,-,-,-,-,-,-,e,-,-,-,-,-
swah1253,-,-,-,-,-,-,-,-,-,-,5,-,-,-,-,-,-,-,-,-,-,-,-,-,-,-,u,-,-,-,n,-,-,-,-,-,-,i,-,-,-,-,-
swah1253,-,-,-,-,-,-,-,-,-,-,d,-,-,-,-,-,-,-,-,-,-,-,-,-,-,-,e,-,-,-,g,-,-,-,-,-,-,e,-,-,-,-,-
swah1253,-,-,-,-,-,-,-,-,-,-,4,-,-,-,-,-,-,-,-,-,-,-,-,-,-,-,o,-,-,-,4,-,-,-,-,-,-,i,-,-,-,-,-
mwan1247,-,-,-,-,-,-,-,-,-,-,5,-,-,-,-,-,-,-,-,-,-,-,-,-,-,-,u,-,-,-,n,-,-,-,-,-,-,i,-,-,-,-,-
ilwa1237,-,-,-,-,-,-,-,-,-,-,5,-,o,-,-,-,-,o,-,-,-,-,-,-,-,-,o,-,-,-,n,-,-,-,-,-,-,i,-,-,-,-,-
nden1248,-,-,-,-,-,-,-,-,-,-,k,-,i,-,-,-,-,y,-,-,-,-,-,-,-,-,u,-,-,-,n,-,-,-,-,-,-,i,-,-,-,-,-
matu1259,-,-,-,-,-,-,-,-,-,-,k,-,i,-,-,-,-,y,-,-,-,-,-,-,-,-,u,-,-,-,n,-,-,-,-,-,-,i,-,-,-,-,-
ngin1244,-,-,-,-,-,-,-,-,-,-,k,-,i,-,-,-,-,y,-,-,-,-,-,-,-,-,u,-,-,-,n,-,-,-,-,-,-,i,-,-,-,-,-
mate1258,-,-,-,-,-,-,-,-,-,-,l,-,i,-,-,-,-,l,-,-,-,-,-,-,-,-,o,-,-,-,b,-,-,-,-,-,-,i,-,-,-,-,-
mpot1240,-,-,-,-,-,-,-,-,-,-,k,-,i,-,-,-,-,y,-,-,-,-,-,-,-,-,u,-,-,-,n,-,-,-,-,-,-,i,-,-,-,-,-
mand1423,-,-,-,-,-,-,-,-,-,-,k,-,i,-,-,-,-,d,-,-,-,-,-,-,-,-,e,-,-,-,g,-,-,-,-,-,-,e,-,-,-,-,-
tanz1241,-,-,-,-,-,-,-,-,-,-,t,S,i,-,-,-,-,d,-,-,-,-,-,-,-,-,e,-,-,-,g,-,-,-,-,-,-,e,-,-,-,-,-
yaoo1241,-,-,-,-,-,-,-,-,-,-,t,S,i,-,-,-,-,y,-,-,-,-,-,-,-,-,u,-,-,-,n,-,-,-,-,-,-,i,-,-,-,-,-
mwer1248,-,-,-,-,-,-,-,-,-,-,S,-,i,-,-,-,-,y,-,-,-,-,-,-,-,-,u,-,-,-,n,-,-,-,-,-,-,i,-,-,-,-,-
mako1251,-,-,-,-,-,-,-,-,-,-,-,-,-,-,-,-,-,s,-,-,-,-,-,-,-,-,u,-,-,-,n,-,-,-,-,-,-,i,-,-,-,-,-
mako1251,-,-,-,-,-,-,-,-,-,-,t,-,-,-,-,-,-,S,-,-,-,-,-,-,-,-,u,-,-,-,n,-,-,-,-,-,-,i,-,-,-,-,-
ndam1239,-,-,-,-,-,-,-,-,-,-,m,-,-,-,-,-,-,b,-,-,-,-,-,-,-,-,o,-,-,-,n,-,g,-,-,-,-,u,-,-,-,-,-
mbun1248,-,-,-,-,-,-,-,-,-,-,m,-,-,-,-,-,-,b,-,-,-,-,-,-,-,-,o,-,-,-,5,-,y,-,-,-,-,u,-,-,-,-,-
pang1287,-,-,k,-,h,-,i,-,-,-,-,-,-,-,-,d,e,k,-,-,-,-,-,-,-,-,-,-,-,-,-,-,-,-,-,-,-,e,-,-,-,-,-
nucl1379,-,-,-,-,-,-,i,-,-,-,k,-,i,-,-,d,e,g,-,-,-,-,-,-,-,-,-,-,-,-,-,-,-,-,-,-,-,e,-,-,-,-,-
hehe1240,-,-,-,-,-,-,i,-,-,-,k,-,i,-,-,d,e,g,-,-,-,-,-,-,-,-,-,-,-,-,-,-,-,-,-,-,-,e,-,-,-,-,-
bena1262,-,-,-,-,-,-,-,-,-,-,k,-,i,m,u,d,-,z,-,-,-,-,-,-,-,-,u,-,-,-,n,-,-,-,-,-,-,i,-,-,-,-,-
sang1330,-,-,-,-,-,-,i,-,-,-,n,-,-,-,-,d,e,g,-,-,-,-,-,-,-,-,-,-,-,-,-,-,-,-,-,-,-,e,-,-,-,-,-
vwan1235,-,-,-,-,-,-,-,-,-,-,n,-,-,-,-,-,-,y,-,-,-,-,-,-,-,-,u,-,-,-,n,-,-,-,-,-,-,i,-,-,-,-,-
fipa1238,-,-,-,-,-,-,i,t,-,-,S,-,-,-,-,-,-,u,-,-,-,-,-,-,-,-,u,-,-,-,n,-,-,-,-,-,-,i,-,-,-,-,-
mamb1296,-,-,-,-,-,-,i,t,-,-,S,-,-,-,-,-,-,-,-,-,-,-,-,-,-,-,u,-,-,-,5,-,-,-,-,-,-,i,-,-,-,-,-
mamb1296,-,-,-,-,-,-,-,-,-,-,T,-,-,-,-,-,-,-,-,-,-,-,-,-,-,-,u,-,-,-,5,-,-,-,-,-,-,i,-,-,-,-,-
wand1264,-,-,-,-,-,-,-,-,-,-,5,-,-,-,-,-,-,-,-,-,-,-,-,-,-,-,u,-,-,-,5,-,-,-,-,-,-,i,-,-,-,-,-
nyam1275,-,-,-,-,-,-,i,-,-,-,5,-,-,-,-,-,-,-,-,-,-,-,-,-,-,-,u,-,-,-,5,-,-,-,-,-,-,i,-,-,-,-,-
pimb1238,-,-,-,-,-,-,i,t,-,-,S,-,-,-,-,-,-,-,-,-,-,-,-,-,-,-,o,-,-,-,n,-,-,-,-,-,-,i,-,-,-,-,-
rung1255,-,-,-,-,-,-,a,k,a,m,w,-,-,-,-,-,-,-,-,-,-,-,-,-,-,-,e,-,-,-,l,-,w,-,-,-,-,e,-,-,-,-,-
bung1265,-,-,-,-,-,-,i,-,-,-,n,-,-,-,-,-,-,-,-,-,-,-,-,-,-,-,o,-,-,-,n,-,-,-,-,-,-,i,-,-,-,-,-
bend1258,-,-,k,-,-,-,a,-,-,-,5,-,-,-,-,-,-,-,-,-,-,-,-,-,-,-,o,-,-,-,5,-,-,-,-,-,-,i,-,-,-,-,-
nyih1240,-,-,-,-,-,-,i,-,-,-,5,-,-,-,-,-,-,-,-,-,-,-,-,-,-,-,o,-,-,-,5,-,-,-,-,-,-,i,-,-,-,-,-
mali1279,-,-,-,-,-,-,i,-,-,-,5,-,-,-,-,-,-,-,-,-,-,-,-,-,-,-,o,-,-,-,5,-,-,-,-,-,-,i,-,-,-,-,-
lamb1272,-,a,k,-,-,-,a,-,-,-,y,-,-,-,-,-,-,-,-,-,-,-,-,-,-,-,u,-,-,-,5,-,-,-,-,-,-,i,-,-,-,-,-
safw1238,-,-,-,-,-,-,i,-,-,-,5,-,-,-,-,-,-,-,-,-,-,-,-,-,-,-,o,-,-,-,5,-,-,-,-,-,-,i,-,-,-,-,-
ndal1241,-,-,k,-,-,-,a,-,-,-,y,-,-,-,-,-,-,-,-,-,-,-,-,-,-,-,u,-,-,-,n,-,-,-,-,-,-,i,-,-,-,-,-
nyak1260,-,-,-,-,-,-,i,-,-,-,n,-,-,-,-,-,-,y,-,-,-,-,-,-,-,-,u,-,-,-,n,-,-,-,-,-,-,i,-,-,-,-,-
suku1261,-,-,-,-,-,-,-,-,-,-,n,-,-,-,-,-,-,-,-,-,-,-,-,-,-,-,o,-,-,-,n,-,-,-,-,-,-,i,-,-,-,-,-
suku1261,-,-,-,-,-,-,-,-,-,-,n,-,-,-,-,-,-,-,-,-,-,-,-,-,-,-,o,-,-,-,n,-,-,-,-,-,-,i,-,-,-,-,-
nyam1276,-,-,-,-,-,-,-,-,-,-,n,-,-,-,-,-,-,-,-,-,-,-,-,-,-,-,o,-,-,-,n,-,-,-,-,-,-,i,-,-,-,-,-
sumb1240,-,-,-,-,-,-,-,-,-,-,n,-,-,-,-,-,-,-,-,-,-,-,-,-,-,-,o,-,-,-,n,-,-,-,-,-,-,i,-,-,-,-,-
nyat1246,-,-,-,-,-,-,-,-,-,-,5,-,-,-,-,-,-,-,-,-,-,-,-,-,-,-,o,-,-,-,5,-,-,-,-,-,-,i,-,-,-,-,-
kimb1242,-,-,-,-,-,-,-,-,-,-,n,-,-,-,-,-,-,5,-,-,-,-,-,-,-,-,o,-,-,-,5,-,-,-,-,-,-,i,-,-,-,-,-
nila1242,-,-,-,-,-,-,-,-,-,-,n,-,-,-,-,-,-,-,-,-,-,-,-,-,-,-,o,-,-,-,n,-,-,-,-,-,-,i,-,-,-,-,-
toor1238,-,-,-,-,-,-,e,-,-,-,5,-,-,-,-,-,-,-,-,-,-,-,-,-,-,-,o,-,-,-,5,-,-,-,-,-,-,i,-,-,-,-,-
nyan1307,-,-,-,-,-,-,e,-,-,-,5,-,-,-,-,-,-,-,-,-,-,-,-,-,-,-,o,-,-,-,5,-,-,-,-,-,-,i,-,-,-,-,-
nyor1246,-,-,-,-,-,-,e,-,-,-,5,-,-,-,-,-,-,-,-,-,-,-,-,-,-,-,o,-,-,-,5,-,-,-,-,-,-,i,-,-,-,-,-
chig1238,-,-,-,-,-,-,e,-,-,-,5,-,-,-,-,-,-,-,-,-,-,-,-,-,-,-,o,-,-,-,5,-,-,-,-,-,-,i,-,-,-,-,-
nyam1277,-,e,t,-,S,-,i,-,-,-,5,-,-,-,-,-,-,-,-,-,-,-,-,-,-,-,o,-,-,-,5,-,-,-,-,-,-,i,-,-,-,-,-
zinz1238,-,-,-,-,-,-,e,-,-,-,5,-,-,-,-,-,-,-,-,-,-,-,-,-,-,-,o,-,-,-,5,-,-,-,-,-,-,i,-,-,-,-,-
haya1250,-,e,k,-,-,-,i,-,-,-,5,-,-,-,-,-,-,-,-,-,-,-,-,-,-,-,o,-,-,-,5,-,-,-,-,-,-,i,-,-,-,-,-
shub1238,-,-,-,-,-,-,i,-,-,-,5,-,-,-,-,-,-,-,-,-,-,-,-,-,-,-,o,-,-,-,n,-,-,-,-,-,-,i,-,-,-,-,-
hang1260,-,-,-,-,-,-,i,-,-,-,5,-,-,-,-,-,-,-,-,-,-,-,-,-,-,-,o,-,-,-,n,-,-,-,-,-,-,i,-,-,-,-,-
rund1242,-,-,-,-,-,-,i,-,-,-,5,-,-,-,-,-,-,-,-,-,-,-,-,-,-,-,o,-,-,-,n,-,-,-,-,-,-,i,-,-,-,-,-
haaa1252,-,-,-,-,-,-,i,-,-,-,-,-,-,-,-,-,-,-,-,-,-,-,-,-,-,-,-,-,-,-,n,-,z,-,-,-,e,e,-,b,-,a,-
vinz1238,-,-,-,-,-,-,i,-,-,-,-,-,-,-,-,-,-,-,-,-,-,-,-,-,-,-,-,-,-,-,n,-,s,-,-,-,-,e,-,b,-,a,-
soga1242,-,-,-,-,-,-,-,-,-,-,5,-,-,-,-,-,-,h,-,-,-,-,-,-,-,-,o,-,-,-,5,-,h,-,-,-,-,i,-,-,-,-,-
gwer1238,-,-,-,-,-,-,-,-,-,-,5,-,-,-,-,-,-,-,-,-,-,-,-,-,-,-,o,-,-,-,5,-,-,-,-,-,-,i,-,-,-,-,-
gand1255,-,-,-,-,-,-,e,n,-,-,5,-,-,-,-,-,-,-,-,-,-,-,-,-,-,-,o,-,-,-,5,-,-,-,-,-,-,i,-,-,-,-,-
suba1238,-,i,k,-,-,-,i,-,-,-,5,-,-,-,-,-,-,-,-,-,-,-,-,-,-,-,o,-,-,-,5,-,-,-,-,-,-,i,-,-,-,-,-
kuri1259,-,i,k,-,-,-,i,-,-,-,5,-,-,-,-,-,-,-,-,-,-,-,-,-,-,-,u,-,-,-,5,-,-,-,-,-,-,i,-,-,-,-,-
kuri1259,-,i,k,-,-,-,i,-,-,-,5,-,-,-,-,-,-,-,-,-,-,-,-,-,-,-,u,-,-,-,5,-,-,-,-,-,-,i,-,-,-,-,-
kuri1259,-,i,k,-,-,-,i,-,-,-,5,-,-,-,-,-,-,-,-,-,-,-,-,-,-,-,u,-,-,-,5,-,-,-,-,-,-,i,-,-,-,-,-
ngur1263,-,e,k,-,-,-,i,-,-,-,5,-,-,-,-,-,-,-,-,-,-,-,-,-,-,-,o,-,-,-,5,-,-,-,-,-,-,i,-,-,-,-,-
ikiz1238,-,e,k,-,-,-,i,-,-,-,5,-,-,-,-,-,-,-,-,-,-,-,-,-,-,-,o,-,-,-,5,-,-,-,-,-,-,i,-,-,-,-,-
ikiz1238,-,i,k,-,-,-,i,-,-,-,5,-,-,-,-,-,-,-,-,-,-,-,-,-,-,-,u,-,-,-,5,-,-,-,-,-,-,i,-,-,-,-,-
zana1238,-,-,-,-,-,-,e,-,-,-,5,-,-,-,-,-,-,-,-,-,-,-,-,-,-,-,o,-,-,-,5,-,-,-,-,-,-,i,-,-,-,-,-
gusi1247,-,-,-,-,-,-,e,-,-,-,5,-,-,-,-,-,-,-,-,-,-,-,-,-,-,-,o,-,-,-,n,-,-,-,-,-,-,i,-,-,-,-,-
jita1239,-,-,-,-,-,-,o,-,-,-,m,-,-,-,-,-,-,-,-,-,-,-,-,-,-,-,u,s,a,-,n,-,g,-,-,-,-,o,-,-,-,-,-
kway1241,-,-,s,-,-,-,i,-,-,-,m,-,-,-,-,-,-,b,-,-,-,-,-,-,-,-,u,-,-,-,r,-,-,-,-,-,-,u,-,-,-,-,-
kara1481,-,-,-,-,-,-,i,-,-,-,5,-,-,-,-,-,-,-,-,-,-,-,-,-,-,-,o,-,-,-,5,-,-,-,-,-,-,i,-,-,-,-,-
saam1283,-,-,-,-,-,-,e,-,-,-,y,-,-,-,-,-,-,-,-,-,-,-,-,-,-,-,o,-,-,-,n,-,-,-,-,-,-,i,-,-,-,-,-
saam1283,-,-,l,-,y,-,i,-,-,-,5,-,-,-,-,-,-,-,-,-,-,-,-,-,-,-,o,-,-,-,n,-,-,-,-,-,-,i,-,-,-,-,-
logo1258,-,-,l,-,-,-,i,-,-,-,5,-,-,-,-,-,-,-,-,-,-,-,-,-,-,-,o,-,-,-,5,-,-,-,-,-,-,i,-,-,-,-,-
masa1299,-,-,k,-,h,-,a,-,-,-,5,-,-,-,-,-,-,w,-,-,-,-,-,-,-,-,i,-,-,-,5,-,w,-,-,-,-,i,-,-,-,-,-
shii1238,-,-,k,-,-,-,a,-,-,-,5,-,-,-,-,-,-,-,-,-,-,-,-,-,-,-,u,-,-,-,5,-,-,-,-,-,-,i,-,-,-,-,-
chuk1274,-,-,-,-,-,-,-,-,-,-,g,-,-,-,-,-,-,-,-,-,-,-,-,-,-,-,a,T,i,-,T,-,-,-,-,-,-,i,-,-,-,-,-
thar1283,-,-,-,-,-,-,-,-,-,-,5,-,-,-,-,-,-,-,-,-,-,-,-,-,-,-,o,-,-,-,n,-,-,-,-,-,-,i,-,-,-,-,-
mwim1241,-,-,k,-,e,-,e,-,-,-,5,-,-,-,-,-,-,-,-,-,o,-,-,-,-,-,o,-,-,-,n,-,i,-,-,-,-,i,-,-,-,-,-
mwim1241,-,-,k,-,e,-,e,-,-,-,5,-,-,-,-,-,-,-,-,-,o,-,-,-,-,-,o,-,-,-,n,-,i,-,-,-,-,i,-,-,-,-,-
meru1245,-,-,-,-,-,-,-,-,-,-,5,-,-,-,-,-,-,-,-,-,-,-,-,-,-,-,o,-,-,-,n,-,-,-,-,-,-,i,-,-,-,-,-
meru1245,-,-,-,-,-,-,-,-,-,-,5,-,-,-,-,-,-,-,-,-,o,-,-,-,-,-,o,-,-,-,n,-,i,-,-,-,-,i,-,-,-,-,-
meru1245,-,-,-,-,-,-,-,-,-,-,5,-,-,-,-,-,-,-,-,-,-,-,-,-,-,-,o,-,-,-,n,-,-,-,-,-,-,i,-,-,-,-,-
meru1245,-,-,-,-,-,-,-,-,-,-,5,-,-,-,-,-,-,-,-,-,-,-,-,-,-,-,o,-,-,-,n,-,-,-,-,-,-,i,-,-,-,-,-
meru1245,-,-,-,-,-,-,-,-,-,-,n,-,-,-,-,-,-,d,-,-,e,-,-,-,-,-,-,-,-,-,y,-,-,-,-,-,-,e,-,-,-,-,-
meru1245,-,-,-,-,-,-,-,-,-,-,5,-,-,-,-,-,-,-,-,-,o,-,-,-,-,-,o,-,-,-,n,-,i,-,-,-,-,i,-,-,-,-,-
meru1245,-,-,k,-,e,-,e,-,-,-,5,-,-,-,-,-,-,-,-,-,o,-,-,-,-,-,o,-,-,-,n,-,i,-,-,-,-,i,-,-,-,-,-
embu1241,-,-,x,-,e,-,e,-,-,-,T,-,-,-,-,-,-,-,-,-,o,-,-,-,-,-,o,-,-,-,n,-,i,-,-,-,-,i,-,-,-,-,-
embu1241,-,-,x,-,e,-,e,-,-,-,T,-,-,-,-,-,-,-,-,-,o,-,-,-,-,-,o,-,-,-,n,-,i,-,-,-,-,i,-,-,-,-,-
kiku1240,-,-,-,-,-,-,-,-,-,-,5,-,-,-,-,-,-,-,-,-,-,-,-,-,-,-,o,-,-,-,n,-,-,-,-,-,-,i,-,-,-,-,-
kamb1297,-,-,-,-,-,-,-,-,-,-,5,-,-,-,-,-,-,-,-,-,-,-,-,-,-,-,o,-,-,-,5,-,-,-,-,-,-,i,-,-,-,-,-
kamb1297,-,-,-,-,-,-,-,-,-,-,5,-,-,-,-,-,-,-,-,-,-,-,-,-,-,-,o,-,-,-,5,-,-,-,-,-,-,i,-,-,-,-,-
kamb1297,-,-,-,-,-,-,e,-,-,-,s,-,-,-,-,-,-,-,-,-,-,-,-,-,-,-,o,-,-,-,n,-,-,-,-,-,-,e,-,-,-,-,-
dhai1238,-,-,-,-,-,-,-,-,-,-,5,-,-,-,-,-,-,-,-,-,-,-,-,-,-,-,o,-,-,-,5,-,-,-,-,-,-,i,-,-,-,-,-
temi1247,-,-,-,-,-,-,-,-,-,-,5,-,-,-,-,-,-,-,-,-,-,-,-,-,-,-,o,-,-,-,5,-,-,-,-,-,-,i,-,-,-,-,-
moch1256,-,-,k,-,-,-,i,-,-,-,l,-,-,-,-,-,-,-,-,-,-,-,-,-,-,-,e,-,-,-,h,-,-,-,-,-,-,e,-,-,-,-,-
vunj1238,-,-,k,-,-,-,i,-,-,-,l,-,-,-,-,-,-,-,-,-,-,-,-,-,-,-,e,-,-,-,y,-,-,-,-,-,-,e,-,-,-,-,-
vunj1238,-,-,k,-,-,-,i,-,-,-,l,-,-,-,-,-,-,y,-,-,-,-,-,-,-,-,e,-,-,-,y,-,-,-,-,-,-,e,-,-,-,-,-
vunj1238,-,-,k,-,y,-,i,-,-,-,l,-,-,-,-,-,-,-,-,-,-,-,-,-,-,-,e,-,-,-,y,-,-,-,-,-,-,e,-,-,-,-,-
romb1244,-,-,-,-,-,-,i,7,-,-,t,-,-,-,-,-,-,-,-,-,-,-,-,-,-,-,-,-,-,-,-,-,-,-,-,-,-,e,-,-,-,-,-
romb1244,-,-,-,-,-,-,i,-,-,-,t,-,-,-,-,-,-,-,-,-,-,-,-,-,-,-,-,-,-,-,S,-,-,-,-,-,-,e,-,-,-,-,-
romb1244,-,-,-,-,-,-,i,-,-,-,t,-,-,-,-,-,-,-,-,-,-,-,-,-,-,-,e,-,-,-,y,-,-,-,-,-,-,e,-,-,-,-,-
mach1266,-,-,n,-,-,-,-,-,-,-,d,-,-,-,-,-,-,-,-,-,-,-,-,-,-,-,e,-,-,-,y,-,-,-,-,-,-,e,-,-,-,-,-
mach1266,-,-,-,-,-,-,-,-,-,-,d,-,-,-,-,-,-,-,-,-,-,-,-,-,-,-,e,-,-,-,y,-,-,-,-,-,-,e,-,-,-,-,-
gwen1239,-,-,n,-,-,-,-,-,-,-,d,-,-,-,-,-,-,-,-,-,-,-,-,-,-,-,e,g,-,-,h,-,-,-,-,-,-,e,-,-,-,-,-
kahe1238,-,-,n,-,-,-,-,-,-,-,d,-,-,-,-,-,-,-,-,-,-,-,-,-,-,-,e,g,-,-,h,-,-,-,-,-,-,e,-,-,-,-,-
maor1244,-,-,-,-,-,-,-,-,-,-,5,-,-,-,-,-,-,-,-,-,u,-,-,-,-,-,u,-,-,-,5,-,-,-,-,-,-,i,-,-,-,-,-
ndzw1235,-,-,-,-,-,-,-,-,-,-,5,-,-,-,-,-,-,-,-,-,u,-,-,-,-,-,u,-,-,-,5,-,-,-,-,-,-,i,-,-,-,-,-
ngaz1238,-,-,-,-,-,-,-,-,-,-,n,-,-,-,-,-,-,-,-,-,u,-,-,-,-,-,u,-,-,-,n,-,-,-,-,-,-,i,-,-,-,-,-
nyan1308,-,-,m,-,b,a,a,-,-,-,l,-,-,-,-,-,-,-,-,-,-,-,-,-,-,-,a,-,-,-,m,-,-,-,-,-,-,e,-,-,-,-,-
kund1255,-,-,m,-,b,-,a,-,-,-,l,-,-,-,-,-,-,-,-,-,-,-,-,-,-,-,a,-,-,-,m,-,-,-,-,-,-,e,-,-,-,-,-
tumb1250,-,-,t,-,S,-,i,-,-,-,y,-,-,-,-,-,-,-,-,-,-,-,-,-,-,-,u,-,-,-,n,-,-,-,-,-,-,i,-,-,-,-,-
shon1251,-,-,-,-,S,-,i,-,i,-,r,-,-,-,-,-,-,-,-,-,-,-,-,-,-,-,i,-,-,-,-,-,-,-,-,-,-,i,-,-,-,-,-
kala1384,-,-,-,-,-,-,-,-,-,-,5,-,-,-,-,-,-,-,-,-,-,-,-,-,-,-,u,-,-,-,n,-,-,-,-,-,-,i,-,-,-,-,-
vend1245,-,-,t,-,S,-,i,-,-,-,n,-,-,-,-,-,-,-,-,-,-,-,-,-,-,-,o,-,-,-,n,-,-,-,-,-,-,i,-,-,-,-,-
luya1241,-,-,-,-,-,-,-,-,-,-,n,-,-,-,-,-,-,y,-,-,u,-,-,-,-,-,u,-,-,-,n,-,y,-,-,-,-,i,-,-,-,-,-
nkoy1244,-,-,k,-,-,-,a,-,-,-,y,-,-,-,-,-,-,-,-,-,-,-,-,-,-,-,o,-,-,-,n,-,-,-,-,-,-,i,-,-,-,-,-
taab1238,-,-,-,-,-,-,-,-,-,-,k,-,-,-,-,-,-,-,-,-,o,o,-,o,-,-,o,-,-,-,n,-,i,-,-,-,-,i,-,-,-,-,-
bemb1257,-,-,-,-,-,-,i,-,i,-,T,-,-,-,-,-,-,-,-,-,-,-,-,-,-,-,o,-,-,-,n,-,-,-,-,-,-,i,-,-,-,-,-
lala1264,-,-,-,-,-,-,i,-,-,-,T,-,-,-,-,-,-,-,-,-,-,-,-,-,-,-,u,-,-,-,n,-,-,-,-,-,-,i,-,-,-,-,-
lamb1271,-,-,-,-,-,-,i,-,-,-,T,-,-,-,-,-,-,-,-,-,-,-,-,-,-,-,u,-,-,-,n,-,-,-,-,-,-,i,-,-,-,-,-
kaon1241,-,-,k,-,-,-,a,-,-,-,N,-,-,-,-,-,-,-,-,-,-,-,-,-,-,-,o,-,-,-,n,-,y,-,-,-,-,i,-,-,-,-,-
lenj1248,-,-,k,-,-,-,a,-,-,-,y,-,-,-,-,-,-,-,-,-,-,-,-,-,-,-,u,-,-,-,n,-,-,-,-,-,-,i,-,-,-,-,-
soli1239,-,-,k,-,-,-,a,-,-,-,k,-,-,-,-,-,-,-,-,-,-,-,-,-,-,-,e,-,-,-,n,-,-,-,-,-,-,i,-,-,-,-,-
tong1318,-,i,m,-,-,-,u,-,-,-,y,-,-,-,-,-,-,-,-,-,-,-,-,-,-,-,u,-,-,-,n,-,-,-,-,-,-,i,-,-,-,-,-
luba1250,-,-,-,-,-,-,-,-,-,-,k,-,-,-,-,-,-,-,-,-,-,-,-,-,-,-,o,-,-,-,n,-,-,-,-,-,-,i,-,-,-,-,-
hemb1242,-,-,-,-,-,-,-,-,-,-,-,-,-,-,-,-,-,-,-,-,-,-,-,-,-,-,o,-,o,-,n,-,-,-,-,-,-,i,-,-,-,-,-
sang1331,-,-,-,-,-,-,-,-,-,-,-,-,-,-,-,-,-,-,-,-,-,-,-,-,-,-,o,-,-,-,n,-,-,-,-,-,-,i,-,-,-,-,-
song1303,-,-,-,-,-,-,-,-,-,-,k,-,-,-,-,-,-,-,-,-,o,-,-,-,-,-,o,-,-,-,n,-,-,-,-,-,-,i,-,-,-,-,-
luba1249,-,-,-,-,-,-,-,-,-,-,5,-,-,-,-,-,-,u,-,u,u,-,-,-,-,-,u,-,-,-,5,-,i,-,-,-,-,i,-,-,-,-,-
enya1247,-,-,k,-,-,-,a,-,a,-,n,-,-,-,-,-,-,-,-,-,u,-,-,-,-,-,u,-,-,-,n,-,i,-,-,-,-,i,-,-,-,-,-
song1300,-,-,k,-,-,-,a,-,a,-,n,-,-,-,-,-,-,y,-,-,o,-,-,-,-,-,o,-,-,-,n,-,i,-,-,-,-,i,-,-,-,-,-
holo1240,-,-,k,-,a,-,a,-,-,-,5,-,-,-,-,-,-,-,-,-,o,-,-,-,-,-,o,-,-,-,5,-,i,-,-,-,-,i,-,-,-,-,-
diri1252,-,-,-,-,-,-,-,-,-,-,-,-,-,-,-,-,-,-,-,-,-,-,-,-,-,-,-,-,-,-,d,-,i,-,-,-,-,i,-,r,a,a,-
buku1249,-,-,-,-,-,-,-,-,-,-,5,-,-,-,-,-,-,-,-,-,u,-,-,-,-,-,u,-,-,-,n,-,i,-,-,-,-,i,-,-,-,-,-
mitu1240,-,-,m,-,o,-,o,-,-,-,y,-,-,-,-,-,-,-,-,-,-,-,-,-,-,-,o,-,o,-,n,-,i,-,-,-,-,i,-,-,-,-,-
lega1249,-,-,k,-,a,-,a,-,-,-,z,-,-,-,-,-,-,-,-,-,-,-,-,-,-,-,o,-,o,-,n,-,i,-,-,-,-,i,-,-,-,-,-
nyan1304,-,-,m,-,u,-,u,-,-,-,r,-,-,-,-,-,-,-,-,-,-,-,-,-,-,-,o,-,o,-,n,g,e,-,-,-,-,e,-,-,-,-,-
amba1263,-,-,n,-,-,-,-,-,-,-,y,-,-,-,-,-,-,-,-,-,-,-,-,-,-,-,u,-,-,-,n,-,-,-,-,-,-,i,-,-,-,-,-
lozi1239,-,-,-,-,-,-,-,-,-,-,5,-,u,-,-,-,-,5,-,-,-,-,-,-,-,-,u,-,-,-,n,-,-,-,-,-,-,i,-,-,-,-,-
kgal1244,-,-,-,-,-,-,-,-,-,-,n,-,-,-,-,-,-,5,-,-,-,-,-,-,-,-,a,-,-,-,n,-,-,-,-,-,-,e,-,-,-,-,-
tswa1253,-,-,-,-,-,-,-,-,-,-,n,-,o,-,-,-,o,5,-,-,a,-,-,-,-,-,a,-,-,-,n,-,i,-,-,-,-,i,-,-,-,-,-
tswa1255,-,-,T,-,-,-,i,-,-,-,5,-,a,-,-,-,-,5,-,-,-,-,-,-,-,-,a,-,-,-,n,-,-,-,-,-,-,i,-,-,-,-,-
tson1249,-,-,-,-,-,-,-,-,-,-,5,-,a,-,-,-,-,5,-,-,-,-,-,-,-,-,a,-,-,-,n,-,-,-,-,-,-,a,-,-,-,-,-
xhos1239,-,-,-,-,-,-,i,-,-,-,n,-,t,-,-,-,-,-,-,-,-,-,-,-,-,-,a,-,-,-,k,-,-,-,-,-,-,a,-,-,-,-,-
zulu1248,-,-,-,-,-,-,i,-,-,-,n,-,y,-,-,-,-,-,-,-,-,-,-,-,-,-,o,-,-,-,n,-,-,-,-,-,-,i,-,-,-,-,-
zulu1248,-,-,i,-,-,-,i,-,-,-,5,-,o,-,-,-,-,-,-,-,-,-,-,-,-,-,o,-,-,-,n,-,i,-,-,-,-,i,-,-,-,-,-
makh1261,-,m,w,a,a,-,a,-,-,-,n,-,-,-,-,-,-,-,-,-,u,-,-,-,-,-,u,-,-,-,n,-,-,-,-,-,-,i,-,-,-,-,-
makh1264,-,m,w,a,a,-,a,-,-,-,n,-,-,-,-,-,-,-,-,-,u,-,-,-,-,-,u,-,-,-,n,-,-,-,-,-,-,i,-,-,-,-,-
buyu1239,-,-,-,-,-,-,-,-,-,-,n,-,-,-,-,-,-,-,-,-,-,-,-,-,-,-,o,-,-,-,5,-,i,-,-,-,-,i,-,-,-,-,-
song1299,-,-,-,-,-,-,-,-,-,-,n,-,-,-,-,-,-,-,-,-,i,-,-,-,-,-,i,-,-,-,n,-,-,-,-,-,-,-,-,-,-,-,-
song1299,-,-,-,-,-,-,-,-,-,-,m,-,-,-,-,-,-,-,-,-,w,-,-,-,-,-,i,-,-,-,n,-,-,-,-,-,-,-,-,-,-,-,-
ding1239,-,-,-,-,-,-,-,-,-,-,n,-,-,-,-,-,-,-,-,-,-,-,-,-,-,-,i,-,-,-,n,-,-,-,-,-,-,-,-,-,-,-,-
ding1239,-,-,-,-,-,-,-,-,-,-,n,-,-,-,-,-,-,-,-,-,-,-,-,-,-,-,i,-,-,-,m,-,-,-,-,-,-,-,-,-,-,-,-
ding1239,-,-,-,-,-,-,-,-,-,-,n,-,-,-,-,-,-,-,-,-,-,-,-,-,-,-,3,-,-,-,n,-,-,-,-,-,-,-,-,-,-,-,-
yans1239,-,-,-,-,-,-,-,-,-,-,n,-,-,-,-,-,-,-,-,-,-,-,-,-,-,-,u,-,-,-,n,-,-,-,-,-,-,-,-,-,-,-,-
mpuo1241,-,-,-,-,-,-,-,-,-,-,n,-,-,-,-,-,-,-,-,-,o,-,-,-,-,-,o,-,-,-,n,-,-,-,-,-,-,-,-,-,-,-,-
boma1251,-,-,-,-,-,-,-,-,-,-,m,-,-,-,-,-,-,-,-,-,f,-,-,-,-,-,i,-,-,-,l,-,-,-,-,-,-,-,-,-,-,-,-
nzad1234,-,-,-,-,-,-,-,-,-,-,m,p,-,-,-,-,-,f,u,u,u,-,-,-,-,-,u,-,-,-,-,-,-,-,-,-,-,-,-,-,-,-,-
wuum1239,-,-,-,-,-,-,-,-,-,-,n,-,-,-,-,-,-,-,-,-,i,-,-,-,-,-,i,-,-,-,n,-,-,-,-,-,-,-,-,-,-,-,-
lwel1234,-,-,-,-,-,-,-,-,-,-,n,-,-,-,-,-,-,-,-,-,i,-,-,-,-,-,i,-,-,-,n,-,-,-,-,-,-,-,-,-,-,-,-
ngon1267,-,-,-,-,-,-,-,-,-,-,n,-,-,-,-,-,-,w,-,-,i,-,-,-,-,-,i,-,-,-,n,-,-,-,-,-,-,-,-,-,-,-,-
yaka1269,-,-,-,-,-,-,-,-,-,-,n,-,-,-,-,-,-,-,-,-,u,-,-,-,-,-,u,-,-,-,n,-,-,-,-,-,-,i,-,-,-,-,-
suku1259,-,-,-,-,-,-,-,-,-,-,n,-,-,-,-,-,-,-,-,-,u,-,-,-,-,-,u,-,-,-,n,-,-,-,-,-,-,i,-,-,-,-,-
yomb1244,-,-,-,-,-,-,-,-,-,-,n,-,-,-,-,-,-,-,-,-,u,-,-,-,-,-,u,-,-,-,n,-,-,-,-,-,-,i,-,-,-,-,-
yomb1244,-,-,-,-,-,-,-,-,-,-,n,-,-,-,-,-,-,-,-,-,-,-,-,-,-,-,u,-,-,-,n,-,-,-,-,-,-,i,-,-,-,-,-
yomb1244,-,-,-,-,-,-,-,-,-,-,n,-,-,-,-,-,-,-,-,-,-,-,-,-,-,-,u,-,-,-,n,-,-,-,-,-,-,i,-,-,-,-,-
yomb1244,-,-,-,-,-,-,-,-,-,-,n,-,-,-,-,-,-,-,-,-,-,-,-,-,-,-,u,-,-,-,n,-,-,-,-,-,-,i,-,-,-,-,-
koon1244,-,-,-,-,-,-,-,-,-,-,n,-,-,-,-,-,-,-,-,-,-,-,-,-,-,-,u,-,-,-,n,-,-,-,-,-,-,i,-,-,-,-,-
koon1244,-,-,-,-,-,-,-,-,-,-,n,-,-,-,-,-,-,-,-,-,-,-,-,-,-,-,u,-,-,-,n,-,-,-,-,-,-,i,-,-,-,-,-
koon1244,-,-,-,-,-,-,-,-,-,-,n,-,-,-,-,-,-,-,-,-,u,-,-,-,-,-,u,-,-,-,n,-,-,-,-,-,-,i,-,-,-,-,-
koon1244,-,-,-,-,-,-,-,-,-,-,n,-,-,-,-,-,-,-,-,-,-,-,-,-,-,-,u,-,-,-,n,-,-,-,-,-,-,i,-,-,-,-,-
east2782,-,-,-,-,-,-,-,-,-,-,n,-,-,-,-,-,-,-,-,-,-,-,-,-,-,-,u,-,-,-,n,-,-,-,-,-,-,i,-,-,-,-,-
east2782,-,-,-,-,-,-,-,-,-,-,n,-,-,-,-,-,-,-,-,-,-,-,-,-,-,-,u,-,-,-,n,-,i,-,-,-,-,i,-,-,-,-,-
east2782,-,-,-,-,-,-,-,-,-,-,n,-,-,-,-,-,-,-,-,-,-,-,-,-,-,-,u,-,-,-,n,-,-,-,-,-,-,i,-,-,-,-,-
east2782,-,-,-,-,-,-,-,-,-,-,n,-,-,-,-,-,-,-,-,-,-,-,-,-,-,-,u,-,-,-,n,-,-,-,-,-,-,i,-,-,-,-,-
east2782,-,-,-,-,-,-,-,-,-,-,n,-,-,-,-,-,-,-,-,-,-,-,-,-,-,-,u,-,-,-,n,-,-,-,-,-,-,i,-,-,-,-,-
laar1238,-,-,-,-,-,-,-,-,-,-,n,-,-,-,-,-,-,-,-,-,u,-,-,-,-,-,u,-,-,-,n,-,i,-,-,-,-,i,-,-,-,-,-
laar1238,-,-,-,-,-,-,-,-,-,-,n,-,-,-,-,-,-,-,-,-,-,-,-,-,-,-,u,-,-,-,n,-,-,-,-,-,-,i,-,-,-,-,-
kuny1238,-,-,-,-,-,-,-,-,-,-,5,-,-,-,-,-,-,-,-,-,-,-,-,-,-,-,u,-,-,-,5,-,-,-,-,-,-,a,-,-,-,-,-
suun1239,-,-,-,-,-,-,-,-,-,-,n,-,-,-,-,-,-,-,-,-,u,-,-,-,-,-,u,-,-,-,n,-,-,-,-,-,-,i,-,-,-,-,-
beem1239,-,-,k,-,i,-,i,-,-,-,n,-,-,-,-,-,-,-,-,-,u,-,-,-,-,-,u,-,-,-,n,-,i,-,-,-,-,i,-,-,-,-,-
sans1272,-,-,-,-,-,-,-,-,-,-,n,-,-,-,-,-,-,-,-,-,-,-,-,-,-,-,u,-,-,-,n,-,-,-,-,-,-,i,-,-,-,-,-
hung1278,-,-,-,-,-,-,-,-,-,-,n,-,-,-,-,-,-,w,-,-,i,-,-,-,-,-,i,-,-,-,n,-,i,-,-,-,-,i,-,-,-,-,-
sira1266,-,-,-,-,-,-,-,-,-,-,5,-,-,-,-,-,-,-,-,-,o,-,-,-,-,-,o,-,-,-,n,-,-,-,-,-,-,i,-,-,-,-,-
sang1333,-,-,-,-,-,-,-,-,-,-,5,-,-,-,-,-,-,-,-,-,-,-,-,-,-,-,o,-,-,-,5,-,-,-,-,-,-,i,-,-,-,-,-
sang1333,-,-,-,-,-,-,-,-,-,-,5,-,-,-,-,-,-,-,-,-,-,-,-,-,-,-,o,-,-,-,5,-,-,-,-,-,-,i,-,-,-,-,-
punu1239,-,-,-,-,-,-,-,-,-,-,t,-,-,-,-,-,-,-,-,-,s,-,-,-,-,-,o,-,-,-,l,-,-,-,-,-,-,i,-,-,-,-,-
ngub1239,-,-,-,-,-,-,-,-,-,-,5,-,-,-,-,-,-,-,-,-,-,-,-,-,-,-,u,-,-,-,n,-,-,-,-,-,-,i,-,-,-,-,-
lumb1249,-,-,-,-,-,-,-,-,-,-,n,-,-,-,-,-,-,-,-,-,-,-,-,-,-,-,u,-,-,-,n,-,-,-,-,-,-,i,-,-,-,-,-
vili1238,-,-,-,-,-,-,-,-,-,-,n,-,-,-,-,-,-,-,-,-,-,-,-,-,-,-,u,-,-,-,n,-,-,-,-,-,-,i,-,-,-,-,-
vili1238,-,-,-,-,-,-,-,-,-,-,n,-,-,-,-,-,-,-,-,-,-,-,-,-,-,-,u,-,-,-,n,-,-,-,-,-,-,i,-,-,-,-,-
ibal1241,-,-,-,-,-,-,-,-,-,-,n,-,-,-,-,-,-,-,-,-,-,-,-,-,-,-,u,-,-,-,n,-,-,-,-,-,-,i,-,-,-,-,-
teke1274,-,-,-,-,-,-,-,-,-,-,n,-,-,-,-,-,-,-,-,-,-,-,-,-,-,-,u,-,-,-,n,-,-,-,-,-,-,i,-,-,-,-,-
njeb1242,-,-,-,-,-,-,-,-,-,-,5,-,-,-,-,-,-,-,-,-,-,-,-,-,-,-,o,-,-,-,d,-,-,-,-,-,-,i,-,-,-,-,-
tsaa1242,-,-,-,-,-,-,-,-,-,-,5,-,-,-,-,-,-,-,-,-,-,-,-,-,-,-,u,-,-,-,d,-,-,-,-,-,-,i,-,-,-,-,-
wand1266,-,-,-,-,-,-,-,-,-,-,5,-,-,-,-,-,-,-,-,-,-,-,-,-,-,-,o,-,-,-,r,-,-,-,-,-,-,i,-,-,-,-,-
wand1266,-,-,-,-,-,-,-,-,-,-,5,-,-,-,-,-,-,-,-,-,-,-,-,-,-,-,o,-,-,-,r,-,-,-,-,-,-,i,-,-,-,-,-
duma1253,-,-,-,-,-,-,-,-,-,-,5,-,-,-,-,-,-,-,-,-,-,-,-,-,-,-,o,-,-,-,d,-,-,-,-,-,-,i,-,-,-,-,-
duma1253,-,-,-,-,-,-,-,-,-,-,5,-,-,-,-,-,-,-,-,-,-,-,-,-,-,-,o,-,-,-,r,-,-,-,-,-,-,i,-,-,-,-,-
vili1239,-,-,-,-,-,-,-,-,-,-,5,-,-,-,-,-,-,-,-,-,-,-,-,-,-,-,o,-,-,-,r,-,-,-,-,-,-,i,-,-,-,-,-
kani1279,-,-,-,-,-,-,-,-,-,-,5,-,-,-,-,-,-,-,-,-,-,-,-,-,-,-,u,-,-,-,n,-,-,-,-,-,-,i,-,-,-,-,-
kani1279,-,-,-,-,-,-,-,-,-,-,5,-,-,-,-,-,-,-,-,-,-,-,-,-,-,-,o,-,-,-,r,-,-,-,-,-,-,i,-,-,-,-,-
ndum1239,-,-,-,-,-,-,-,-,-,-,5,-,-,-,-,-,-,-,-,-,-,-,-,-,-,-,o,-,-,-,n,-,-,-,-,-,-,i,-,-,-,-,-
tchi1245,-,-,-,-,-,-,-,-,-,-,N,-,-,-,-,-,-,-,-,-,w,-,-,-,-,-,i,-,-,-,n,-,-,-,-,-,-,i,-,-,-,-,-
mber1257,-,-,-,-,-,-,-,-,-,-,5,-,-,-,-,-,-,-,-,-,w,-,-,-,-,-,e,-,-,-,y,-,-,-,-,-,-,-,-,-,-,-,-
mber1257,-,-,-,-,-,-,-,-,-,-,5,-,-,-,-,-,-,-,-,-,w,-,-,-,-,-,e,-,-,-,y,-,-,-,-,-,-,i,-,-,-,-,-
teke1275,-,-,-,-,-,-,-,-,-,-,5,-,-,-,-,-,-,-,-,-,w,-,-,-,-,-,o,-,-,-,n,-,-,-,-,-,-,i,-,-,-,-,-
teke1275,-,-,-,-,-,-,-,-,-,-,5,-,-,-,-,-,-,-,-,-,-,-,-,-,-,-,o,-,-,-,n,-,-,-,-,-,-,i,-,-,-,-,-
teke1275,-,-,-,-,-,-,-,-,-,-,5,-,-,-,-,-,-,-,-,-,-,-,-,-,-,-,o,-,-,-,n,-,-,-,-,-,-,i,-,-,-,-,-
tien1242,-,-,-,-,-,-,-,-,-,-,5,-,-,-,-,-,-,-,-,-,-,-,-,-,-,-,o,-,-,-,5,-,-,-,-,-,-,i,-,-,-,-,-
chok1245,-,-,-,-,-,-,-,-,-,-,k,-,-,-,-,-,-,-,-,-,-,-,-,-,-,-,a,-,-,-,y,-,-,-,-,-,-,i,-,l,-,a,-
holu1245,-,-,-,-,-,-,-,-,-,-,k,-,-,-,-,-,-,-,-,-,-,-,-,-,-,-,a,-,a,-,z,-,-,-,-,-,-,i,i,l,-,a,-
luva1239,-,-,-,-,-,-,-,-,-,-,-,-,-,-,-,-,-,-,-,-,-,-,-,-,-,-,-,-,-,-,y,-,-,-,-,-,-,i,i,l,a,a,-
mbun1249,-,-,-,-,-,-,-,-,-,-,k,-,-,-,-,-,-,-,-,-,-,-,-,-,-,-,a,-,a,-,z,-,-,-,-,-,-,i,-,l,-,a,-
kuan1247,-,-,-,-,-,-,-,-,-,-,-,-,-,-,-,-,-,-,-,-,-,-,-,-,-,-,o,-,-,-,d,-,-,-,-,-,-,i,-,l,-,a,-
ndon1254,-,-,-,-,-,-,-,-,-,-,-,-,-,-,-,-,-,-,-,-,-,-,-,-,-,-,o,k,a,d,Z,-,-,-,-,-,-,i,-,l,-,a,-
kwan1273,-,-,-,-,-,-,-,-,-,-,s,-,-,-,-,-,-,-,-,-,-,-,-,-,-,-,i,-,-,-,d,-,-,-,-,-,-,i,-,r,-,a,-
here1253,-,-,-,-,-,-,-,-,-,-,-,-,-,-,-,-,-,-,-,-,-,-,-,-,-,-,o,-,-,-,n,-,d,-,-,-,-,e,-,r,-,a,-
kimb1241,-,-,-,-,-,-,-,-,-,-,n,-,-,-,-,-,-,-,-,-,-,-,-,-,-,-,-,-,-,-,y,-,-,-,-,-,-,i,-,l,-,a,-
phen1239,-,-,-,-,-,-,-,-,-,-,n,-,-,-,-,-,-,-,-,-,-,-,-,-,-,-,-,-,-,-,y,-,-,-,-,-,-,i,-,l,-,a,-
kwes1244,-,-,d,-,-,-,u,-,-,-,n,-,-,-,-,-,-,-,-,-,-,-,-,-,-,-,-,-,-,-,z,-,i,-,-,-,-,i,-,l,-,a,-
sond1250,-,-,-,-,-,-,-,-,-,-,n,-,-,-,-,-,-,-,-,-,-,-,-,-,-,-,-,-,-,-,z,-,-,-,-,-,-,i,-,l,-,a,-
mbal1257,-,-,-,-,-,-,-,-,-,-,n,-,-,-,-,-,-,-,-,-,-,-,-,-,-,-,d,-,-,-,z,-,-,-,-,-,-,i,-,l,-,a,-
lwal1238,-,-,n,-,-,-,-,-,-,-,n,-,-,-,-,-,-,-,-,-,-,-,-,-,-,-,-,-,-,-,Z,-,-,-,-,-,-,i,-,l,-,a,-
umbu1257,-,-,-,-,-,-,o,-,o,-,n,-,-,-,-,-,-,-,-,-,-,-,-,-,-,-,-,-,-,-,y,-,i,-,-,-,-,i,-,l,a,a,-
lund1266,-,-,-,-,-,-,-,-,-,-,k,-,-,-,-,-,-,-,-,-,a,-,-,m,-,-,u,-,-,-,l,-,-,-,-,-,-,i,-,a,-,-,-
ruun1238,-,-,-,-,-,-,-,-,-,-,k,-,-,-,-,-,-,-,-,-,a,-,-,-,-,-,-,-,-,-,y,-,-,-,-,-,-,i,-,l,-,-,-
sala1268,-,-,-,-,-,-,-,-,-,-,-,-,-,-,-,-,-,-,-,-,-,-,-,-,-,-,-,-,-,-,y,-,-,-,-,-,-,i,-,l,-,a,-
kany1247,-,-,-,-,-,-,-,-,-,-,k,-,-,-,-,-,-,-,-,-,o,-,-,-,-,-,o,-,-,-,5,-,-,-,-,-,-,-,-,-,-,-,-
zamb1245,-,-,-,-,-,-,-,-,-,-,n,-,-,-,-,-,-,y,-,-,o,-,-,-,-,-,o,-,-,-,z,-,i,-,-,-,-,i,-,-,-,-,-
mpam1239,-,-,-,-,-,-,-,-,-,-,n,-,-,-,-,-,-,g,-,-,-,-,-,-,-,-,o,-,-,-,l,-,-,-,-,-,-,i,-,-,-,-,-
maba1270,-,-,-,-,-,-,i,-,-,-,p,-,-,-,-,-,-,-,-,-,-,-,-,-,-,-,u,-,-,-,l,-,u,-,-,-,-,u,-,-,-,-,-
ling1263,-,-,-,-,-,-,-,-,-,-,n,-,-,-,-,-,-,-,-,-,-,-,-,-,-,-,-,-,-,-,d,-,e,-,-,-,k,e,-,-,-,-,-
bang1354,-,-,-,-,-,-,-,-,-,-,n,-,-,-,-,-,-,-,-,-,-,-,-,-,-,-,o,-,-,-,l,-,i,-,-,-,-,i,-,-,-,-,-
mong1338,-,-,-,-,-,-,-,-,-,-,m,-,-,-,-,-,-,p,-,-,u,-,-,-,-,-,u,-,-,-,l,-,u,-,-,-,-,u,-,-,-,-,-
mong1338,-,-,-,-,-,-,-,-,-,-,m,-,-,-,-,-,-,p,-,-,-,-,-,-,-,-,u,-,-,-,l,-,u,-,-,-,-,u,-,-,-,-,-
mbos1242,-,-,-,-,-,-,-,-,-,-,5,-,-,-,-,-,-,-,-,-,-,-,-,-,-,-,o,-,-,-,s,-,-,-,-,-,-,i,-,-,-,-,-
mbos1242,-,-,-,-,-,-,-,-,-,-,5,-,-,-,-,-,-,-,-,-,-,-,-,-,-,-,o,-,-,-,s,-,i,-,-,-,-,i,-,-,-,-,-
mbos1242,-,-,-,-,-,-,-,-,-,-,5,-,-,-,-,-,-,-,-,-,-,-,-,-,-,-,o,-,-,-,s,-,i,-,-,-,-,i,-,-,-,-,-
mbos1242,-,-,-,-,-,-,-,-,-,-,5,-,-,-,-,-,-,-,-,-,-,-,-,-,-,-,o,-,-,-,s,-,i,-,-,-,-,i,-,-,-,-,-
mbos1242,-,-,-,-,-,-,-,-,-,-,5,-,-,-,-,-,-,-,-,-,-,-,-,-,-,-,o,-,-,-,s,-,i,-,-,-,-,i,-,-,-,-,-
koyo1242,-,-,-,-,-,-,-,-,-,-,5,-,-,-,-,-,-,-,-,-,-,-,-,-,-,-,o,-,-,-,s,-,i,-,-,-,-,i,-,-,-,-,-
koyo1242,-,-,-,-,-,-,-,-,-,-,5,-,-,-,-,-,-,-,-,-,-,-,-,-,-,-,o,-,o,-,s,-,i,-,-,-,-,i,-,-,-,-,-
mbok1243,-,-,-,-,-,-,-,-,-,-,5,-,-,-,-,-,-,-,-,-,-,-,-,-,-,-,o,-,-,-,s,-,i,-,-,-,-,i,-,-,-,-,-
akwa1248,-,-,-,-,-,-,-,-,-,-,5,-,-,-,-,-,-,-,-,-,-,-,-,-,-,-,o,-,-,-,s,-,i,-,-,-,-,i,-,-,-,-,-
dibo1245,-,-,-,-,-,-,i,-,-,-,n,-,-,-,-,-,-,y,-,-,-,-,-,-,-,-,o,-,-,-,d,-,-,-,-,-,-,i,-,-,-,-,-
dibo1245,-,-,-,-,-,-,i,-,-,-,n,-,-,-,-,-,-,y,-,-,-,-,-,-,-,-,o,-,-,-,d,-,-,-,-,-,-,i,-,-,-,-,-
bomi1238,-,-,-,-,-,-,-,-,-,-,n,-,-,-,-,-,-,y,-,-,-,-,-,-,-,-,o,-,-,-,d,-,-,-,-,-,-,i,-,-,-,-,-
bong1284,-,-,-,-,-,-,-,-,-,-,5,-,-,-,-,-,-,-,-,-,-,-,-,-,-,-,o,-,-,-,d,-,-,-,-,-,-,i,-,-,-,-,-
yaka1272,-,-,-,-,-,-,-,-,-,-,5,-,-,-,-,-,-,-,-,-,o,-,-,-,-,-,o,-,-,-,d,-,i,-,-,-,-,i,-,-,-,-,-
ngom1268,-,-,-,-,-,-,-,-,-,-,m,-,-,-,-,-,-,b,-,-,-,-,-,-,-,-,u,-,-,-,l,-,-,-,-,-,-,u,-,-,-,-,-
bamw1238,-,-,l,-,-,-,i,-,-,-,t,-,-,-,-,-,-,-,-,-,-,-,-,-,-,-,o,-,-,-,d,Z,E,-,-,-,-,E,-,-,-,-,-
bamw1238,-,-,-,-,-,-,i,-,-,-,t,-,-,-,-,-,-,-,-,-,-,-,-,-,-,-,o,-,-,-,l,-,u,-,-,-,-,u,-,-,-,-,-
bamw1238,-,-,-,-,-,-,i,-,-,-,t,-,-,-,-,-,-,-,-,-,-,-,-,-,-,-,o,-,-,-,g,-,E,-,-,-,-,E,-,-,-,-,-
ndol1238,-,-,-,-,-,-,i,-,-,-,t,-,-,-,-,-,-,-,-,-,-,-,-,-,-,-,o,-,-,-,l,-,-,-,-,-,-,u,-,-,-,-,-
bolo1263,-,-,-,-,-,-,e,-,e,-,m,-,-,-,-,-,-,b,-,-,u,-,-,-,-,-,u,-,-,-,l,-,-,-,-,-,-,u,-,-,-,-,-
budz1238,-,-,-,-,-,-,-,-,-,-,m,-,-,-,-,-,-,b,-,-,u,-,-,-,-,-,u,-,-,-,-,-,-,-,-,-,-,u,-,-,-,-,-
bwel1238,-,-,-,-,-,-,e,-,e,-,m,-,-,-,-,-,-,b,-,-,-,-,-,-,-,-,u,-,-,-,d,-,u,-,-,-,-,u,-,-,-,-,-
sode1235,-,-,-,-,-,-,-,-,-,-,n,-,-,-,-,-,-,-,-,-,-,-,-,-,-,-,u,-,-,-,l,-,-,-,-,-,-,i,-,-,-,-,-
sode1235,-,-,-,-,-,-,-,-,-,-,n,-,-,-,-,-,-,-,-,-,-,-,-,-,-,-,o,-,-,-,l,-,-,-,-,-,-,i,-,-,-,-,-
kele1255,-,-,-,-,-,-,-,-,-,-,n,-,-,-,-,-,-,-,-,-,-,-,-,-,-,-,o,-,-,-,l,-,-,-,-,-,-,i,-,-,-,-,-
mbol1247,-,-,-,-,-,-,i,-,-,-,n,-,-,-,-,-,-,-,-,-,-,-,-,-,-,-,o,-,-,-,l,-,-,-,-,-,-,i,-,-,-,-,-
lomb1260,-,-,-,-,-,-,-,-,-,-,n,-,-,-,-,-,-,-,-,-,-,-,-,-,-,-,u,-,-,-,l,-,-,-,-,-,-,i,-,-,-,-,-
tete1250,-,-,-,-,-,-,-,-,-,-,f,-,-,-,-,-,-,-,-,-,o,-,-,-,-,-,o,-,-,-,d,-,o,-,-,-,-,o,-,-,-,-,-
ombo1238,-,-,-,-,-,-,-,-,-,-,f,-,-,-,-,-,-,-,-,-,-,-,-,-,-,-,o,-,-,-,l,-,o,-,-,-,-,o,-,-,-,-,-
deng1250,-,-,-,-,-,-,m,-,-,-,f,-,-,-,-,-,-,-,-,-,-,-,-,-,-,-,-,-,-,-,-,-,u,-,-,-,-,u,-,-,-,-,-
bush1247,-,-,-,-,-,-,-,-,-,-,p,-,-,-,-,-,-,-,-,-,-,-,-,-,-,-,u,-,-,-,l,-,-,-,-,-,-,-,-,-,-,-,-
wong1247,-,-,-,-,-,-,-,-,-,-,p,-,-,-,-,-,-,-,-,-,u,-,-,-,-,-,u,-,-,-,r,-,-,-,-,-,-,u,-,-,-,-,-
ngul1247,-,-,-,-,-,-,-,-,-,-,n,-,-,-,-,-,-,E,-,-,-,-,-,-,-,-,E,-,-,-,n,-,-,-,-,-,-,-,-,-,-,-,-
saka1287,-,-,-,-,-,-,-,-,-,-,n,-,-,-,-,-,-,f,-,-,-,-,-,-,-,-,u,-,-,-,l,-,-,-,-,-,-,u,-,-,-,-,-
bata1285,-,-,-,-,-,-,i,-,-,-,n,-,-,-,-,-,-,-,-,-,-,-,-,-,-,-,o,-,-,-,n,-,-,-,-,-,-,i,-,-,-,-,-
beng1282,-,-,-,-,-,-,i,-,-,-,n,-,-,-,-,-,-,-,-,-,-,-,-,-,-,-,o,-,-,-,n,-,-,-,-,-,-,i,-,-,-,-,-
yasa1242,-,-,-,-,v,-,i,-,-,-,n,-,-,-,-,-,-,-,-,-,y,-,-,-,-,-,o,-,-,-,n,-,i,-,-,-,-,i,-,-,-,-,-
dual1243,-,-,-,-,-,-,i,-,-,-,n,-,-,-,-,-,-,-,-,-,o,-,-,-,-,-,o,-,-,-,n,-,-,-,-,-,-,-,-,-,-,-,-
mali1280,-,-,-,-,i,-,i,-,-,-,n,-,-,-,-,-,-,-,-,-,o,-,-,-,-,-,o,-,-,-,n,-,-,-,-,-,-,-,-,-,-,-,-
orok1266,-,-,-,-,i,-,i,-,-,-,n,-,-,-,-,-,-,-,-,-,-,-,-,-,-,-,o,-,-,-,-,-,-,-,-,-,-,o,-,-,-,-,-
orok1266,-,-,-,-,-,-,i,-,-,-,n,-,-,-,-,-,-,-,-,-,-,-,-,-,-,-,o,-,-,-,-,-,-,-,-,-,-,-,-,-,-,-,-
orok1266,-,-,-,-,i,-,i,-,-,-,n,-,-,-,-,-,-,-,-,-,-,-,-,-,-,-,o,-,-,-,-,-,-,-,-,-,-,o,-,-,-,-,-
mokp1239,-,-,-,-,i,-,i,-,-,-,n,-,-,-,-,-,-,-,-,-,o,-,-,-,-,-,o,-,-,-,n,-,i,-,-,-,-,i,-,-,-,-,-
ndas1238,-,-,-,-,-,-,-,-,-,-,5,-,-,-,-,-,-,-,-,-,-,-,-,-,-,-,o,-,-,-,d,-,z,-,-,-,-,i,-,-,-,-,-
wumb1242,-,-,-,-,-,-,-,-,-,-,5,-,-,-,-,-,-,-,-,-,-,-,-,-,-,-,o,-,-,-,d,-,Z,-,-,-,-,i,-,-,-,-,-
sigh1238,-,-,-,-,-,-,-,-,-,-,5,-,-,-,-,-,-,-,-,-,o,-,-,-,-,-,o,-,-,-,d,-,i,-,-,-,-,i,-,-,-,-,-
osam1235,-,-,-,-,-,-,-,-,-,-,5,-,-,-,-,-,-,-,-,-,-,-,-,-,-,-,o,-,-,-,d,-,-,-,-,-,-,i,-,-,-,-,-
maho1248,-,-,-,-,-,-,i,-,-,-,5,-,-,-,-,-,-,-,-,-,-,-,-,-,-,-,o,-,-,-,d,-,Z,-,-,-,-,i,-,-,-,-,-
kota1274,-,-,-,-,-,-,i,-,-,-,5,-,-,-,-,-,-,-,-,-,-,-,-,-,-,-,o,-,-,-,d,-,Z,-,-,-,-,i,-,-,-,-,-
mwes1234,-,-,-,-,-,-,a,-,-,-,n,-,-,-,-,-,-,-,-,-,-,-,-,-,-,-,o,-,-,-,n,-,-,-,-,-,-,i,-,-,-,-,-
mban1268,-,-,-,-,-,-,i,-,-,-,n,-,-,-,-,-,-,-,-,-,-,-,-,-,-,-,o,-,-,-,n,-,-,-,-,-,-,i,-,-,-,-,-
kele1257,-,-,-,-,-,-,i,-,-,-,n,-,-,-,-,-,-,-,-,-,-,-,-,-,-,-,o,-,-,-,n,-,-,-,-,-,-,e,-,-,-,-,-
ngom1270,-,-,-,-,-,-,i,-,-,-,n,-,-,-,-,-,-,-,-,-,-,-,-,-,-,-,o,-,-,-,n,-,-,-,-,-,-,i,-,-,-,-,-
ngom1270,-,-,-,-,-,-,i,-,-,-,n,-,-,-,-,-,-,-,-,-,-,-,-,-,-,-,o,-,-,-,n,-,-,-,-,-,-,i,-,-,-,-,-
ndam1254,-,-,-,-,l,-,i,-,-,-,n,-,-,-,-,-,-,-,-,-,-,-,-,-,-,-,o,-,-,-,n,-,-,-,-,-,-,u,-,-,-,-,-
ndam1254,-,-,-,-,-,-,-,-,-,-,n,-,-,-,-,-,-,-,-,-,-,-,-,-,-,-,o,-,-,-,n,-,-,-,-,-,-,i,-,-,-,-,-
ndam1254,-,-,-,-,-,-,-,-,-,-,n,-,-,-,-,-,-,-,-,-,-,-,-,-,-,-,o,-,-,-,n,-,-,-,-,-,-,i,-,-,-,-,-
sake1247,-,-,-,-,-,-,-,-,-,-,n,-,-,-,-,-,-,-,-,-,-,-,-,-,-,-,o,-,-,-,n,-,-,-,-,-,-,u,-,-,-,-,-
eviy1235,-,-,-,-,-,-,-,-,-,-,5,-,-,-,-,-,-,-,-,-,-,-,-,-,-,-,o,-,-,-,n,-,-,-,-,-,-,i,-,-,-,-,-
bubi1250,-,-,-,-,-,-,-,-,-,-,5,-,-,-,-,-,-,-,-,-,-,-,-,-,-,-,o,-,-,-,n,-,-,-,-,-,-,i,-,-,-,-,-
tsog1243,-,-,-,-,-,-,-,-,-,-,5,-,-,-,-,-,-,-,-,-,-,-,-,-,-,-,o,-,-,-,-,-,-,-,-,-,-,i,-,-,-,-,-
simb1254,-,-,-,-,-,-,e,-,-,-,5,-,-,-,-,-,-,-,-,-,-,-,-,-,-,-,o,-,-,-,y,-,-,-,-,-,-,i,-,-,-,-,-
pinj1243,-,-,-,-,-,-,e,-,-,-,5,-,-,-,-,-,-,-,-,-,-,-,-,-,-,-,o,-,-,-,y,-,-,-,-,-,-,i,-,-,-,-,-
kand1300,-,-,-,-,-,-,e,-,-,-,5,-,-,-,-,-,-,-,-,-,-,-,-,-,-,-,o,-,-,-,5,-,-,-,-,-,-,i,-,-,-,-,-
myen1241,-,-,-,-,-,-,-,-,-,-,5,-,-,-,-,-,-,-,-,-,o,-,-,-,-,-,o,-,-,-,n,-,i,-,-,-,-,i,-,-,-,-,-
myen1241,-,-,-,-,-,-,-,-,-,-,5,-,-,-,-,-,-,-,-,-,-,-,-,-,-,-,o,-,-,-,n,-,-,-,-,-,-,i,-,-,-,-,-
myen1241,-,-,-,-,-,-,-,-,-,-,5,-,-,-,-,-,-,-,-,-,-,-,-,-,-,-,o,-,-,-,n,-,-,-,-,-,-,i,-,-,-,-,-
myen1241,-,-,-,-,-,-,-,-,-,-,5,-,-,-,-,-,-,-,-,-,-,-,-,-,-,-,o,-,-,-,n,-,-,-,-,-,-,i,-,-,-,-,-
myen1241,-,-,-,-,-,-,-,-,-,-,5,-,-,-,-,-,-,-,-,-,-,-,-,-,-,-,o,-,-,-,n,-,-,-,-,-,-,i,-,-,-,-,-
bulu1251,-,-,-,-,o,-,o,-,-,-,n,-,-,-,-,-,-,-,-,-,-,-,-,-,-,-,o,-,-,-,n,-,-,-,-,-,-,-,-,-,-,-,-
fang1246,-,-,-,-,-,-,o,-,-,-,n,-,-,-,-,-,-,-,-,-,-,-,-,-,-,-,o,-,-,-,n,-,-,-,-,-,-,-,-,-,-,-,-
fang1246,-,-,-,-,-,-,o,-,-,-,n,-,-,-,-,-,-,-,-,-,w,-,-,-,-,-,a,-,-,-,n,-,-,-,-,-,-,-,-,-,-,-,-
ewon1239,-,-,-,-,-,-,a,-,-,-,n,-,-,-,-,-,-,-,-,-,o,-,-,-,-,-,o,-,-,-,n,-,-,-,-,-,-,a,-,-,-,-,-
eton1253,-,-,-,-,u,-,u,-,-,-,n,-,-,-,-,-,-,w,-,-,a,-,-,-,-,-,a,-,-,-,n,-,-,-,-,-,-,-,-,-,-,-,-
eton1253,-,-,-,-,u,-,u,-,-,-,n,-,-,-,-,-,-,-,-,-,o,-,-,-,-,-,o,-,-,-,n,-,-,-,-,-,-,-,-,-,-,-,-
eton1253,-,-,-,-,o,-,o,-,-,-,n,-,-,-,-,-,-,-,-,-,u,-,-,-,-,-,i,-,-,-,n,-,-,-,-,-,-,-,-,-,-,-,-
eton1253,-,-,v,-,i,-,-,-,-,-,n,-,-,-,-,-,-,-,-,-,o,-,-,-,-,-,o,-,-,-,n,-,-,-,-,-,-,-,-,-,-,-,-
bebe1248,-,-,-,-,a,-,a,-,-,-,n,-,-,-,-,-,-,-,-,-,3,3,-,3,-,-,3,-,-,-,N,-,-,-,-,-,-,-,-,-,-,-,-
baro1252,-,-,f,-,i,-,i,-,-,-,n,-,-,-,-,-,-,-,-,-,u,-,-,-,-,-,u,-,-,-,n,-,-,-,-,-,-,-,-,-,-,-,-
bank1256,-,-,f,-,i,-,i,-,-,-,n,-,-,-,-,-,-,-,-,-,u,-,-,-,-,-,u,-,-,-,n,-,-,-,-,-,-,-,-,-,-,-,-
basa1284,-,-,h,-,-,-,i,-,-,-,n,-,-,-,-,-,-,-,-,-,-,-,-,-,-,-,u,-,-,-,n,-,-,-,-,-,-,i,-,-,-,-,-
akoo1248,-,-,m,-,u,-,u,-,-,-,n,-,-,-,-,-,-,-,-,-,o,-,-,-,-,-,o,-,-,-,-,-,-,-,-,-,-,-,-,-,-,-,-
akoo1248,-,-,-,-,e,-,e,-,-,-,n,-,-,-,-,-,-,-,-,-,o,-,-,-,-,-,o,-,-,-,n,-,-,-,-,-,-,-,-,-,-,-,-
baka1273,-,-,-,-,-,-,-,-,-,-,n,-,-,-,-,-,-,-,-,-,o,-,-,-,-,-,o,-,-,-,n,-,-,-,-,-,-,-,-,-,-,-,-
baka1273,-,-,-,-,E,-,E,-,-,-,n,-,-,-,-,-,-,-,-,-,o,-,-,-,-,-,o,-,-,-,n,-,-,-,-,-,-,-,-,-,-,-,-
mboc1235,-,-,-,-,a,-,a,-,-,-,n,-,-,-,-,-,-,-,-,-,o,-,-,-,-,-,o,-,-,-,n,-,-,-,-,-,-,-,-,-,-,-,-
bass1260,-,-,m,-,u,-,u,-,-,-,n,-,-,-,-,-,-,w,-,-,o,-,-,-,-,-,o,-,-,-,n,-,-,-,-,-,-,-,-,-,-,-,-
bafa1247,-,-,w,-,u,-,u,-,-,-,n,-,-,-,-,-,-,-,-,-,o,-,-,-,-,-,o,-,-,-,n,-,-,-,-,-,-,-,-,-,-,-,-
nkon1247,-,-,m,-,3,-,3,-,-,-,n,-,-,-,-,-,-,-,-,-,o,o,-,o,-,-,o,-,-,-,-,-,-,-,-,-,-,-,-,-,-,-,-
kako1242,-,-,-,-,-,-,-,-,-,-,n,-,-,-,-,-,-,-,-,-,o,-,-,-,-,-,o,-,-,-,n,-,-,-,-,-,-,-,-,-,-,-,-
seki1238,-,-,-,-,-,-,-,-,-,-,n,-,-,-,-,-,-,-,-,-,-,-,-,-,-,-,o,-,-,-,n,-,-,-,-,-,-,u,-,-,-,-,-
kwak1266,-,-,-,-,-,-,-,-,-,-,n,-,-,-,-,-,-,-,-,-,o,-,-,-,-,-,o,-,-,-,n,-,-,-,-,-,-,-,-,-,-,-,-
kolc1235,-,-,-,-,-,-,-,-,-,-,n,-,-,-,-,-,-,-,-,-,u,-,-,-,-,-,u,-,-,-,n,-,-,-,-,-,-,-,-,-,-,-,-
maka1304,-,-,-,-,-,-,-,-,-,-,n,-,-,-,-,-,-,-,-,-,-,-,-,-,-,-,u,-,-,-,n,-,u,-,-,-,-,u,-,-,-,-,-
shiw1234,-,-,-,-,-,-,-,-,-,-,n,-,-,-,-,-,-,-,-,-,w,-,-,-,-,-,3,-,-,-,n,-,-,-,-,-,-,i,-,-,-,-,-
kwas1243,-,-,-,-,-,-,-,-,-,-,n,-,-,-,-,-,-,-,-,-,-,-,-,-,-,-,u,-,E,-,n,-,-,-,-,-,-,-,-,-,-,-,-
mpie1238,-,-,-,-,-,-,-,-,-,-,n,-,-,-,-,-,-,-,-,-,o,-,-,-,-,-,o,-,-,-,n,-,i,-,-,-,-,i,-,-,-,-,-
bomw1238,-,-,-,-,-,-,-,-,-,-,n,-,-,-,-,-,-,-,-,-,o,-,-,-,-,-,o,-,-,-,n,-,i,-,-,-,-,i,-,-,-,-,-
koon1245,-,-,-,-,-,-,-,-,-,-,n,-,-,-,-,-,-,-,-,-,3,-,-,-,-,-,3,-,-,-,n,-,-,-,-,-,-,-,-,-,-,-,-
njye1238,-,-,-,-,-,-,-,-,-,-,n,-,-,-,-,-,-,-,-,-,3,-,-,-,-,-,3,-,-,-,n,-,-,-,-,-,-,-,-,-,-,-,-
bekw1242,-,-,-,-,-,-,-,-,-,-,n,-,-,-,-,-,-,-,-,-,-,-,-,-,-,-,i,-,-,-,n,-,-,-,-,-,-,-,-,-,-,-,-
bekw1242,-,-,-,-,-,-,-,-,-,-,n,-,-,-,-,-,-,-,-,-,-,-,-,-,-,-,i,-,-,-,n,-,-,-,-,-,-,-,-,-,-,-,-
lika1243,-,-,-,-,-,-,-,-,-,-,m,-,-,-,-,-,-,b,-,-,-,-,-,-,-,-,u,-,-,-,-,-,-,-,-,-,-,u,-,-,-,-,-
bali1274,-,-,s,-,-,-,u,-,-,-,m,-,-,-,-,-,-,b,-,-,u,u,-,l,-,-,u,-,-,-,-,-,-,-,-,-,-,u,-,-,-,-,-
bwaa1238,-,-,-,-,-,-,i,-,-,-,m,-,-,-,-,-,-,b,-,-,w,-,-,-,-,-,i,-,-,-,-,-,-,-,-,-,-,i,-,-,-,-,-
bwaa1238,-,-,-,-,-,-,-,-,-,-,m,-,-,-,-,-,-,b,-,-,w,-,-,-,-,-,i,-,-,-,-,-,-,-,-,-,-,i,-,-,-,-,-
pagi1243,-,-,-,-,-,-,-,-,-,-,m,-,-,-,-,-,-,b,-,-,-,-,-,-,-,-,u,-,-,-,y,-,-,-,-,-,-,e,-,-,-,-,-
komo1260,-,-,-,-,-,-,-,-,-,-,m,-,-,-,-,-,-,-,-,-,-,-,-,b,-,-,u,-,-,-,-,-,-,-,-,-,-,-,-,-,-,-,-
bila1255,-,-,-,-,-,-,-,-,-,-,-,-,-,-,-,-,-,b,-,-,-,a,-,b,-,-,u,-,-,-,-,-,-,-,-,-,-,-,-,-,-,-,-
bila1255,-,-,-,-,-,-,-,-,-,-,m,-,-,-,-,-,-,b,-,-,a,a,-,b,-,-,u,-,-,-,-,-,-,-,-,-,-,u,-,-,-,-,-
kang1285,-,-,-,-,-,-,-,-,-,-,m,-,-,-,-,-,-,b,-,-,-,a,-,b,-,-,u,-,-,-,-,-,-,-,-,-,-,u,-,-,-,-,-
bera1259,-,-,-,-,-,-,-,-,-,-,m,-,-,-,-,-,-,b,-,-,u,u,-,l,-,-,u,-,-,-,-,-,-,-,-,-,-,u,-,-,-,-,-
homa1239,-,-,-,-,-,-,-,-,-,-,m,-,-,-,-,-,-,b,-,-,-,-,-,-,-,-,u,-,-,-,r,-,-,-,-,-,-,u,-,-,-,-,-
ndak1241,-,-,p,-,E,-,E,-,-,-,p,-,-,-,-,-,-,-,-,-,-,-,-,-,-,-,E,-,-,-,-,-,-,-,-,-,-,E,-,-,-,-,-
mbod1238,-,-,p,-,E,-,E,-,-,-,p,-,-,-,-,-,-,-,-,-,-,-,-,-,-,-,E,-,-,-,-,-,-,-,-,-,-,E,-,-,-,-,-
budu1250,-,i,n,-,-,-,-,-,-,-,n,-,-,-,-,-,-,-,-,-,-,-,-,-,-,-,o,-,-,-,-,-,-,-,-,-,-,i,-,-,-,-,-
budu1250,-,-,m,-,u,-,u,-,-,-,n,-,-,-,-,-,-,-,-,-,-,-,-,-,-,-,o,-,-,-,-,-,-,-,-,-,-,i,-,-,-,-,-
budu1250,-,-,m,-,u,-,-,-,-,-,n,-,-,-,-,-,-,-,-,-,-,-,-,-,-,-,o,-,-,-,y,-,-,-,-,-,-,i,-,-,-,-,-
nyal1250,-,-,m,-,u,-,u,-,-,-,n,-,-,-,-,-,-,y,-,-,o,-,-,-,-,-,o,-,-,-,l,-,i,-,-,-,-,i,-,-,-,-,-
leng1258,-,-,-,-,-,-,-,-,-,-,n,-,-,-,-,n,-,n,-,-,-,-,-,-,-,-,o,-,-,-,l,-,-,-,-,-,-,i,-,-,-,-,-
tuki1240,-,-,-,-,-,-,i,-,-,-,n,-,o,-,-,-,-,-,-,-,o,-,-,-,-,-,o,-,-,-,n,-,i,-,-,-,-,i,-,-,-,-,-
nugu1242,-,-,-,-,-,-,i,-,-,-,n,-,-,-,-,-,-,-,-,-,-,-,-,-,-,-,o,-,-,-,n,-,i,-,-,-,-,i,-,-,-,-,-
mmaa1238,-,-,-,-,i,-,i,-,-,-,n,-,-,-,-,-,-,-,-,-,o,-,-,-,-,-,o,-,-,-,n,-,i,-,-,-,-,i,-,-,-,-,-
elip1238,-,-,-,-,i,-,i,-,-,-,n,-,-,-,-,-,-,-,-,-,o,-,-,-,-,-,o,-,-,-,5,-,i,-,-,-,-,i,-,-,-,-,-
yang1293,-,-,-,-,i,-,i,-,-,-,n,-,-,-,-,-,-,-,-,-,o,-,-,-,-,-,o,-,-,-,n,-,i,-,-,-,-,i,-,-,-,-,-
yang1293,-,-,-,-,-,-,i,-,-,-,n,-,-,-,-,-,-,-,-,-,-,-,-,-,-,-,o,-,-,-,n,-,-,-,-,-,-,i,-,-,-,-,-
nuba1241,-,-,f,-,i,-,i,-,-,-,n,-,-,-,-,-,-,-,-,-,o,-,-,-,-,-,o,-,-,-,5,-,o,-,-,-,-,o,-,-,-,-,-
yamb1252,-,-,-,-,-,-,-,-,-,-,k,-,-,-,-,-,-,-,-,-,-,-,-,-,-,-,e,-,-,-,-,-,-,-,-,-,-,e,-,s,a,a,k
tune1261,-,-,h,-,i,-,i,-,-,-,n,-,-,-,-,-,-,-,-,-,-,-,-,-,-,-,o,-,-,-,n,-,-,-,-,-,-,i,-,-,-,-,-
noma1260,-,-,h,-,-,-,i,-,-,-,n,-,-,-,-,-,-,-,-,-,-,-,-,-,-,-,o,-,-,-,n,y,i,-,-,-,-,i,-,-,-,-,-
nyok1243,-,-,f,-,i,-,i,-,-,-,n,-,-,-,-,-,-,-,-,-,-,-,-,-,-,-,u,-,-,-,n,-,-,-,-,-,-,-,-,-,-,-,-
bube1242,-,e,s,-,-,-,i,-,-,-,n,-,-,-,-,-,-,-,-,-,-,-,-,-,-,-,o,-,-,-,r,-,i,-,-,-,-,i,-,-,-,-,-
bafi1243,-,-,-,-,-,-,-,-,-,-,f,-,-,-,-,-,-,-,-,-,i,-,-,-,-,-,i,-,-,-,-,-,i,-,i,l,3,3,-,-,-,-,-
bafi1243,-,-,-,-,-,-,-,-,-,-,f,-,-,-,-,-,-,-,-,-,3,-,-,-,-,-,3,-,-,-,5,-,i,-,-,-,-,i,-,-,-,-,-
tibe1274,-,-,-,-,-,-,-,-,-,-,p,-,-,-,-,-,-,-,-,-,3,-,-,-,-,-,3,-,-,-,n,-,i,-,-,-,-,i,-,-,-,-,-
bile1244,-,-,-,-,-,-,-,-,-,-,m,-,-,-,-,-,-,-,-,-,-,-,-,-,-,-,-,-,-,-,i,-,y,-,-,-,a,a,-,-,-,-,-
mbul1260,-,-,-,-,-,-,-,-,-,-,n,-,-,-,-,-,-,-,-,-,-,-,-,-,-,-,-,-,-,-,-,-,y,-,-,-,e,e,-,l,-,-,-
mbul1260,-,-,-,-,-,-,-,-,-,-,n,-,-,-,-,-,-,-,-,-,-,-,-,-,-,-,-,-,-,-,n,-,y,-,-,-,-,a,-,l,-,-,-
mbul1260,-,-,-,-,-,-,-,-,-,-,n,-,-,-,-,-,-,-,-,-,-,-,-,-,-,-,-,-,-,-,-,-,y,-,-,-,e,e,-,l,-,-,-
kulu1255,-,-,-,-,-,-,-,-,-,-,m,-,-,-,-,-,-,-,-,-,u,-,-,-,-,-,u,-,-,-,n,-,y,i,i,l,i,i,-,-,-,-,-
dugu1249,-,-,-,-,-,-,-,-,-,-,n,-,-,-,-,-,-,-,-,-,-,-,-,-,-,-,-,-,-,-,-,-,y,-,-,-,a,a,-,l,-,-,-
komc1235,3,3,f,-,3,-,3,-,-,-,5,-,-,-,-,-,-,-,-,-,i,-,-,y,-,i,i,-,-,-,n,-,-,-,-,-,-,-,-,-,-,-,-
okuu1243,-,-,f,-,3,-,3,-,-,-,n,-,-,-,-,-,-,-,-,-,u,-,-,-,-,-,u,-,-,-,n,-,-,-,-,-,-,-,-,-,-,-,-
aghe1239,-,-,f,-,3,-,3,-,-,-,n,-,-,-,-,-,-,w,-,-,3,-,-,-,-,-,3,-,-,-,n,-,-,-,-,-,-,-,-,-,-,-,-
meta1238,-,-,f,-,i,-,i,-,-,-,n,-,-,-,-,-,-,-,-,-,3,-,-,-,-,-,3,n,-,-,n,-,-,-,-,-,-,-,-,-,-,-,-
njen1238,-,-,-,-,a,-,a,-,-,-,5,-,-,-,-,-,-,-,-,-,3,-,-,-,-,-,3,-,-,-,n,-,-,-,-,-,-,-,-,-,-,-,-
bamu1253,-,-,-,-,-,-,-,-,-,-,m,-,-,-,-,-,-,-,-,-,o,o,-,s,i,i,i,-,-,-,-,-,-,-,-,-,-,-,-,-,-,-,-
mung1266,-,-,-,-,-,-,-,-,-,-,m,-,-,-,-,-,-,-,-,-,3,3,7,s,-,3,3,-,-,-,N,-,-,-,-,-,-,-,-,-,-,-,-
fefe1239,-,-,-,-,-,-,-,-,-,-,-,-,-,-,-,-,-,-,-,-,-,-,-,s,-,a,a,-,-,-,k,-,-,-,-,-,-,-,-,-,-,-,-
tivv1240,-,-,-,-,i,-,i,-,-,-,n,-,-,-,-,-,-,y,-,-,o,-,-,-,-,-,o,-,-,-,n,-,-,-,-,-,-,-,-,-,-,-,-
