language,x1,x2,x3,x4,x5,x6,x7,x8,x9,x10,x11,x12,x13,x14,x15,x16,x17,x18,x19,x20,x21,x22,x23,x24,x25,x26,x27,x28,x29,x30,x31,x32,x33,x34,x35
doee1238,-,-,-,-,-,-,-,-,-,-,-,d,-,-,-,-,-,-,-,e,-,-,k,-,-,-,-,-,-,-,a,-,-,-,-
kwer1261,-,k,-,u,-,-,-,-,-,-,-,d,-,-,-,-,-,-,-,e,-,-,k,-,-,-,-,-,-,-,a,-,-,-,-
kami1256,-,k,-,u,-,-,-,-,-,-,-,d,-,-,-,-,-,-,-,e,-,-,k,-,-,-,-,-,-,-,a,-,-,-,-
zara1247,-,k,-,u,-,-,-,-,-,-,-,d,-,-,-,-,-,-,-,e,-,-,k,-,-,-,-,-,-,-,a,-,-,-,-
kutu1263,-,k,-,u,-,-,-,-,-,-,-,d,-,-,-,-,-,-,-,e,-,-,k,-,-,-,-,-,-,-,a,-,-,-,-
sham1280,-,k,-,u,-,-,-,-,-,-,-,t,-,-,-,a,-,h,-,i,-,-,k,-,-,-,-,-,-,-,a,-,-,-,-
bond1247,-,k,-,u,-,-,-,-,-,-,-,t,-,-,-,a,-,h,-,i,-,-,k,-,-,-,-,-,-,-,a,-,-,-,-
zigu1244,-,k,-,u,-,-,-,-,-,-,-,t,-,-,-,a,-,h,-,i,-,-,k,-,-,-,-,-,-,-,a,-,-,-,-
ngul1246,-,k,-,u,-,-,-,-,-,-,-,t,-,-,-,a,-,h,-,i,-,-,k,-,-,-,-,-,-,-,a,-,-,-,-
gogo1263,-,-,-,-,-,-,-,-,-,-,-,d,-,-,-,e,-,-,-,e,-,-,k,-,-,-,-,-,-,-,a,-,-,-,-
kagu1239,-,-,-,-,-,-,-,-,-,-,-,d,-,-,-,-,-,-,-,e,-,-,k,-,-,-,-,-,-,-,a,-,-,-,-
lugu1238,-,k,-,u,-,-,-,-,-,-,-,d,-,-,-,-,-,-,-,e,-,-,k,-,-,-,-,-,-,-,a,-,-,-,-
lang1320,-,k,-,u,-,-,-,-,-,-,-,t,-,-,-,a,-,y,-,i,-,-,k,-,-,-,-,-,-,-,a,-,-,-,-
tait1250,-,k,-,u,-,-,-,-,-,-,-,d,-,-,-,a,-,-,-,i,-,-,k,-,-,-,-,-,-,-,a,-,-,-,-
saga1256,-,k,-,w,-,-,-,-,-,-,-,-,-,-,-,e,-,-,-,e,-,-,z,-,-,-,-,-,-,-,a,-,-,-,-
tave1240,-,-,-,-,-,-,-,-,-,-,-,t,-,-,-,a,-,h,-,i,-,-,k,-,-,-,-,-,-,-,a,-,-,-,-
asut1235,-,-,-,-,-,-,-,-,-,-,-,t,-,-,-,a,a,h,i,i,-,-,k,-,-,-,-,a,-,-,a,-,-,-,-
asut1235,-,-,-,-,-,-,-,-,-,-,-,t,-,-,-,a,-,h,-,i,-,-,k,-,-,-,-,-,-,-,a,-,-,-,-
asut1235,-,-,-,-,-,-,-,-,-,-,-,t,-,-,-,a,-,h,-,i,-,-,k,-,-,-,-,-,-,-,a,-,-,-,-
giry1241,-,-,-,-,-,-,-,-,-,-,-,h,-,-,-,a,-,h,-,i,-,-,k,-,-,-,-,-,-,-,a,-,-,-,-
digo1243,-,-,-,-,-,-,-,-,-,-,-,h,-,-,-,a,-,b,-,i,-,-,k,-,-,-,-,-,-,-,a,-,-,-,-
poko1261,-,-,-,-,-,-,-,-,-,-,-,h,-,-,-,a,-,p,-,i,-,-,k,-,-,-,-,-,-,-,a,-,-,-,-
chim1312,-,-,-,-,-,-,-,-,-,-,-,t,-,-,-,a,-,p,-,i,-,-,k,-,-,-,-,-,-,-,a,-,-,-,-
swah1253,-,-,-,-,-,-,-,-,-,-,-,t,-,-,-,a,-,p,-,i,-,-,k,-,-,-,-,-,-,-,a,-,-,-,-
swah1253,-,-,-,-,-,-,-,-,-,-,-,t,-,-,-,a,-,p,-,i,-,-,k,-,-,-,-,-,-,-,a,-,-,-,-
swah1253,-,-,-,-,-,-,-,-,-,-,-,t,-,-,-,a,-,p,-,i,-,-,k,-,-,-,-,-,-,-,a,-,-,-,-
swah1253,-,-,-,-,-,-,-,-,-,-,-,t,-,-,-,a,-,p,-,i,-,-,k,-,-,-,-,-,-,-,a,-,-,-,-
swah1253,-,-,-,-,-,-,-,-,-,-,-,t,-,S,-,a,-,p,-,i,-,-,k,-,-,-,-,-,-,-,a,-,-,-,-
mwan1247,-,-,-,-,-,-,-,-,-,-,-,t,-,-,-,a,-,p,-,i,-,-,k,-,-,-,-,-,-,-,a,-,-,-,-
ilwa1237,-,-,-,-,-,-,-,-,-,-,-,t,-,-,-,a,-,p,i,i,-,-,k,-,-,-,-,-,-,-,a,-,-,-,-
nden1248,-,k,-,u,-,-,-,-,-,-,-,t,-,-,-,a,-,p,-,i,-,-,k,-,-,-,-,-,-,-,a,-,-,-,-
nden1248,-,k,-,u,-,-,-,-,-,-,-,t,-,-,-,a,-,p,-,i,-,-,k,-,-,-,-,-,-,-,a,-,-,-,-
matu1259,-,-,-,-,-,-,-,-,-,-,-,t,-,-,-,a,-,p,-,i,-,-,k,-,-,-,-,-,-,-,a,-,-,-,-
ngin1244,-,k,-,u,-,-,-,-,-,-,-,t,-,-,-,a,-,p,-,i,-,-,k,-,-,-,-,-,-,-,a,-,-,-,-
mate1258,-,k,-,u,-,-,-,-,-,-,-,t,-,-,-,a,-,p,-,i,-,-,k,-,-,-,-,-,-,-,a,-,-,-,-
mpot1240,-,k,-,u,-,-,-,-,-,-,-,t,-,-,-,a,-,p,-,i,-,-,k,-,-,-,-,-,-,-,a,-,-,-,-
mand1423,-,-,-,-,-,-,-,-,-,-,-,d,-,-,-,-,-,-,-,e,-,-,k,-,-,-,-,-,-,-,a,-,-,-,-
tanz1241,-,-,-,-,-,-,-,-,-,-,-,d,-,-,-,-,-,-,-,e,-,-,k,-,-,-,-,-,-,-,a,-,-,-,-
yaoo1241,-,k,-,u,-,-,-,-,-,-,-,t,-,-,-,a,-,p,-,i,-,-,k,-,-,-,-,-,-,-,a,-,-,-,-
mwer1248,-,k,-,u,-,-,-,-,-,-,-,l,-,-,-,-,-,-,-,u,-,-,k,-,-,-,-,u,-,l,a,-,-,-,-
mako1251,-,k,-,u,-,-,-,-,-,-,-,t,-,-,-,a,-,p,-,i,-,-,k,-,-,-,-,-,-,-,a,-,-,-,-
mako1251,-,-,-,-,-,-,-,-,-,-,-,t,-,-,-,a,-,p,i,i,-,-,k,-,-,-,-,-,-,-,a,-,-,-,-
ndam1239,-,-,-,-,-,-,-,-,-,-,-,t,-,-,-,a,-,p,-,i,-,-,k,-,-,-,-,-,-,-,a,-,-,-,-
mbun1248,-,-,-,-,-,-,-,-,-,-,-,t,-,-,-,a,-,p,-,i,-,-,k,-,-,-,-,-,-,-,a,-,-,-,-
pogo1243,-,-,-,-,-,-,-,-,-,-,-,t,-,-,-,a,-,p,-,i,-,-,k,-,-,-,-,-,-,-,a,-,-,-,-
pang1287,-,-,-,-,-,-,-,-,-,-,-,d,-,-,-,-,-,-,-,e,-,-,x,-,-,-,-,-,-,-,a,-,-,-,-
nucl1379,-,-,-,-,-,-,-,-,-,-,-,d,-,-,-,-,-,-,-,e,-,-,k,-,-,-,-,-,-,-,a,-,-,-,-
hehe1240,-,-,-,-,-,-,-,-,-,-,-,d,-,-,-,e,-,-,-,e,-,-,k,-,-,-,-,-,-,-,a,-,-,-,-
bena1262,-,-,-,-,-,-,-,-,-,-,-,d,-,-,-,e,-,-,-,e,-,-,k,-,-,-,-,-,-,-,a,-,-,-,-
sang1330,-,-,-,-,-,-,-,-,-,-,-,d,-,-,-,-,-,-,-,e,-,-,x,-,-,-,-,-,-,-,a,-,-,-,-
vwan1235,-,k,-,u,-,-,-,-,-,-,-,s,-,w,-,e,-,t,-,u,-,-,l,-,-,-,-,-,-,-,a,-,-,-,-
fipa1238,u,k,-,u,-,-,-,-,-,-,-,l,-,-,-,-,-,-,-,u,-,-,k,-,-,-,-,-,-,-,a,-,-,-,-
mamb1296,-,-,-,-,-,-,-,-,-,-,-,l,-,-,-,-,-,-,-,u,-,-,k,-,-,-,-,-,-,-,a,-,-,-,-
mamb1296,-,-,-,-,-,-,-,-,-,-,-,l,-,-,-,-,-,-,-,u,-,-,k,-,-,-,-,-,-,-,a,-,-,-,-
wand1264,u,k,-,u,-,-,-,-,-,-,-,l,-,-,-,-,-,-,-,u,-,-,k,-,-,-,-,-,-,-,a,-,-,-,-
nyam1275,u,k,-,u,-,-,-,-,-,-,-,l,-,-,-,-,-,-,-,u,-,-,k,-,-,-,-,a,-,-,a,-,-,-,-
pimb1238,u,k,-,u,-,-,-,-,-,-,-,l,-,-,-,-,-,-,-,u,-,-,k,-,-,-,-,-,-,-,a,-,-,-,-
rung1255,u,k,-,u,-,-,-,-,-,-,-,l,-,-,-,-,-,-,-,a,-,-,k,-,-,-,-,-,-,-,a,-,-,-,-
bung1265,-,k,-,u,-,-,-,-,-,-,-,l,-,-,-,-,-,-,-,u,-,-,k,-,-,-,-,-,-,-,a,-,-,-,-
bend1258,-,-,-,-,-,-,-,-,-,-,-,l,-,-,-,-,-,-,-,u,-,-,k,-,-,-,-,a,-,-,a,-,-,-,-
nyih1240,-,k,-,u,-,-,-,-,-,-,-,t,-,-,-,a,-,p,-,i,-,-,h,-,-,-,-,-,-,-,a,-,-,-,-
mali1279,-,k,-,u,-,-,-,-,-,-,-,t,-,-,-,a,-,p,-,i,-,-,h,-,-,-,-,-,-,-,a,-,-,-,-
lamb1272,-,-,-,-,-,-,-,-,-,-,-,t,-,-,-,a,-,p,-,i,-,-,k,-,-,-,-,-,-,-,a,-,-,-,-
safw1238,-,-,-,a,-,-,-,-,-,-,-,t,-,-,-,a,-,p,-,i,-,-,S,-,-,-,-,-,-,-,e,-,-,-,-
ndal1241,-,k,-,u,-,-,-,-,-,-,-,t,-,-,-,a,-,p,-,i,-,-,k,-,-,-,-,-,-,-,a,-,-,-,-
nyak1260,-,k,-,u,-,-,-,-,-,-,-,t,-,-,-,E,-,-,-,E,-,-,k,-,-,-,-,-,-,-,a,-,-,-,-
suku1261,-,g,-,u,-,-,-,-,-,-,-,l,-,-,-,-,-,-,-,u,-,-,k,-,-,-,-,-,-,-,a,-,-,-,-
suku1261,-,g,-,u,-,-,-,-,-,-,-,l,-,-,-,-,-,-,-,u,-,-,k,-,-,-,-,-,-,-,a,-,-,-,-
nyam1276,-,k,-,u,-,-,-,-,-,-,-,l,-,-,-,-,-,-,-,u,-,-,k,-,-,-,-,-,-,-,a,-,-,-,-
sumb1240,-,t,-,a,-,-,-,-,-,-,-,n,-,-,-,-,-,-,-,a,-,-,k,-,-,-,-,-,-,-,a,-,-,-,-
nyat1246,-,-,-,u,-,-,-,-,-,-,-,r,-,-,-,-,-,-,-,u,-,-,k,-,-,-,-,-,-,-,a,-,-,-,-
nyat1246,-,-,-,u,-,-,-,-,-,-,-,r,-,-,-,-,-,-,-,u,-,-,k,-,-,-,-,-,-,-,a,-,-,-,-
kimb1242,-,-,-,-,-,-,-,-,-,-,-,d,-,-,-,e,-,-,-,e,-,-,x,-,-,-,-,-,-,-,a,-,-,-,-
nila1242,-,k,w,i,-,-,-,-,-,-,-,l,-,-,-,u,-,-,-,u,-,-,k,-,-,-,-,-,-,-,a,-,-,-,-
toor1238,-,k,-,u,-,-,-,-,-,-,-,t,-,-,-,a,-,n,-,a,-,-,k,-,-,-,-,-,-,-,a,-,-,-,-
nyan1307,-,k,-,u,-,-,-,-,-,-,-,t,-,-,-,a,-,n,-,a,-,-,k,-,-,-,-,-,-,-,a,-,-,-,-
nyor1246,o,k,-,u,-,-,-,-,-,-,-,t,-,-,-,a,-,n,-,a,-,-,k,-,-,-,-,-,-,-,a,-,-,-,-
chig1238,o,k,-,u,-,-,-,-,-,-,-,t,-,-,-,a,-,n,-,a,-,-,k,-,-,-,-,-,-,-,a,-,-,-,-
nyam1277,-,k,-,u,-,-,-,-,-,-,-,t,-,-,-,a,-,n,-,a,-,-,k,-,-,-,-,-,-,-,a,-,-,-,-
zinz1238,-,k,-,u,-,-,-,-,-,-,-,t,-,-,-,a,-,n,-,a,-,-,k,-,-,-,-,-,-,-,a,-,-,-,-
haya1250,-,k,-,u,-,-,-,-,-,-,-,t,-,-,-,a,-,b,-,i,-,-,k,-,-,-,-,-,-,-,a,-,-,-,-
kere1283,-,k,-,u,-,-,-,-,-,-,-,t,-,-,-,a,-,n,-,a,-,-,k,-,-,-,-,-,-,-,a,-,-,-,-
shub1238,-,g,-,u,-,-,-,-,-,-,-,t,-,-,-,a,-,n,-,a,-,-,k,-,-,-,-,-,-,-,a,-,-,-,-
hang1260,-,k,-,u,-,-,-,-,-,-,-,d,-,-,-,-,-,-,-,a,-,-,h,-,-,-,-,w,-,-,a,-,-,-,-
rund1242,-,k,-,u,-,-,-,-,-,-,-,r,-,-,-,-,-,-,-,u,-,-,k,-,-,-,-,-,-,-,a,-,-,-,-
haaa1252,u,k,-,u,-,-,-,-,-,-,-,d,-,-,-,-,-,-,-,a,-,-,h,-,-,-,-,w,-,-,a,-,-,-,-
vinz1238,u,k,-,u,-,-,-,-,-,-,-,l,-,-,-,-,-,-,-,u,-,-,k,-,-,-,-,-,-,-,a,-,-,-,-
soga1242,o,k,-,u,-,-,-,-,-,-,-,s,-,-,-,e,-,s,-,e,-,-,m,-,-,-,-,-,-,-,a,-,-,-,-
gwer1238,-,k,-,u,-,-,-,-,-,-,-,s,-,-,-,e,-,s,-,e,-,-,m,-,-,-,-,-,-,-,a,-,-,-,-
gand1255,-,k,-,u,-,-,-,-,-,-,-,s,-,-,-,e,-,s,-,e,-,-,m,-,-,-,-,-,-,-,a,-,-,-,-
suba1238,-,-,-,-,-,-,-,-,-,-,-,r,-,-,-,-,-,-,-,o,-,-,k,-,-,-,-,-,-,-,a,-,-,-,-
kuri1259,o,k,-,o,-,-,-,-,-,-,-,r,-,-,-,-,-,-,-,o,-,-,k,-,-,-,-,-,-,-,a,-,-,-,-
kuri1259,o,k,-,o,-,-,-,-,-,-,-,r,-,-,-,-,-,-,-,o,-,-,k,-,-,-,-,-,-,-,a,-,-,-,-
kuri1259,-,b,-,o,-,-,-,-,-,-,-,-,-,-,-,-,-,-,-,o,-,-,T,-,-,-,-,-,-,-,a,-,-,-,-
ngur1263,-,k,-,o,-,-,-,-,-,-,-,r,-,-,-,-,-,-,-,o,-,-,k,-,-,-,-,-,-,-,a,-,-,-,-
ikiz1238,o,k,-,u,-,-,-,-,-,-,-,r,-,-,-,-,-,-,-,o,-,-,k,-,-,-,-,-,-,-,a,-,-,-,-
ikiz1238,-,k,-,o,-,-,-,-,-,-,-,r,-,-,-,-,-,-,-,o,-,-,k,-,-,-,-,-,-,-,a,-,-,-,-
zana1238,-,k,-,u,-,-,-,-,-,-,-,r,-,-,-,-,-,-,-,u,-,-,k,-,-,-,-,-,-,-,a,-,-,-,-
ikom1245,-,k,-,o,-,-,-,-,-,-,-,r,-,-,-,-,-,-,-,o,-,-,k,-,-,-,-,-,-,-,a,-,-,-,-
gusi1247,-,r,-,o,-,-,-,-,-,-,-,-,-,-,-,-,-,-,-,o,-,-,k,-,-,-,-,-,-,-,a,-,-,-,-
jita1239,-,-,-,-,-,t,-,a,-,-,-,n,-,-,-,-,-,-,-,a,-,-,k,-,-,-,-,-,-,-,a,-,-,-,-
kway1241,o,k,-,u,-,t,-,a,-,-,-,n,-,-,-,-,-,-,-,a,-,-,k,-,-,-,-,-,-,-,a,-,-,-,-
kara1481,o,k,-,u,-,-,-,-,-,-,-,l,-,-,-,-,-,-,-,u,-,-,k,-,-,-,-,-,-,-,a,-,-,-,-
saam1283,o,h,-,u,-,-,-,-,-,-,-,s,-,-,-,-,-,-,-,a,-,-,l,-,-,-,-,-,-,-,a,-,-,-,-
saam1283,-,k,h,u,-,-,-,-,-,-,-,s,-,-,-,-,-,-,-,a,-,-,l,-,-,-,-,-,-,-,a,-,-,-,-
logo1258,-,k,-,u,-,-,-,-,-,-,-,r,-,-,-,-,-,-,-,u,-,-,k,-,-,-,-,-,-,-,a,-,-,-,-
masa1299,-,k,h,u,-,-,-,-,-,-,-,l,-,-,-,-,-,-,-,u,-,-,s,-,-,-,-,-,-,-,a,-,-,-,-
shii1238,-,k,-,u,-,-,-,-,-,-,-,S,-,-,-,a,-,-,-,-,-,-,l,-,-,-,-,-,-,-,a,-,-,-,-
chuk1274,-,-,-,-,-,-,-,-,-,-,-,g,-,o,t,a,-,b,-,i,-,-,k,-,-,-,-,-,-,-,a,-,-,-,-
thar1283,-,-,-,-,-,-,-,-,-,-,-,g,-,u,t,a,-,-,-,i,-,-,k,-,-,-,-,-,-,-,a,-,-,-,-
mwim1241,-,-,-,-,-,-,-,-,-,-,-,t,-,a,-,a,-,-,-,e,-,-,k,-,-,-,-,-,-,-,a,-,-,-,-
mwim1241,-,-,-,-,-,-,-,-,-,-,-,t,-,a,-,a,-,-,-,e,-,-,k,-,-,-,-,-,-,-,a,-,-,-,-
meru1245,-,-,-,-,-,-,-,-,-,-,-,t,-,-,-,a,-,-,-,i,-,-,k,-,-,-,-,-,-,-,a,-,-,-,-
meru1245,-,-,-,-,-,-,-,-,-,-,-,t,-,a,-,a,-,-,-,e,-,-,k,-,-,-,-,-,-,-,a,-,-,-,-
meru1245,-,-,-,-,-,-,-,-,-,-,-,-,-,u,t,a,-,-,-,i,-,-,k,-,-,-,-,-,-,-,a,-,-,-,-
meru1245,-,-,-,-,-,-,-,-,-,-,-,g,-,u,t,a,-,-,-,i,-,-,k,-,-,-,-,-,-,-,a,-,-,-,-
meru1245,-,-,-,-,-,-,-,-,-,-,-,y,-,o,-,-,-,-,-,o,-,-,k,-,-,-,-,-,-,-,a,-,-,-,-
meru1245,-,-,-,-,-,-,-,-,-,-,-,t,-,a,-,a,-,-,-,e,-,-,k,-,-,-,-,-,-,-,a,-,-,-,-
meru1245,-,-,-,-,-,-,-,-,-,-,-,t,-,a,-,a,-,-,-,e,-,-,k,-,-,-,-,-,-,-,a,-,-,-,-
embu1241,-,-,-,-,-,-,-,-,-,-,-,t,-,a,-,a,-,v,-,e,-,-,k,-,-,-,-,-,-,-,a,-,-,-,-
embu1241,-,-,-,-,-,-,-,-,-,-,-,t,-,a,-,a,-,v,-,e,-,-,k,-,-,-,-,-,-,-,a,-,-,-,-
kiku1240,-,-,-,-,-,-,-,-,-,-,-,t,-,a,-,a,-,h,-,e,-,-,k,-,-,-,-,-,-,-,a,-,-,-,-
kamb1297,-,-,-,-,-,-,-,-,-,-,-,k,-,o,t,a,-,v,-,e,-,-,k,-,-,-,-,-,-,-,a,-,-,-,-
kamb1297,-,-,-,-,-,-,-,-,-,-,-,k,-,o,t,a,-,v,-,e,-,-,k,-,-,-,-,-,-,-,a,-,-,-,-
kamb1297,-,-,-,-,-,-,-,-,-,-,-,-,-,-,t,a,-,b,-,e,-,-,k,-,-,-,-,-,-,-,a,-,-,-,-
dhai1238,-,-,-,-,-,-,-,-,-,-,-,t,-,-,-,a,-,v,-,e,-,-,k,-,-,-,-,-,-,-,a,-,-,-,-
temi1247,-,-,-,-,-,-,-,-,-,-,-,l,-,-,-,-,-,-,-,o,-,-,k,-,-,-,-,-,-,-,a,-,-,-,-
moch1256,-,-,-,-,-,-,-,-,-,-,-,d,-,-,-,a,-,-,-,i,-,-,k,-,-,-,-,-,-,-,a,-,-,-,-
vunj1238,-,-,-,i,-,-,-,-,-,-,-,L,-,-,-,e,-,-,-,e,-,-,k,-,-,-,-,-,-,-,a,-,-,-,-
vunj1238,-,-,-,-,-,-,-,-,-,-,-,r,-,-,-,e,-,-,-,e,-,-,k,-,-,-,-,-,-,-,a,-,-,-,-
vunj1238,-,-,-,-,-,-,-,-,-,-,-,r,-,e,-,e,-,-,-,e,-,-,k,-,-,-,-,-,-,-,a,-,-,-,-
romb1244,-,-,-,-,-,-,-,-,-,-,-,t,-,S,-,a,-,h,-,i,-,-,k,-,-,-,-,-,-,-,a,-,-,-,-
romb1244,-,-,-,-,-,-,-,-,-,-,-,t,-,S,-,a,-,-,-,i,-,-,k,-,-,-,-,-,-,-,a,-,-,-,-
romb1244,-,-,-,-,-,-,-,-,-,-,-,t,-,-,-,a,-,h,-,i,-,-,k,-,-,-,-,-,-,-,a,-,-,-,-
mach1266,-,-,-,-,-,-,-,-,-,-,-,d,-,a,-,a,-,-,-,a,-,-,k,-,-,-,-,-,-,-,a,-,-,-,-
mach1266,-,-,-,-,-,-,-,-,-,-,-,h,-,-,-,a,-,-,-,i,-,-,k,-,-,-,-,-,-,-,a,-,-,-,-
mach1266,-,-,-,-,-,-,-,-,-,-,-,X,-,-,-,a,-,-,-,a,-,-,k,-,-,-,-,a,-,-,a,-,-,-,-
gwen1239,-,-,-,e,-,-,-,e,-,-,-,r,-,-,-,e,-,-,-,e,-,-,k,-,-,-,-,-,-,-,a,-,-,-,-
kahe1238,-,-,-,-,-,-,-,-,-,-,-,d,-,-,-,a,-,-,-,-,-,-,k,-,-,-,-,-,-,-,a,-,-,-,-
ndzw1235,-,-,-,-,-,-,-,-,-,-,-,r,-,-,-,a,-,v,i,i,-,-,h,-,-,-,-,-,-,-,a,-,-,-,-
ngaz1238,-,-,-,-,-,-,-,-,-,-,-,r,-,-,-,a,-,b,-,i,-,-,h,-,-,-,-,-,-,-,a,-,-,-,-
nyan1308,-,-,-,-,-,-,-,-,-,-,-,s,-,-,-,a,-,n,-,-,-,-,z,-,-,-,-,-,-,-,a,-,-,-,-
shon1251,-,r,-,u,-,-,-,-,-,-,-,t,-,-,-,-,-,-,-,-,-,-,s,-,-,-,-,-,-,-,a,-,-,-,-
kala1384,-,-,-,-,-,-,-,-,-,-,-,t,-,-,-,-,-,-,-,-,-,-,h,-,-,-,-,-,-,-,o,-,-,-,-
vend1245,-,m,-,a,-,-,-,-,-,-,-,t,-,-,-,a,-,n,-,-,-,-,z,-,-,-,-,-,-,-,a,-,-,-,-
taab1238,-,k,-,u,-,-,-,-,-,-,-,l,-,-,-,-,-,-,-,u,-,-,k,-,-,-,-,-,-,-,a,-,-,-,-
bemb1257,-,-,-,-,-,-,-,-,-,-,-,l,-,-,-,-,-,-,-,u,-,-,k,-,-,-,-,-,-,-,-,-,-,-,-
song1303,-,k,-,u,-,-,-,-,-,-,-,l,-,-,-,-,-,-,-,a,-,-,s,-,-,-,-,-,-,-,a,-,-,-,-
luba1249,-,l,-,u,-,-,-,-,-,-,-,-,-,-,-,-,-,-,-,u,-,-,k,-,-,-,-,-,-,-,a,-,-,-,-
holo1240,-,-,-,-,-,-,-,-,-,-,-,l,-,-,-,-,-,-,-,u,-,-,k,-,-,-,-,a,-,-,a,-,-,-,-
diri1252,-,-,-,-,-,-,-,-,-,-,-,r,-,-,-,-,-,-,-,u,-,-,k,-,-,-,-,a,-,-,a,-,-,-,-
buku1249,-,-,-,-,-,-,-,-,-,-,-,r,-,-,-,-,-,-,-,u,u,-,s,y,-,-,-,a,-,-,a,-,-,-,-
mitu1240,-,-,-,-,-,-,-,-,-,-,-,-,-,-,-,o,-,-,-,o,-,-,k,-,-,-,-,-,-,-,a,-,-,-,-
lega1249,-,-,-,-,-,-,-,-,-,-,-,s,-,-,-,a,-,-,-,a,-,-,l,-,-,-,-,-,-,-,a,-,-,-,-
lozi1239,-,-,-,-,-,-,-,-,-,-,-,t,-,-,-,a,-,-,-,-,-,-,-,z,-,-,-,-,-,-,a,-,-,-,-
kgal1244,-,-,-,-,-,-,-,-,-,-,-,r,-,-,-,a,-,-,-,-,-,-,t,s,-,-,-,-,-,-,a,-,-,-,-
tswa1253,-,-,-,-,-,-,-,-,-,-,-,t,-,L,h,a,-,-,-,a,-,-,t,s,-,-,-,a,-,-,a,-,-,-,-
tson1249,-,-,-,-,-,-,-,-,-,-,-,L,-,-,-,a,-,-,-,a,n,-,t,-,-,-,-,-,-,-,a,-,-,-,-
xhos1239,-,-,-,u,-,-,-,-,-,-,-,k,-,-,-,u,-,g,-,a,b,-,h,-,-,-,-,-,-,-,a,-,-,-,-
zulu1248,-,-,-,-,-,-,-,-,-,-,-,-,-,-,-,a,-,m,-,a,-,-,h,l,-,-,-,-,-,-,a,n,z,-,o
zulu1248,-,-,-,-,-,-,-,-,-,-,-,b,-,-,-,u,-,y,-,i,-,-,s,-,-,-,-,-,-,-,a,-,-,-,-
makh1261,-,-,-,-,-,-,-,-,-,-,-,r,-,-,-,a,-,-,-,a,p,-,h,y,-,a,-,a,-,-,a,-,-,-,-
makh1264,-,-,-,u,-,-,-,-,-,-,-,r,-,-,-,a,-,-,-,a,p,-,h,y,-,a,-,a,-,-,a,-,-,-,-
song1299,-,k,-,u,-,t,-,-,-,-,-,s,-,-,-,-,-,-,-,u,-,-,w,-,-,-,-,E,-,-,E,-,-,-,-
ding1239,-,-,-,a,-,-,-,-,-,-,-,l,-,-,-,-,-,-,-,u,-,-,-,-,-,-,-,-,-,-,-,-,-,-,-
ding1239,-,-,-,u,-,-,-,-,-,-,-,l,-,-,-,-,-,-,-,u,-,-,w,-,-,-,-,-,-,-,a,-,-,-,-
yans1239,-,-,-,e,-,s,-,-,-,-,-,h,-,-,-,-,-,-,-,u,-,-,-,-,-,-,-,-,-,-,-,-,-,-,-
mpuo1241,-,k,-,a,-,-,-,-,-,-,-,l,-,-,-,-,-,-,-,u,-,-,-,-,-,-,-,-,-,-,-,-,-,-,-
boma1251,-,-,-,o,-,-,-,-,-,-,-,l,-,-,-,u,-,-,-,u,-,-,k,-,-,-,-,-,-,-,a,-,-,-,-
nzad1234,-,-,-,o,-,-,-,-,-,-,-,l,-,-,-,-,-,-,-,w,-,-,-,-,-,-,-,a,-,-,a,-,-,-,-
yaka1269,-,-,-,-,-,-,-,-,-,-,-,l,-,-,-,u,-,-,-,u,-,-,k,-,-,-,-,a,-,-,a,-,-,-,-
koon1244,-,-,-,-,-,-,-,-,-,-,-,l,-,-,-,-,-,-,-,u,-,-,k,-,-,-,-,-,-,-,a,-,-,-,-
laar1238,-,n,-,-,-,-,-,-,-,-,-,d,-,-,-,u,-,-,-,u,-,-,k,h,i,i,d,i,-,-,i,-,-,-,-
beem1239,-,k,u,u,-,-,-,-,-,-,-,l,-,-,-,u,-,-,-,u,-,-,k,-,-,-,-,a,-,-,a,-,-,-,-
sira1266,-,x,-,u,-,-,-,-,-,-,-,l,-,-,-,-,-,-,-,u,-,-,x,-,-,-,-,-,-,-,3,-,-,-,-
sang1333,-,-,-,u,-,-,-,-,-,-,-,l,-,-,-,-,-,-,-,u,-,-,x,-,-,-,-,-,-,-,3,-,-,-,-
sang1333,-,-,-,u,-,-,-,-,-,-,-,l,-,-,-,-,-,-,-,u,-,-,x,-,-,-,-,-,-,-,3,-,-,-,-
punu1239,-,-,-,u,-,-,-,-,-,-,-,l,-,-,-,-,-,-,-,u,-,-,x,-,-,-,-,-,-,-,3,-,-,-,-
lumb1249,-,-,-,u,-,-,-,-,-,-,-,l,-,-,-,-,-,-,-,u,-,-,x,-,-,-,-,-,-,-,3,-,-,-,-
vili1238,-,-,-,-,-,-,-,-,-,-,-,l,-,-,-,-,-,-,-,u,-,-,k,-,-,-,-,e,-,-,e,-,-,-,-
vili1238,-,k,-,u,-,-,-,-,-,-,-,l,-,-,-,-,-,-,-,u,-,-,k,-,-,-,-,-,-,-,3,-,-,-,-
ibal1241,-,-,-,u,-,-,-,-,-,-,-,l,-,-,-,-,-,-,-,u,-,-,w,-,-,-,-,-,-,-,a,-,-,-,-
njeb1242,-,-,-,u,-,-,-,-,-,-,-,l,-,-,-,-,-,-,-,o,X,-,X,-,-,-,-,-,-,-,-,-,-,-,-
tsaa1242,-,-,-,u,-,b,-,o,n,-,-,d,-,-,-,-,-,-,-,a,-,-,-,-,-,-,-,-,-,-,-,-,-,-,-
wand1266,-,-,-,u,-,-,-,-,-,-,-,l,-,-,-,-,-,-,-,o,-,-,x,-,-,-,-,-,-,-,a,-,-,-,-
wand1266,-,-,-,u,-,-,-,-,-,-,-,l,-,-,-,-,-,-,-,o,-,-,x,-,-,-,-,-,-,-,a,-,-,-,-
duma1253,-,-,-,i,-,-,-,-,-,-,-,l,-,-,-,-,-,-,-,o,-,-,x,-,-,-,-,-,-,-,a,-,-,-,-
duma1253,-,-,-,u,-,-,-,-,-,-,-,l,-,-,-,-,-,-,-,o,-,-,x,-,-,-,-,-,-,-,a,-,-,-,-
kani1279,-,-,-,-,-,-,-,-,-,-,-,l,-,-,-,-,-,-,-,u,-,-,x,-,-,-,-,-,-,-,a,-,-,-,-
kani1279,-,-,-,o,-,-,-,-,-,-,-,l,-,-,-,-,-,-,-,u,-,-,x,-,-,-,-,-,-,-,a,-,-,-,-
ndum1239,-,g,-,i,-,-,-,-,-,-,-,l,-,-,-,-,-,-,-,u,-,-,x,-,-,-,-,-,-,-,a,-,-,-,-
tchi1245,-,k,-,i,-,-,-,-,-,-,-,l,-,-,-,-,-,-,-,u,-,-,k,-,-,-,-,-,-,-,a,-,-,-,-
mber1257,-,-,-,o,-,-,-,-,-,-,-,l,-,-,-,-,-,-,-,-,-,-,w,-,-,-,-,-,-,-,a,-,-,-,-
mber1257,-,-,-,o,-,-,-,-,-,-,-,l,-,-,-,-,-,-,-,u,-,-,x,-,-,-,-,-,-,-,a,-,-,-,-
teke1275,-,k,-,a,-,-,-,-,-,-,-,l,-,-,-,-,-,-,-,u,-,-,x,-,-,-,-,-,-,-,a,-,-,-,-
teke1275,-,k,-,a,-,-,-,-,-,-,-,l,-,-,-,-,-,-,-,u,-,-,x,-,-,-,-,-,-,-,a,-,-,-,-
tien1242,-,-,-,-,-,-,-,-,-,-,-,l,-,-,-,-,-,-,-,u,-,-,k,-,-,-,-,-,-,-,-,-,-,-,-
phen1239,-,-,-,-,-,-,-,-,-,-,-,l,-,-,-,-,-,-,-,u,-,-,s,-,-,-,-,-,-,-,a,-,-,-,-
umbu1257,-,-,-,-,-,-,-,-,-,-,-,s,-,-,-,-,-,-,-,a,n,-,y,-,-,-,-,-,-,-,a,-,-,-,-
maba1270,-,-,-,-,-,-,-,-,-,-,-,l,-,-,-,-,-,-,-,-,-,-,-,-,-,-,-,o,-,-,o,-,-,-,-
ling1263,-,-,-,-,-,-,-,-,-,-,-,s,-,-,-,-,-,-,-,-,-,-,-,-,-,-,-,a,n,z,a,-,-,-,-
bang1354,-,-,-,-,-,-,-,-,-,-,-,l,-,-,-,u,-,-,-,u,-,-,-,-,-,-,-,a,-,-,a,-,-,-,-
mong1338,-,-,-,-,-,-,-,-,-,-,-,l,-,-,-,o,-,-,-,o,-,-,k,-,-,-,-,o,-,l,a,-,-,-,-
mbos1242,-,-,-,i,-,-,-,-,-,-,-,l,-,-,-,-,-,-,-,o,-,-,-,-,-,-,-,-,-,-,a,-,-,-,-
mbos1242,-,-,-,i,-,-,-,-,-,-,-,l,-,-,-,u,-,-,-,u,-,-,-,-,-,-,-,-,-,-,a,-,-,-,-
mbos1242,-,-,-,i,-,-,-,-,-,-,-,l,-,-,-,u,-,-,-,u,-,-,-,-,-,-,-,-,-,-,a,-,-,-,-
mbos1242,-,-,-,i,-,-,-,-,-,-,-,l,-,-,-,u,-,-,-,u,-,-,-,-,-,-,-,-,-,-,a,-,-,-,-
mbos1242,-,-,-,i,-,-,-,-,-,-,-,l,-,-,-,-,-,-,-,w,-,-,-,-,-,-,-,-,-,-,a,-,-,-,-
koyo1242,-,-,-,i,-,-,-,-,-,-,-,l,-,-,-,o,-,-,-,o,-,-,-,-,-,-,-,-,-,-,a,-,-,-,-
koyo1242,-,i,-,i,-,-,-,-,-,-,-,l,w,a,-,a,-,-,-,a,-,-,-,-,-,-,-,-,-,-,a,-,-,-,-
mbok1243,-,-,-,i,-,-,-,-,-,-,-,l,-,-,-,o,-,-,-,o,-,-,x,-,-,-,-,-,-,-,a,-,-,-,-
akwa1248,-,-,-,e,-,-,-,-,-,-,-,s,-,-,-,-,-,-,-,u,-,-,g,-,-,-,-,-,-,y,a,-,-,-,-
dibo1245,-,-,-,-,-,-,-,-,-,-,-,l,-,-,-,-,-,-,-,o,-,-,-,-,-,-,-,-,-,-,a,-,-,-,-
dibo1245,-,-,-,-,-,-,-,-,-,-,-,l,-,-,-,-,-,-,-,o,-,-,-,-,-,-,-,-,-,h,i,-,-,-,-
bomi1238,-,-,-,-,-,-,-,-,-,-,-,l,-,-,-,-,-,-,-,o,-,-,-,-,-,-,-,o,-,w,i,-,-,-,-
yaka1272,-,-,-,-,-,-,-,-,-,-,-,l,-,-,-,-,-,-,-,o,-,-,-,-,-,-,-,-,-,-,o,-,-,-,-
ngom1268,-,-,-,-,-,-,-,-,-,-,-,k,-,-,-,-,-,-,-,a,n,-,g,-,-,-,-,-,-,-,a,-,-,-,-
sode1235,-,s,-,e,-,-,-,-,-,-,-,l,-,-,-,-,-,-,-,-,-,-,-,-,-,-,-,-,-,-,a,-,-,-,-
kele1255,-,s,-,e,-,-,-,-,n,-,-,d,-,-,-,-,-,-,-,-,-,-,-,-,-,-,-,-,-,-,e,-,-,-,-
ombo1238,-,-,-,-,-,-,-,-,-,-,-,b,-,-,-,-,-,-,-,u,-,-,-,-,-,-,-,-,-,-,t,-,-,-,-
bush1247,-,a,-,a,-,-,-,-,-,-,-,l,-,-,-,-,-,-,-,o,-,-,-,-,-,-,-,-,-,-,o,-,-,-,-
ngul1247,-,-,-,a,-,-,-,-,-,-,-,l,-,-,-,u,-,-,-,u,-,-,y,-,-,-,-,-,-,-,a,-,-,-,-
saka1287,-,-,-,E,-,-,-,-,-,-,-,z,-,-,-,3,-,-,-,3,-,-,r,-,-,-,-,-,-,-,a,-,-,-,-
yasa1242,-,-,-,e,e,s,a,a,N,-,-,g,-,-,-,-,-,-,-,u,-,-,u,-,-,-,-,a,-,-,a,-,-,-,-
dual1243,-,-,-,-,-,-,-,-,-,-,-,d,-,-,-,-,-,-,-,o,-,-,o,-,-,-,-,-,-,-,a,-,-,-,-
mali1280,-,-,-,-,-,-,-,-,-,-,-,h,-,-,-,-,-,-,-,u,-,-,u,-,-,-,-,-,-,-,y,-,-,-,-
orok1266,-,-,-,-,-,-,-,-,-,-,-,T,-,-,-,-,-,-,-,o,-,-,-,-,-,-,-,-,-,-,a,-,-,-,-
orok1266,-,-,-,-,-,-,-,-,-,-,-,y,-,-,-,-,-,-,-,o,-,-,-,-,-,-,-,-,-,-,a,-,-,-,-
orok1266,-,-,-,-,-,-,-,-,-,-,-,y,-,-,-,-,-,-,-,o,-,-,-,-,-,-,-,-,-,-,a,-,-,-,-
mokp1239,-,-,-,-,-,-,-,-,-,-,-,y,-,-,-,-,-,-,-,o,-,-,w,-,-,-,-,a,-,-,a,-,-,-,-
ndas1238,-,-,-,u,-,-,-,-,-,-,-,s,-,-,-,-,-,-,-,u,-,-,s,-,-,-,-,-,-,-,E,-,-,-,-
wumb1242,-,-,-,u,-,-,-,-,-,-,-,s,-,-,-,-,-,-,-,u,t,-,S,-,-,-,-,-,-,-,E,-,-,-,-
sigh1238,-,-,-,e,-,-,-,e,-,-,-,l,-,-,-,u,-,-,-,u,-,-,k,-,-,-,-,a,-,-,a,-,-,-,-
osam1235,-,-,-,-,-,-,-,-,-,-,-,-,-,-,-,-,-,-,-,i,-,-,h,-,-,-,-,e,-,p,a,-,-,-,-
kota1274,-,b,-,o,-,-,-,-,-,-,-,h,-,-,-,e,-,p,-,a,-,-,k,-,-,-,-,-,-,-,a,-,-,-,-
kele1257,-,-,-,o,-,-,-,-,-,-,-,8,-,-,-,-,-,-,-,o,-,-,k,-,-,-,-,-,-,-,-,-,-,-,-
ngom1270,-,-,-,u,-,-,-,-,-,-,-,h,-,-,-,e,-,p,-,e,-,-,k,-,-,-,-,-,-,-,a,-,-,-,-
ndam1254,-,-,-,u,-,-,-,-,-,-,-,l,-,-,-,-,-,-,-,o,-,-,w,-,-,-,-,-,-,-,E,-,-,-,-
sake1247,-,-,-,u,-,-,-,-,-,-,-,d,-,-,-,-,-,-,-,o,-,-,w,-,-,-,-,-,-,-,a,-,-,-,-
eviy1235,-,-,-,e,-,-,-,-,-,-,-,-,-,-,-,-,-,-,-,o,-,-,x,-,-,-,-,-,-,-,a,-,-,-,-
bubi1250,-,b,-,o,-,-,-,-,n,-,-,d,-,-,-,-,-,-,-,a,-,-,k,-,-,-,-,-,-,-,a,-,-,-,-
tsog1243,-,-,-,e,-,-,-,-,-,-,-,-,-,-,-,-,-,-,-,o,-,-,x,-,-,-,-,-,-,-,a,-,-,-,-
simb1254,-,m,-,o,-,-,-,-,-,-,-,t,-,-,-,-,-,-,-,o,b,a,x,-,-,-,-,-,-,-,o,-,-,-,-
pinj1243,-,m,-,o,-,-,-,-,-,-,-,t,-,-,-,-,-,-,-,o,b,a,x,-,-,-,-,-,-,-,a,-,-,-,-
kand1300,-,m,-,o,-,-,-,-,-,-,-,t,-,-,-,-,-,-,-,o,b,a,x,-,-,-,-,-,-,-,a,-,-,-,-
myen1241,-,x,o,o,-,-,-,-,-,-,-,t,-,-,-,o,-,-,-,o,-,-,b,-,-,-,-,a,-,-,a,-,-,-,-
myen1241,-,x,-,o,-,-,-,-,-,-,-,t,-,-,-,-,-,-,-,o,-,-,b,-,-,-,-,-,-,-,a,-,-,-,-
myen1241,-,-,-,-,-,-,-,-,-,-,-,r,-,-,-,-,-,-,-,o,-,-,b,-,-,-,-,-,-,-,a,-,-,-,-
myen1241,-,x,-,o,-,-,-,-,-,-,-,t,-,-,-,-,-,-,-,o,-,-,b,-,-,-,-,-,-,-,a,-,-,-,-
myen1241,-,-,-,-,-,-,-,-,-,-,-,r,-,-,-,-,-,-,-,o,-,-,b,-,-,-,-,-,-,-,a,-,-,-,-
fang1246,-,-,-,3,-,-,-,-,-,-,-,y,-,-,-,-,-,-,-,-,-,-,-,-,-,-,-,-,-,-,o,-,-,-,-
fang1246,-,-,-,3,-,-,-,-,-,-,-,y,-,-,-,-,-,-,-,-,-,-,-,-,-,-,-,-,-,-,o,-,-,-,-
fang1246,-,-,-,a,-,-,-,-,-,-,-,y,-,-,-,-,-,-,-,-,-,-,-,-,-,-,-,-,-,-,o,-,-,-,-
ewon1239,-,-,-,-,-,-,-,-,-,-,-,y,-,-,-,-,-,-,-,o,-,-,-,-,-,-,-,-,-,-,o,-,-,-,-
eton1253,-,-,-,-,-,-,-,-,-,-,-,y,-,-,-,-,-,-,-,o,-,-,-,-,-,-,-,-,-,-,o,-,-,-,-
eton1253,-,-,-,3,-,-,-,-,-,-,-,y,-,-,-,-,-,-,-,-,-,-,-,-,-,-,-,-,-,-,o,-,-,-,-
eton1253,-,-,-,-,-,-,-,-,-,-,-,d,-,-,-,-,-,-,-,o,-,-,-,-,-,-,-,-,-,-,o,-,k,i,i
eton1253,-,-,-,-,-,-,-,-,-,-,-,l,-,-,-,-,-,-,-,o,-,-,-,-,-,-,-,-,-,-,o,-,-,-,-
bebe1248,-,-,-,-,-,-,-,-,-,-,-,d,-,-,-,-,-,-,-,a,-,-,-,-,-,-,-,-,-,-,a,-,-,-,u
baro1252,-,-,-,-,-,-,-,-,-,-,-,l,-,-,-,-,-,-,-,o,-,-,-,-,-,-,-,-,-,-,o,-,-,-,-
bank1256,-,-,-,-,-,-,-,-,-,-,-,l,-,-,-,-,-,-,-,o,-,-,-,-,-,-,-,-,-,-,o,-,-,-,-
basa1284,-,-,-,-,-,-,-,-,-,-,-,l,-,-,-,-,-,-,-,o,-,-,-,-,-,-,-,-,-,-,-,-,-,-,-
akoo1248,-,-,-,-,-,-,-,-,-,-,-,y,-,-,-,-,-,-,-,u,-,-,-,-,-,-,-,-,-,-,u,-,-,-,-
akoo1248,-,-,-,-,-,-,-,-,-,-,-,T,-,-,-,-,-,-,-,o,-,-,-,-,-,-,-,-,-,-,o,-,-,-,-
baka1273,-,-,-,-,-,-,-,-,-,-,-,y,-,-,-,-,-,-,-,o,-,o,7,-,-,-,-,o,-,-,o,-,-,-,-
mboc1235,-,-,-,-,-,-,-,-,-,-,-,Z,-,-,-,-,-,-,-,u,-,u,-,-,-,-,-,3,-,-,3,-,-,-,-
bass1260,-,-,-,-,-,-,-,-,-,-,-,y,-,-,-,-,-,-,-,u,-,u,-,-,-,-,-,3,-,-,3,-,-,-,-
bafa1247,-,-,-,-,-,-,-,-,-,-,-,y,-,-,-,-,-,-,-,u,-,u,-,-,-,-,-,e,-,-,e,-,-,-,-
nkon1247,-,-,-,-,-,-,-,-,-,-,-,z,-,-,-,-,-,-,-,u,-,u,g,-,-,-,-,u,-,-,u,-,-,-,-
seki1238,-,-,-,a,-,-,-,a,-,-,-,d,-,-,-,-,-,-,-,o,-,-,-,-,-,-,-,-,-,-,o,-,-,-,-
kwak1266,-,-,-,-,-,-,-,-,-,-,-,d,-,-,-,-,-,-,-,o,-,o,y,-,a,a,-,a,-,-,a,-,-,-,-
kolc1235,-,-,-,-,-,-,-,-,-,-,-,y,-,-,-,-,-,-,-,u,-,-,-,-,-,-,-,-,-,-,-,-,-,-,-
maka1304,-,-,-,-,-,-,-,-,-,-,-,g,-,-,-,-,-,-,-,u,-,-,-,-,-,-,-,-,-,-,-,-,-,-,-
shiw1234,-,-,-,-,-,-,-,-,-,-,-,g,-,-,-,-,-,-,-,o,-,-,-,-,-,-,-,-,-,-,-,-,-,-,-
kwas1243,-,-,-,-,-,-,-,-,-,-,-,w,-,-,-,-,-,-,-,u,-,-,x,-,-,-,-,-,-,-,a,-,-,-,-
mpie1238,-,-,-,a,-,-,-,a,-,-,-,g,w,o,-,o,-,l,-,a,-,-,-,-,-,-,-,-,-,-,a,-,-,-,-
koon1245,-,-,-,e,-,-,-,-,-,-,-,-,-,-,-,-,-,y,-,3,-,-,-,-,-,-,-,-,-,-,3,-,-,-,-
njye1238,-,-,-,e,-,-,-,-,-,-,-,-,-,-,-,-,-,y,-,3,-,-,-,-,-,-,-,-,-,-,3,-,-,-,-
bekw1242,-,-,-,E,-,-,-,-,-,-,-,g,w,-,-,-,-,-,-,u,-,-,-,-,-,-,-,-,-,-,-,-,-,-,-
lika1243,-,k,-,o,-,-,-,o,-,-,-,z,-,-,-,o,-,y,-,o,-,-,-,-,-,-,-,-,-,-,o,-,-,-,-
bali1274,-,-,-,u,-,-,-,u,-,-,-,z,-,E,-,E,-,y,-,E,-,-,-,-,-,-,-,-,-,-,E,-,-,-,-
bwaa1238,-,-,-,-,-,-,-,-,-,-,-,l,-,-,-,o,-,-,-,o,-,-,-,-,-,-,-,-,-,-,o,-,-,-,-
bwaa1238,-,-,-,-,-,-,-,-,-,-,-,l,-,-,-,-,-,-,-,o,-,-,-,-,-,-,-,-,-,-,o,-,-,-,-
bila1255,-,-,-,-,-,-,-,-,-,-,-,l,-,-,-,-,-,-,-,o,-,-,k,-,-,-,-,-,-,-,a,-,-,-,-
bila1255,-,-,-,-,-,-,-,-,-,-,-,l,-,-,-,o,-,-,-,o,-,-,k,-,-,-,-,a,-,-,a,-,-,-,-
kang1285,-,-,-,a,-,-,-,a,-,-,-,l,-,-,-,o,-,-,-,o,-,-,k,-,a,a,-,a,-,-,a,-,-,-,-
ndak1241,-,k,-,o,-,w,E,E,-,-,-,y,-,-,-,-,-,-,-,-,-,-,-,-,-,-,-,-,-,-,o,-,-,-,-
mbod1238,-,k,-,o,o,w,e,e,-,-,-,y,-,-,-,o,-,-,-,o,-,-,k,-,-,-,-,o,-,-,o,-,-,-,-
budu1250,-,-,-,i,i,w,e,e,-,-,-,y,-,-,-,-,-,-,-,-,-,-,-,-,-,-,-,-,-,-,o,-,-,-,-
tuki1240,-,-,-,o,-,-,-,-,n,o,-,t,-,-,-,-,-,-,-,-,-,-,-,-,-,-,-,-,-,-,a,-,-,-,-
nugu1242,-,-,-,-,-,-,-,-,n,o,-,d,-,-,-,-,-,-,-,-,-,-,-,-,-,-,-,-,-,-,a,-,-,-,-
mmaa1238,-,k,-,u,-,-,-,u,n,o,o,t,-,-,-,-,-,-,-,-,-,-,-,-,-,-,-,-,-,-,-,-,-,-,-
elip1238,-,k,-,u,-,-,-,u,n,u,u,t,-,-,-,a,-,-,-,-,-,-,-,-,-,-,-,-,-,-,a,-,-,-,-
yang1293,-,k,-,u,-,-,-,u,n,o,-,-,-,-,-,-,-,-,-,-,-,-,-,-,-,-,-,-,-,-,o,-,t,-,-
yang1293,-,g,-,u,-,-,-,-,n,u,-,d,-,-,-,-,-,-,-,-,-,-,-,-,-,-,-,-,-,-,a,-,-,-,-
nuba1241,-,n,-,o,-,-,-,o,-,-,-,d,-,-,-,a,-,-,-,-,-,-,-,-,-,-,-,-,-,-,a,-,-,-,-
yamb1252,-,n,-,o,-,-,-,-,-,-,-,d,-,-,-,-,-,-,-,-,-,-,-,-,-,-,-,-,-,-,a,-,-,-,-
tune1261,-,-,-,a,-,-,-,a,n,-,-,y,-,-,-,-,-,-,-,-,-,-,-,-,-,-,-,-,-,-,a,-,k,-,-
noma1260,-,-,-,a,-,-,-,a,-,-,-,5,-,-,-,a,-,-,-,-,-,-,-,-,-,-,-,-,-,-,a,-,k,-,-
nyok1243,-,-,-,-,-,-,-,-,-,-,-,t,-,-,-,i,-,-,-,i,-,-,k,-,-,-,-,-,-,-,a,a,7,-,-
bube1242,-,h,-,o,-,-,-,-,-,-,-,r,-,-,-,-,-,-,-,-,-,-,-,-,-,-,-,-,-,-,a,-,-,-,-
bafi1243,-,-,-,-,-,-,-,-,-,-,-,l,-,-,-,o,-,-,-,o,-,-,x,-,-,-,-,3,-,-,3,-,-,-,-
bafi1243,-,-,-,-,-,-,-,-,-,-,-,d,w,-,-,o,-,-,-,o,-,-,y,-,-,-,-,3,-,-,3,-,-,-,-
tibe1274,-,-,-,-,-,-,-,-,-,-,-,d,y,3,3,u,-,-,-,u,-,-,-,-,-,-,-,-,-,-,-,-,-,-,-
tivv1240,-,-,-,-,-,-,-,-,-,-,-,s,-,-,-,u,-,-,-,a,-,-,-,-,-,-,-,-,-,-,a,-,-,-,-
