language,x1,x2,x3,x4,x5,x6,x7,x8,x9,x10,x11,x12,x13,x14,x15,x16,x17,x18,x19,x20,x21,x22,x23,x24,x25,x26,x27,x28,x29,x30,x31,x32,x33,x34,x35,x36,x37,x38,x39,x40,x41,x42,x43,x44,x45,x46,x47,x48,x49,x50
numb1247,-,-,-,-,-,-,-,b,u,-,b,-,u,-,-,-,-,-,l,u,m,a,-,-,-,-,-,-,-,-,-,-,-,-,-,-,-,-,-,-,-,-,-,-,-,-,-,-,-,-
mutu1242,-,-,-,-,-,-,-,t,a,-,-,-,i,-,-,-,-,-,t,-,-,a,-,-,-,-,-,-,-,-,-,-,-,-,-,-,i,-,-,-,-,-,-,-,-,-,-,-,-,-
mutu1242,-,-,-,-,-,-,-,t,a,-,-,-,i,-,-,-,-,-,t,-,-,a,-,-,-,-,-,-,-,-,-,-,-,-,-,-,i,-,-,-,-,-,-,-,-,-,-,-,-,-
gitu1237,-,-,-,-,-,-,-,t,a,-,-,-,i,-,-,-,-,-,t,-,-,a,-,-,-,-,-,-,-,-,-,-,-,-,-,-,i,-,-,-,-,-,-,-,-,-,-,-,-,-
gitu1237,-,-,-,-,-,-,-,t,a,-,-,-,i,-,-,-,-,-,t,-,-,a,-,-,-,-,-,-,-,-,-,-,-,-,-,-,i,-,-,-,-,-,-,-,-,-,-,-,-,-
kove1237,-,-,-,-,-,-,-,b,-,-,-,-,u,-,-,-,-,-,b,-,-,u,-,-,-,-,-,-,-,-,-,-,-,-,-,-,-,-,-,-,-,-,-,-,-,-,-,-,-,-
kove1237,-,-,-,-,-,-,-,v,-,-,-,-,u,-,-,-,-,-,v,-,-,u,-,-,-,-,-,h,-,-,-,-,-,-,-,-,i,-,-,-,-,-,-,-,-,-,-,-,-,-
ronj1237,-,-,-,-,-,-,-,s,a,-,-,-,-,-,-,-,-,-,b,-,-,a,-,-,-,-,-,-,-,-,-,-,-,-,-,-,-,-,-,-,-,-,-,-,-,-,-,-,-,-
sioo1240,-,-,-,-,-,-,-,t,a,-,-,-,-,-,-,-,-,-,t,-,-,a,-,-,-,-,-,k,-,-,-,-,-,-,-,-,i,-,-,-,-,-,-,-,-,-,-,-,-,-
mala1487,-,-,-,-,-,-,-,l,-,-,-,-,-,-,-,-,-,-,-,-,-,a,-,-,-,-,-,N,-,-,-,-,-,-,-,-,-,-,-,-,-,-,-,-,-,-,-,-,-,-
taki1248,-,-,-,-,-,-,-,t,-,-,-,-,i,-,m,-,-,-,t,-,-,a,-,-,-,-,-,-,-,-,-,-,-,-,-,-,e,-,-,-,n,-,-,-,-,-,-,-,-,-
taki1248,-,-,-,-,-,-,-,t,-,-,-,-,i,-,m,-,-,-,t,-,-,a,-,-,-,-,-,-,-,-,-,-,-,-,-,-,e,-,-,-,n,-,-,-,-,-,-,-,-,-
matu1261,-,-,-,-,-,-,-,t,-,-,-,-,i,-,m,-,-,-,t,-,-,a,-,-,-,-,-,-,-,-,-,-,-,-,-,-,i,-,-,-,n,-,-,-,-,-,-,-,-,-
matu1261,-,-,-,-,-,-,-,t,-,-,-,-,i,-,m,-,-,-,t,-,-,a,-,-,-,-,-,-,-,-,-,-,-,-,-,-,i,-,-,-,n,-,-,-,-,-,-,-,-,-
geda1237,-,-,-,-,-,-,-,t,-,-,-,-,i,-,m,-,-,-,t,-,-,a,-,-,-,-,-,-,-,-,-,-,-,-,-,-,e,-,-,-,n,-,-,-,-,-,-,-,-,-
geda1237,-,-,-,-,-,-,-,t,-,-,-,-,i,-,m,-,-,-,t,-,-,a,-,-,-,-,-,-,-,-,-,-,-,-,-,-,e,-,-,-,n,-,-,-,-,-,-,-,-,-
geda1237,-,-,-,-,-,-,-,t,-,-,-,-,i,-,m,-,-,-,t,-,-,a,-,-,-,-,-,-,-,-,-,-,-,-,-,-,e,-,-,-,n,-,-,-,-,-,-,-,-,-
geda1237,-,-,-,-,-,-,-,t,-,-,-,-,i,-,m,-,-,-,t,-,-,a,-,-,-,-,-,-,-,-,-,-,-,-,-,-,e,-,-,-,n,-,-,-,-,-,-,-,-,-
bilb1241,-,-,-,-,-,-,-,t,-,-,-,-,i,-,m,-,-,-,t,-,-,a,-,-,-,-,-,-,-,-,-,-,-,-,-,-,e,-,-,-,n,-,-,-,-,-,-,-,-,-
bilb1241,-,-,-,-,-,-,-,t,-,-,-,-,i,-,m,-,-,-,t,-,-,a,-,-,-,-,-,-,-,-,-,-,-,-,-,-,e,-,-,-,n,-,-,-,-,-,-,-,-,-
wabb1237,-,i,-,-,-,-,-,y,-,-,-,-,a,-,N,-,-,-,t,-,-,a,-,-,-,-,-,-,-,-,-,-,-,-,-,-,-,-,-,-,-,-,-,-,-,-,-,-,-,-
awad1244,-,-,-,-,-,-,-,s,-,-,-,-,a,-,-,-,-,-,7,-,-,a,-,-,-,-,-,-,-,-,-,-,-,-,-,-,-,-,-,-,b,-,-,-,-,-,-,-,-,-
woge1237,-,y,-,-,-,-,-,d,Z,-,-,-,i,-,m,-,-,-,-,-,-,-,-,-,-,-,-,-,-,-,-,-,-,-,-,-,-,-,-,-,-,-,-,-,-,-,-,-,-,-
kair1263,-,y,-,-,-,-,-,d,Z,-,-,-,i,-,m,-,-,-,-,-,-,-,-,-,-,-,-,-,-,-,-,-,-,-,-,-,-,-,-,-,-,-,-,-,-,-,-,-,-,-
onto1237,-,p,-,-,u,-,-,l,-,-,-,-,-,-,-,-,-,-,-,-,-,e,-,-,-,-,-,h,-,-,-,-,-,-,-,-,u,-,-,-,-,-,-,-,-,-,-,-,-,-
taku1257,-,-,-,-,-,-,-,-,-,-,-,-,-,-,-,-,-,-,-,-,-,a,-,-,-,-,-,-,-,-,-,-,-,-,-,-,o,-,-,-,-,-,-,-,-,-,-,-,-,-
sika1261,-,-,-,-,-,-,-,l,-,-,-,-,-,-,-,-,-,-,-,-,-,e,-,-,-,-,-,h,-,-,-,-,-,-,-,-,u,-,-,-,n,-,-,-,-,-,a,-,-,-
kapi1249,-,-,-,-,-,-,-,k,-,-,-,-,-,-,-,-,-,-,-,-,-,o,-,-,-,-,-,r,-,-,-,-,-,-,-,-,o,-,-,-,r,-,-,-,-,-,a,n,g,i
futu1245,-,-,-,-,-,-,-,t,-,-,-,-,-,-,-,-,-,-,-,-,-,i,-,-,-,-,-,-,-,-,-,-,-,-,-,-,h,-,-,-,-,-,-,-,-,-,-,-,-,-
futu1245,-,-,-,-,-,-,-,b,-,-,-,-,-,-,-,-,-,-,-,-,-,o,-,-,-,-,-,-,-,-,-,-,-,-,-,-,a,-,-,-,-,-,-,-,-,-,-,-,-,-
mele1250,-,-,-,-,-,-,-,p,-,-,-,-,-,-,-,-,-,-,-,-,-,u,-,-,-,-,-,-,-,-,-,-,-,-,-,-,-,-,-,-,-,-,-,-,-,-,-,-,-,-
tiko1237,-,-,-,-,-,-,-,-,-,-,-,-,-,-,-,-,-,-,-,-,-,a,-,-,-,-,-,-,-,-,-,-,-,-,-,-,o,-,-,-,-,-,-,-,-,-,-,-,-,-
anut1237,-,-,-,-,-,-,-,-,-,-,-,-,-,-,-,-,-,-,-,-,-,a,-,-,-,-,-,-,-,-,-,-,-,-,-,-,o,-,-,-,-,-,-,-,-,-,-,-,-,-
samo1305,-,-,-,-,-,-,-,-,-,-,-,-,-,-,-,-,-,-,-,-,-,a,-,-,-,-,-,-,-,-,-,-,-,-,-,-,o,-,-,-,-,-,-,-,-,-,-,-,-,-
west2516,-,-,-,-,-,-,-,-,-,-,-,-,-,-,-,-,-,-,-,-,-,a,-,-,-,-,-,-,-,-,-,-,-,-,-,-,o,-,-,-,-,-,-,-,-,-,-,-,-,-
east2447,-,-,-,-,-,-,-,7,-,-,-,-,a,-,-,-,-,-,-,-,-,a,-,-,-,-,-,-,-,-,-,-,-,-,-,-,o,-,-,-,-,-,-,-,-,-,-,-,-,-
east2447,-,-,-,-,-,-,-,k,-,-,-,-,-,-,-,-,-,-,-,-,-,-,-,-,-,-,-,-,-,-,-,-,-,-,-,-,o,-,-,-,-,-,-,-,-,-,-,-,-,-
wall1257,-,-,-,-,-,-,-,7,-,-,-,-,a,-,-,-,-,-,-,-,-,a,-,-,-,-,-,-,-,-,-,-,-,-,-,-,o,-,-,-,-,-,-,-,-,-,-,-,-,-
tong1325,-,-,-,-,-,-,-,7,-,-,-,-,-,-,-,-,-,-,-,-,-,a,-,-,-,-,-,-,-,-,-,-,-,-,-,-,o,-,-,-,-,-,-,-,-,-,-,-,-,-
niue1239,-,-,-,-,-,-,-,-,-,-,-,-,-,-,-,-,-,-,-,-,-,a,-,-,-,-,-,-,-,-,-,-,-,-,-,-,o,-,-,-,-,-,-,-,-,-,-,-,-,-
toke1240,-,-,-,-,-,-,-,-,-,-,-,-,-,-,-,-,-,-,-,-,-,a,-,-,-,-,-,-,-,-,-,-,-,-,-,-,o,-,-,-,-,-,-,-,-,-,-,-,-,-
pile1238,-,m,-,-,e,-,-,l,-,-,-,-,u,-,-,-,-,-,-,-,-,a,-,-,-,-,-,-,-,-,-,-,-,-,-,-,o,-,-,-,-,-,-,-,-,-,-,-,-,-
raro1241,-,-,-,-,-,-,-,t,-,u,m,-,u,-,-,-,-,-,r,-,-,a,-,-,-,n,-,g,-,-,-,-,-,-,-,-,i,-,-,-,-,-,-,-,-,-,-,-,-,-
raro1241,-,-,-,-,-,-,-,t,-,-,-,-,u,-,-,-,-,-,r,-,-,a,-,-,-,n,-,g,-,-,-,-,-,-,-,-,i,-,-,-,-,-,-,-,-,-,-,-,-,-
raro1241,-,-,-,-,-,-,-,t,-,-,-,-,i,-,-,-,-,-,-,-,-,a,-,-,-,-,-,-,-,-,-,-,-,-,-,-,o,-,-,-,-,-,-,-,-,-,-,-,-,-
raro1241,-,-,-,-,-,-,-,t,-,-,-,-,i,-,-,-,-,-,-,-,-,a,-,-,-,-,-,-,-,-,-,-,-,-,-,-,o,-,-,-,-,-,-,-,-,-,-,-,-,-
penr1237,-,-,-,-,-,-,-,-,-,-,-,-,-,-,-,-,-,-,-,-,-,-,-,-,-,-,-,-,-,-,-,-,-,-,-,-,o,-,-,-,-,-,-,-,-,-,-,-,-,-
tuam1242,-,-,-,-,-,-,-,t,-,-,-,-,-,-,-,-,-,-,-,-,-,i,-,-,-,-,-,t,-,-,-,-,-,-,-,-,i,-,-,-,-,-,-,-,-,-,-,-,-,-
tuam1242,-,-,-,-,-,-,-,-,-,-,-,-,-,-,-,-,-,-,-,-,-,a,-,-,-,-,-,-,-,-,-,-,-,-,-,-,o,-,-,-,-,-,-,-,-,-,-,-,-,-
mang1401,-,-,-,-,-,-,-,-,-,-,-,-,-,-,-,-,-,-,-,-,-,a,-,-,-,-,-,-,-,-,-,-,-,-,-,-,o,-,-,-,-,-,-,-,-,-,-,-,-,-
raka1237,-,-,-,-,-,-,-,k,-,-,-,-,-,-,-,-,-,-,-,-,-,a,-,-,-,-,-,p,-,-,u,-,-,-,-,-,a,-,-,-,-,-,-,-,-,-,-,-,-,-
raka1237,-,-,-,-,-,-,-,-,-,-,-,-,-,-,-,-,-,-,-,-,-,a,-,-,-,-,-,-,-,-,-,-,-,-,-,-,o,-,-,-,-,-,-,-,-,-,-,-,-,-
rapa1244,-,-,-,-,-,-,-,r,-,-,-,-,-,-,-,-,-,-,-,-,-,a,-,-,-,-,-,g,-,-,-,-,-,-,-,-,i,-,-,-,-,-,-,-,-,-,-,-,-,-
rapa1244,-,-,-,-,-,-,-,k,-,-,-,-,-,-,-,-,-,-,-,-,-,o,-,-,-,-,-,h,-,-,-,-,-,-,-,-,u,-,-,-,-,-,-,-,-,-,-,-,-,-
maor1246,-,-,-,-,-,-,-,k,-,-,-,-,-,-,-,-,-,-,-,-,-,a,-,-,-,-,-,p,-,-,u,-,-,-,-,-,a,-,-,-,-,-,-,-,-,-,-,-,-,-
puka1242,-,-,-,-,-,-,-,k,a,a,p,-,u,-,-,-,-,-,-,-,-,a,-,-,-,-,-,-,-,-,-,-,-,-,-,-,o,-,-,-,-,-,-,-,-,-,-,-,-,-
puka1242,-,-,-,-,-,-,-,k,a,a,p,-,u,-,-,-,-,-,-,-,-,a,-,-,-,-,-,-,-,-,-,-,-,-,-,-,o,-,-,-,-,-,-,-,-,-,-,-,-,-
nort2845,-,-,-,-,-,-,-,-,-,-,-,-,-,-,-,-,-,-,-,-,-,a,-,-,-,-,-,-,-,-,-,-,-,-,-,-,o,-,-,-,-,-,-,-,-,-,-,-,-,-
hawa1245,-,-,-,-,-,-,-,-,-,-,-,-,-,-,-,-,-,-,-,-,-,a,-,-,-,-,-,-,-,-,-,-,-,-,-,-,o,-,-,-,-,-,-,-,-,-,-,-,-,-
tahi1242,-,-,-,-,-,-,-,-,-,-,-,-,-,-,-,-,-,-,-,-,-,a,-,-,-,-,-,t,-,-,-,-,-,-,-,-,a,-,-,-,-,-,-,-,-,-,-,-,-,-
niua1240,-,-,-,-,-,-,-,7,-,-,-,-,-,-,-,-,-,-,-,-,-,a,-,-,-,-,-,-,-,-,-,-,-,-,-,-,o,-,-,-,-,-,-,-,-,-,-,-,-,-
rotu1241,-,-,-,-,-,-,-,-,-,-,-,-,-,-,-,-,-,-,-,-,-,a,-,-,-,-,-,-,-,-,-,-,-,-,-,-,o,-,-,-,g,-,-,-,-,-,a,-,-,-
west2519,-,-,-,-,-,-,-,-,-,-,-,-,-,-,-,-,-,-,-,-,-,-,-,-,-,-,-,-,-,-,-,-,-,-,-,-,o,-,-,-,-,-,-,-,-,-,-,-,-,-
bola1250,-,-,-,-,-,-,-,b,-,-,-,-,-,-,-,-,-,-,-,-,-,u,-,-,-,-,-,b,-,-,-,-,-,-,-,-,u,-,-,-,-,-,-,-,-,-,-,-,-,-
bulu1253,-,-,-,-,-,-,-,b,-,-,-,-,-,-,-,-,-,-,-,-,-,u,-,-,-,-,-,b,-,-,-,-,-,-,-,-,u,-,-,-,-,-,-,-,-,-,-,-,-,-
naka1262,-,-,-,-,-,-,-,g,-,-,-,-,a,-,-,-,-,-,-,-,-,u,-,-,-,-,-,k,-,-,-,-,-,-,-,-,u,-,-,-,-,-,-,-,-,-,-,-,-,-
wala1266,-,-,-,-,-,-,-,d,-,-,-,-,-,-,-,-,-,-,-,-,-,a,-,-,-,-,-,s,-,-,-,-,-,-,-,-,a,-,-,-,-,-,-,-,-,-,-,-,-,-
lauu1247,-,b,-,-,a,-,-,r,-,-,-,-,o,-,-,-,-,-,b,-,-,a,-,-,-,-,-,r,-,-,-,-,-,-,-,-,o,-,-,-,-,-,-,-,-,-,-,-,-,-
baeg1237,-,n,-,-,-,-,-,d,-,-,-,-,-,-,-,-,-,-,-,-,-,a,-,-,-,-,-,s,-,-,-,-,-,-,-,-,a,-,-,-,-,-,-,-,-,-,-,-,-,-
fata1245,-,-,-,-,-,-,-,d,-,-,-,-,-,-,-,-,-,-,-,-,-,a,-,-,-,-,-,s,-,-,-,-,-,-,-,-,a,-,-,-,-,-,-,-,-,-,-,-,-,-
toab1237,-,n,-,-,-,-,-,d,-,-,-,-,-,-,-,-,-,-,-,-,-,a,-,-,-,-,-,8,-,-,-,-,-,-,-,-,a,-,-,-,-,-,-,-,-,-,-,-,-,-
toab1237,-,-,-,-,-,-,-,d,-,-,-,-,-,-,-,-,-,-,-,-,-,a,-,-,-,-,-,3,-,-,-,-,-,-,-,-,a,-,-,-,-,-,-,-,-,-,-,-,-,-
bael1237,-,n,-,-,-,-,-,d,-,-,-,-,-,-,-,-,-,-,-,-,-,a,-,-,-,-,-,8,-,-,-,-,-,-,-,-,a,-,-,-,-,-,-,-,-,-,-,-,-,-
long1395,-,-,-,-,-,-,-,p,-,-,-,-,-,-,-,-,-,-,-,-,-,a,-,-,-,-,-,r,-,-,a,-,-,k,-,-,o,-,-,-,-,-,-,-,-,-,-,-,-,-
oroh1237,-,-,-,-,-,-,-,r,-,-,-,-,o,-,-,-,-,-,r,-,-,o,-,-,-,-,-,t,-,-,-,-,-,-,-,-,o,-,-,-,-,-,-,-,-,-,-,-,-,-
area1240,-,w,-,-,a,-,-,h,-,-,-,-,a,-,-,-,-,-,w,-,-,a,-,-,-,-,-,h,-,-,-,-,-,-,-,-,a,-,-,-,-,-,-,-,-,-,-,-,-,-
kahu1241,-,-,-,-,a,-,-,r,-,-,-,-,-,-,-,-,-,-,-,-,-,o,-,-,-,-,-,t,-,-,-,-,-,-,-,-,o,-,-,-,-,-,-,-,-,-,-,-,-,-
aros1241,-,r,-,-,o,-,-,r,-,-,-,-,-,-,-,-,-,-,-,-,-,o,-,-,-,-,-,t,-,-,-,-,-,-,-,-,o,-,-,-,-,-,-,-,-,-,-,-,-,-
mala1484,-,-,-,-,-,-,-,l,-,-,-,-,-,-,-,-,-,-,-,-,-,a,-,-,-,-,-,v,-,-,-,-,-,-,-,-,o,-,-,-,-,-,-,-,-,-,-,-,-,-
bira1254,-,p,-,-,a,-,-,r,-,-,-,-,-,-,-,-,-,-,-,-,-,a,-,-,-,-,-,k,-,-,-,-,-,-,-,-,o,-,-,-,-,-,-,-,-,-,-,-,-,-
leng1259,-,p,-,-,a,-,-,r,-,-,-,-,-,-,-,-,-,-,-,-,-,a,-,-,-,-,-,k,-,-,-,-,-,-,-,-,o,-,-,-,-,-,-,-,-,-,-,-,-,-
bugh1239,-,p,-,-,a,-,-,r,-,-,-,-,-,-,-,-,-,-,-,-,-,a,-,-,-,-,-,k,-,-,-,-,-,-,-,-,o,-,-,-,-,-,-,-,-,-,-,-,-,-
gela1263,-,p,-,-,a,-,-,r,-,-,-,-,-,-,-,-,-,-,-,-,-,a,-,-,-,-,-,k,-,-,-,-,-,-,-,-,o,-,-,-,-,-,-,-,-,-,-,-,-,-
mada1285,-,-,-,-,-,-,-,b,-,-,-,-,-,-,-,-,-,-,-,-,-,a,-,-,-,n,-,k,-,-,u,-,-,b,-,-,u,-,-,-,-,-,-,-,-,-,-,-,-,-
baro1253,-,-,-,-,-,-,-,b,-,-,-,-,-,-,-,-,-,-,-,-,-,a,-,-,-,-,-,g,-,-,-,-,-,-,-,-,u,-,-,-,t,-,-,-,-,-,-,-,-,-
tang1348,-,-,-,-,-,-,-,b,-,-,-,-,-,-,-,-,-,-,-,-,-,a,-,-,-,-,-,-,-,-,-,-,-,-,-,-,-,-,-,-,t,-,-,-,-,-,-,-,-,-
lihi1237,-,l,o,b,a,-,l,b,-,-,-,-,-,-,-,-,-,-,-,-,-,a,-,-,-,-,-,-,-,-,-,-,-,-,-,-,-,-,-,-,l,-,-,-,-,-,-,-,-,-
labe1239,-,-,-,-,-,-,-,b,-,-,-,-,-,-,-,-,-,-,-,-,-,a,-,-,-,-,-,k,-,-,-,-,-,-,-,-,u,-,-,-,t,-,-,-,-,-,-,-,-,-
kand1301,-,-,-,-,a,-,-,b,-,-,-,-,-,-,-,-,-,-,-,-,-,a,-,-,-,-,-,k,-,-,-,-,-,-,-,-,u,-,-,-,t,-,-,-,-,-,-,-,-,-
ramo1244,-,-,-,-,-,-,-,b,-,-,-,-,-,-,-,-,-,-,-,-,-,a,-,-,-,-,-,k,-,-,-,-,-,-,-,-,u,-,-,-,t,-,-,-,-,-,-,-,-,-
patp1243,-,-,-,-,-,-,-,b,-,-,-,-,-,-,-,-,-,-,-,-,-,a,-,-,-,-,-,k,-,-,-,-,-,-,-,-,u,-,-,-,t,-,-,-,-,-,-,-,-,-
patp1243,-,-,-,-,-,-,-,b,-,-,-,-,-,-,-,-,-,-,-,-,-,a,-,-,-,-,-,h,-,-,-,-,-,-,-,-,u,-,-,-,t,-,-,-,-,-,o,-,-,-
kuan1248,-,g,-,-,a,-,-,v,-,-,-,-,-,-,-,-,-,-,-,-,-,-,-,-,-,-,-,-,-,-,-,-,-,-,-,-,u,-,-,-,l,-,-,-,-,-,-,-,-,-
mini1251,-,g,-,-,a,-,-,v,-,-,-,-,-,-,-,-,-,-,-,-,-,-,-,-,-,-,-,-,-,-,-,-,-,-,-,-,u,-,-,-,l,-,-,-,-,-,-,-,-,-
bilu1244,-,-,-,-,a,-,-,b,-,-,-,-,-,-,-,-,-,-,-,-,-,a,-,-,-,-,-,k,-,-,-,-,-,-,-,-,u,-,-,-,t,-,-,-,-,-,-,-,-,-
tiga1245,-,-,-,-,-,-,-,b,-,-,-,-,-,-,-,-,-,-,-,-,-,a,-,-,-,-,-,-,-,-,-,-,-,-,-,-,-,-,-,-,t,-,-,-,-,-,a,-,-,-
tung1290,-,-,-,-,-,-,-,k,-,-,-,-,-,-,-,-,-,-,-,-,-,u,-,-,-,-,-,-,-,-,-,-,-,-,-,-,-,-,-,-,k,-,-,-,-,-,u,-,-,-
tian1237,-,-,-,-,-,-,-,k,-,-,-,-,-,-,-,-,-,-,-,-,-,u,-,-,-,-,-,-,-,-,-,-,-,-,-,-,-,-,-,-,k,u,-,-,-,-,a,-,-,-
nali1244,-,m,-,-,-,-,-,b,-,-,-,-,-,-,-,-,-,-,-,-,-,a,-,-,-,-,-,-,-,-,-,-,-,-,-,-,-,-,-,-,r,-,-,-,-,-,a,-,-,-
sout2856,-,-,-,-,-,-,-,n,-,-,-,-,-,-,m,-,-,-,-,-,-,a,-,-,-,-,-,l,-,-,-,-,-,k,-,-,o,-,-,-,-,-,-,-,-,-,-,-,-,-
lele1267,-,-,-,-,-,-,-,n,-,-,-,-,-,-,-,-,-,-,-,-,-,a,-,-,-,p,-,r,-,-,-,-,-,-,-,-,o,-,-,-,u,-,-,-,-,-,-,-,-,-
eton1255,-,t,-,-,a,-,e,n,-,-,-,-,-,-,k,-,-,-,-,-,-,a,-,-,-,t,i,l,-,-,-,-,-,-,-,-,a,-,-,-,N,-,-,-,-,-,-,-,-,-
eton1255,-,t,-,-,a,-,e,n,-,-,-,-,-,-,k,-,-,-,-,-,-,a,-,-,-,t,i,l,-,-,-,-,-,-,-,-,a,-,-,-,N,-,-,-,-,-,-,-,-,-
lewo1242,-,-,-,-,-,-,-,-,-,-,-,-,-,-,m,-,-,-,-,-,-,E,-,-,-,-,-,l,-,-,u,-,-,k,-,-,o,-,-,-,-,-,-,-,-,-,-,-,-,-
lame1260,-,-,-,-,-,-,-,-,-,-,-,-,-,-,m,-,-,-,-,-,-,e,-,-,-,-,-,l,-,-,-,-,-,-,-,-,o,-,-,-,-,-,-,-,-,-,-,-,-,-
bier1244,-,-,-,-,-,-,-,-,-,-,-,-,-,-,m,-,-,-,-,-,-,E,-,-,-,-,-,l,-,-,i,n,-,g,-,-,o,-,-,-,-,-,-,-,-,-,-,-,-,-
baki1244,-,-,-,-,-,-,-,-,-,-,-,-,-,-,m,-,-,-,-,-,-,e,-,-,-,-,-,l,-,-,i,-,-,T,t,S,o,-,-,-,-,-,-,-,-,-,-,-,-,-
bier1246,-,-,-,-,-,-,-,n,-,-,-,-,-,-,b,-,-,-,-,-,-,e,-,-,-,-,-,n,-,-,-,-,-,-,-,-,o,-,-,-,i,-,-,-,-,-,-,-,-,-
bier1246,-,-,-,-,-,-,-,n,-,-,-,-,-,-,b,-,-,-,-,-,-,e,-,-,-,-,-,n,-,-,-,-,-,-,-,-,o,-,-,-,i,-,-,-,-,-,-,-,-,-
maii1238,-,-,-,-,-,-,-,n,-,-,-,-,-,-,b,-,-,-,-,-,-,a,-,-,-,-,-,n,-,-,-,-,-,-,-,-,e,-,-,-,i,-,-,-,-,-,-,-,-,-
maii1238,-,-,-,-,-,-,-,n,-,-,-,-,-,-,b,-,-,-,-,-,-,a,-,-,-,-,-,n,-,-,-,-,-,-,-,-,e,-,-,-,i,-,-,-,-,-,-,-,-,-
port1286,-,-,-,-,-,-,-,-,-,-,-,-,-,-,m,-,-,-,w,-,-,-,-,-,-,-,-,-,-,-,-,-,-,-,-,-,o,-,-,-,b,-,-,-,-,-,-,-,-,-
nort2839,-,-,-,-,-,-,-,-,-,-,-,-,-,-,s,-,i,-,r,-,-,o,-,-,-,-,-,r,-,-,-,-,-,-,-,-,o,-,-,-,-,-,-,-,-,-,-,-,-,-
daka1243,-,-,-,-,-,-,-,-,-,-,-,-,-,-,m,-,-,-,-,-,-,-,-,-,-,-,-,-,-,-,-,-,-,-,-,-,o,-,-,-,p,-,-,-,-,-,-,-,-,-
sout2859,-,-,-,-,-,-,-,-,-,-,-,-,-,-,m,-,-,-,-,-,-,a,-,-,-,-,-,m,-,-,-,-,-,-,-,-,a,-,-,-,h,-,-,-,-,-,-,-,-,-
seke1241,-,-,-,-,-,-,-,-,-,-,-,-,-,-,b,n,i,-,-,-,-,a,-,-,-,-,-,z,-,-,-,-,-,-,-,-,a,-,-,-,v,-,-,-,-,-,-,-,-,-
bign1238,p,p,-,-,a,-,k,n,-,-,-,-,-,-,-,-,-,-,-,-,-,a,-,-,-,-,-,r,-,-,-,-,-,-,-,-,a,-,-,-,n,-,-,-,-,-,-,-,-,-
nese1235,-,-,-,-,-,-,-,n,-,-,-,-,o,-,b,-,o,-,b,-,-,o,-,-,-,-,-,r,-,-,-,-,-,-,-,-,-,-,-,-,-,-,-,-,-,-,-,-,-,-
mpot1241,-,-,-,-,-,-,-,n,-,-,-,-,o,n,b,-,o,n,b,-,-,o,-,-,-,-,-,r,-,-,-,-,-,-,-,-,o,-,-,-,-,-,-,-,-,-,-,-,-,-
mpot1241,-,-,-,-,-,-,-,n,-,-,-,t,a,-,k,-,3,n,-,-,-,a,-,-,-,-,-,r,-,-,-,-,-,-,-,-,a,-,-,-,n,-,-,-,-,-,-,-,-,-
malu1245,-,-,-,-,-,-,-,n,-,-,-,-,-,-,-,-,-,-,-,-,-,a,-,-,-,-,-,r,-,-,-,-,-,-,-,-,o,-,-,-,r,-,-,-,-,-,-,-,-,-
malu1245,-,-,-,-,-,-,-,n,-,-,-,-,-,-,-,-,-,-,-,-,-,a,-,-,-,-,-,r,-,-,-,-,-,-,-,-,o,-,-,-,r,-,-,-,-,-,-,-,-,-
vaoo1237,-,-,-,-,-,-,-,n,-,-,-,-,-,-,b,-,o,n,b,-,-,o,-,-,-,-,-,r,-,-,-,-,-,-,-,-,-,-,-,-,-,-,-,-,-,-,-,-,-,-
nasa1240,-,-,-,-,-,-,-,h,-,-,-,-,-,-,-,-,-,-,-,-,-,a,-,-,-,-,-,m,-,-,-,-,-,-,-,-,a,p,-,-,p,-,-,-,-,-,-,-,-,-
dixo1238,-,-,-,-,-,-,-,h,-,-,-,-,-,-,-,-,-,-,-,-,-,a,-,-,-,-,-,m,-,-,-,-,-,-,-,-,a,p,-,-,p,-,-,-,-,-,-,-,-,-
lete1241,-,-,-,-,-,-,-,n,-,-,-,-,-,-,-,-,-,-,-,-,-,a,-,-,-,-,-,m,-,-,-,-,-,w,-,-,a,-,-,-,p,-,-,-,-,-,-,-,-,-
labo1244,-,-,-,-,-,-,-,n,-,-,-,-,-,-,-,-,-,-,-,-,-,a,-,-,-,-,-,n,-,-,-,-,-,b,-,-,a,-,-,-,n,-,-,-,-,-,-,-,-,-
labo1244,-,-,-,-,-,-,-,n,-,-,-,-,-,-,-,-,-,-,-,-,-,a,-,-,-,-,-,n,-,-,-,-,-,b,-,-,a,-,-,-,n,-,-,-,-,-,-,-,-,-
litz1237,-,-,-,-,-,-,-,-,-,-,-,-,-,-,b,-,-,-,-,-,-,a,-,-,-,-,-,b,-,-,-,-,-,-,-,-,a,-,-,-,r,-,-,-,-,-,-,-,-,-
litz1237,-,-,-,-,-,-,-,-,-,-,-,-,-,-,l,-,-,-,-,-,-,a,-,-,-,n,-,g,-,-,-,-,-,n,-,-,o,u,-,-,s,-,-,-,-,-,-,-,-,-
vinm1237,-,-,-,-,-,-,-,n,-,-,-,-,e,-,l,-,-,-,-,-,-,a,-,-,-,-,-,N,-,-,-,-,-,n,-,-,o,u,-,-,s,-,-,-,-,-,-,-,-,-
lare1249,-,-,-,-,-,-,-,n,-,-,-,-,-,-,t,-,-,-,-,-,-,o,-,-,-,-,-,N,-,-,-,-,-,t,-,-,o,-,-,-,N,-,-,-,-,-,-,-,-,-
malf1237,-,-,-,-,-,-,-,n,-,-,-,-,a,-,m,-,-,-,-,-,-,a,-,-,-,-,-,l,-,-,-,-,-,-,-,-,i,-,-,-,N,-,-,-,-,-,-,-,-,-
navw1234,-,-,-,-,-,-,-,n,-,-,-,-,i,-,m,-,-,-,-,-,-,E,-,-,-,-,-,l,-,-,-,-,-,-,-,-,i,-,-,-,N,k,-,-,-,-,-,-,-,-
sout2857,-,-,-,-,-,-,-,-,-,-,-,-,-,-,m,-,-,-,-,-,-,e,-,-,-,-,-,l,-,-,-,-,-,-,-,-,i,-,-,-,N,-,-,-,-,-,-,-,-,-
nati1244,-,-,-,-,-,-,-,n,-,-,-,-,u,-,m,-,-,-,-,-,-,e,-,-,-,-,-,l,-,-,-,-,-,-,-,-,i,-,-,-,N,-,-,-,-,-,-,-,-,-
ling1265,-,-,-,-,-,-,-,n,-,-,-,-,-,-,-,-,-,-,-,-,-,e,-,-,-,-,-,l,-,-,-,-,-,-,-,-,a,-,-,-,N,-,-,-,-,-,-,-,-,-
katb1237,-,-,-,-,-,-,-,-,-,-,-,-,-,-,-,-,-,-,-,-,-,a,-,-,-,-,-,l,-,-,-,-,-,-,-,-,a,-,-,-,n,g,n,a,n,a,u,-,h,-
nisv1234,-,-,-,-,-,-,-,-,-,-,-,-,-,-,m,-,-,-,-,-,-,a,-,-,-,-,-,l,-,-,-,-,-,-,-,-,o,-,-,-,N,-,-,-,-,-,-,-,-,-
nasv1234,-,-,-,-,-,-,-,-,-,-,-,-,-,-,m,-,-,-,-,-,-,E,-,-,-,-,-,l,-,-,-,-,-,-,-,-,o,-,-,-,N,k,-,-,-,-,-,-,-,-
nasv1234,-,-,-,-,-,-,-,n,-,-,-,-,i,-,m,-,-,-,-,-,-,E,-,-,-,-,-,l,-,-,-,-,-,-,-,-,o,-,-,-,N,k,-,-,-,-,-,-,-,-
axam1237,-,-,-,-,-,-,-,-,-,-,-,-,-,-,m,-,-,-,-,-,-,E,-,-,-,-,-,r,-,-,-,-,-,-,-,-,o,-,-,-,N,k,-,-,-,-,-,-,-,-
avok1244,-,-,-,-,-,-,-,-,-,-,-,-,-,-,m,-,-,-,-,-,-,E,-,-,-,-,-,r,-,-,-,-,-,-,-,-,o,-,-,-,N,-,-,-,-,-,-,-,-,-
port1285,-,-,-,-,-,-,-,n,-,-,b,n,u,n,b,-,-,-,-,-,-,a,-,-,-,-,-,-,-,-,-,-,-,-,-,-,-,-,-,-,n,-,-,-,-,-,-,-,-,-
port1285,-,-,-,-,-,-,-,n,-,-,b,n,u,n,b,-,-,-,-,-,-,a,-,-,-,-,-,-,-,-,-,-,-,-,-,-,-,-,-,-,n,-,-,-,-,-,-,-,-,-
mask1242,-,-,-,-,-,-,-,-,-,-,-,-,-,-,m,-,-,-,-,-,-,a,-,-,-,-,-,r,-,-,-,-,-,i,-,-,u,-,-,-,N,-,-,-,-,-,-,-,-,-
aulu1238,-,-,-,-,-,-,-,n,-,-,-,-,-,-,b,-,-,-,-,-,-,o,-,-,-,-,-,r,-,-,-,-,-,-,-,-,o,-,-,-,n,b,-,-,-,-,o,-,r,-
aulu1238,-,-,-,-,-,-,-,i,-,-,-,-,-,-,m,-,-,-,-,-,-,-,-,-,-,-,-,-,-,-,-,-,-,-,-,-,a,-,-,-,-,p,-,-,-,-,-,-,-,-
bwen1239,-,-,-,-,-,-,-,n,-,-,-,-,-,-,b,-,-,-,-,-,-,a,-,-,-,-,-,r,-,-,-,-,-,-,-,-,a,-,-,-,n,b,-,-,-,-,a,-,r,-
burm1263,-,-,-,-,-,-,-,n,-,-,-,-,a,n,b,-,-,-,-,-,-,o,-,-,-,-,-,r,-,-,-,-,-,-,-,-,-,-,-,-,n,b,-,-,-,-,o,-,r,-
rere1240,-,-,-,-,-,-,-,r,-,-,-,-,-,-,-,-,-,-,-,-,-,o,-,-,-,-,-,r,-,-,-,-,-,-,-,-,o,-,-,-,-,-,-,-,-,-,-,-,-,-
unua1237,-,-,-,-,-,-,-,r,-,-,-,-,-,-,-,-,-,-,-,-,-,o,-,-,-,-,-,r,-,-,-,-,-,-,-,-,o,-,-,-,-,-,-,-,-,-,-,-,-,-
navu1237,-,-,-,-,-,-,-,k,-,-,-,-,-,-,-,-,-,-,-,-,-,o,-,-,-,-,-,k,-,-,-,-,-,-,-,-,o,-,-,-,-,-,-,-,-,-,-,-,-,-
tial1239,-,-,-,-,-,-,-,l,-,-,-,-,o,n,p,-,o,-,l,-,-,o,-,-,-,n,-,p,-,-,-,-,-,-,-,-,o,-,-,-,-,-,-,-,-,-,-,-,-,-
tial1239,-,-,-,-,-,-,-,l,-,-,-,-,o,n,p,-,o,-,l,-,-,o,-,-,-,n,-,p,-,-,-,-,-,-,-,-,o,-,-,-,-,-,-,-,-,-,-,-,-,-
akei1237,-,-,-,-,-,-,-,k,-,-,-,-,-,-,-,-,-,-,-,-,-,o,-,-,-,-,-,k,-,-,-,-,-,-,-,-,o,-,-,-,-,-,-,-,-,-,-,-,-,-
fort1240,-,-,-,-,-,-,-,k,-,-,-,-,-,-,-,-,-,-,-,-,-,o,-,-,-,-,-,k,-,-,-,-,-,-,-,-,o,-,-,-,-,-,-,-,-,-,-,-,-,-
wail1242,-,-,-,-,-,-,-,t,-,-,-,-,-,-,s,-,-,-,-,-,-,o,-,-,-,-,-,t,-,-,-,-,-,s,-,-,o,-,-,-,-,-,-,-,-,-,-,-,-,-
mere1242,-,-,-,-,-,-,-,l,-,-,-,-,o,-,b,-,o,-,l,-,-,o,-,-,-,-,-,b,-,-,-,-,-,-,-,-,o,-,-,-,-,-,-,-,-,-,-,-,-,-
mere1242,-,-,-,-,-,-,-,l,-,-,-,-,o,-,b,-,o,-,l,-,-,o,-,-,-,-,-,b,-,-,-,-,-,-,-,-,o,-,-,-,-,-,-,-,-,-,-,-,-,-
wusi1237,-,-,-,-,-,-,-,t,-,-,-,-,-,-,-,-,-,-,-,-,-,o,-,-,-,-,-,t,-,-,-,-,-,-,-,-,o,-,-,-,-,-,-,-,-,-,-,-,-,-
vuna1239,-,-,-,-,-,-,-,7,-,-,-,-,-,-,-,-,-,-,-,-,-,o,-,-,-,-,-,7,-,-,-,-,-,-,-,-,o,-,-,-,-,-,-,-,-,-,-,-,-,-
valp1237,-,-,-,-,-,-,-,k,-,-,-,-,-,-,-,-,o,-,k,-,-,o,-,-,-,-,-,k,-,-,-,-,-,-,-,-,o,-,-,-,-,-,-,-,-,-,-,-,-,-
piam1242,-,-,-,-,-,-,-,k,-,-,-,-,-,-,-,-,-,-,-,-,-,o,-,-,-,-,-,k,-,-,-,-,-,-,-,-,o,-,-,-,-,-,-,-,-,-,-,-,-,-
tasm1246,-,-,-,-,-,-,-,k,-,-,-,-,-,-,-,-,-,-,-,-,-,o,-,-,-,-,-,k,-,-,-,-,-,-,-,-,o,-,-,-,-,-,-,-,-,-,-,-,-,-
noku1237,-,-,-,-,-,-,-,-,-,-,-,-,-,-,-,-,-,-,-,-,-,o,-,-,-,-,-,7,-,-,-,-,-,-,-,-,o,-,-,-,-,-,-,-,-,-,-,-,-,-
nara1263,-,-,-,-,-,-,-,-,-,-,-,-,-,-,-,-,-,-,-,-,-,a,-,-,-,n,-,d,-,-,-,-,-,-,-,-,a,-,-,-,f,-,-,-,-,-,-,-,-,-
moro1286,-,-,-,-,-,-,-,-,-,-,-,-,-,-,-,-,-,-,-,-,-,a,-,-,-,n,-,d,-,-,-,-,-,u,-,-,a,-,-,-,-,-,-,-,-,-,-,-,-,-
ambl1237,-,-,-,-,-,-,-,-,-,-,-,-,-,-,-,-,-,-,-,-,-,a,-,-,-,n,-,d,-,-,-,-,-,-,-,-,a,-,-,-,b,-,-,-,-,-,u,-,-,-
tamb1253,-,-,-,-,-,-,-,-,-,-,-,-,-,-,-,-,-,-,-,-,-,a,-,-,-,n,-,d,-,-,-,-,-,u,-,-,a,-,-,-,-,-,-,-,-,-,-,-,-,-
tang1347,-,-,-,-,-,-,-,t,-,-,-,-,-,-,-,-,-,-,-,-,-,e,-,-,-,-,-,l,-,-,-,-,-,-,-,-,a,-,-,-,N,-,-,-,-,-,i,-,-,-
tang1347,-,-,-,-,-,-,-,t,-,-,-,-,-,-,-,-,-,-,-,-,-,e,-,-,-,-,-,l,-,-,-,-,-,-,-,-,a,-,-,-,N,-,-,-,-,-,i,-,-,-
malo1243,-,-,-,-,-,-,-,t,-,-,-,-,-,-,h,-,a,-,-,-,-,i,-,-,-,-,-,l,-,-,-,-,-,-,-,-,a,-,-,-,N,-,-,-,-,-,i,-,-,-
malo1243,-,-,-,-,-,-,-,t,-,-,-,-,-,-,h,-,a,-,-,-,-,i,-,-,-,-,-,l,-,-,-,-,-,-,-,-,a,-,-,-,N,-,-,-,-,-,i,-,-,-
arak1252,-,-,-,-,-,-,-,t,-,-,-,-,-,-,s,-,-,-,-,-,-,o,-,-,-,-,-,t,-,-,-,-,-,s,-,-,o,-,-,-,-,-,-,-,-,-,-,-,-,-
tutu1241,-,n,-,-,-,-,-,d,-,-,-,-,-,n,d,-,-,-,-,-,-,o,-,-,-,n,-,d,-,-,-,-,-,-,-,-,o,-,-,-,-,-,-,-,-,-,-,-,-,-
mafe1237,-,-,-,-,-,-,-,t,-,-,-,-,-,-,t,-,-,-,-,-,-,o,-,-,-,t,-,t,-,-,-,-,-,-,-,-,o,-,-,-,-,-,-,-,-,-,-,-,-,-
east2443,-,n,-,-,-,-,-,d,-,-,-,-,-,-,-,-,-,-,-,-,-,o,-,-,-,n,-,d,-,-,-,-,-,-,-,-,o,-,-,-,-,-,-,-,-,-,-,-,-,-
west2513,-,-,-,-,-,-,-,t,-,-,-,-,-,-,-,-,-,-,-,-,-,a,-,e,-,n,a,l,-,-,-,-,-,-,-,-,a,-,-,-,N,-,-,-,-,-,i,-,-,-
west2513,-,-,-,-,-,-,-,t,-,-,-,-,-,-,-,-,-,-,-,-,-,a,-,e,-,n,a,l,-,-,-,-,-,-,-,-,a,-,-,-,N,-,-,-,-,-,i,-,-,-
hano1246,-,-,-,-,-,-,-,t,-,-,-,-,-,-,-,-,-,-,-,-,-,-,-,e,-,n,-,l,-,-,-,-,-,-,-,-,a,-,-,-,N,-,-,-,-,-,i,-,-,-
hano1246,-,-,-,-,-,-,-,t,-,-,-,-,-,-,-,-,-,-,-,-,-,-,-,e,-,n,-,l,-,-,-,-,-,-,-,-,a,-,-,-,N,-,-,-,-,-,i,-,-,-
cent2058,-,-,-,-,-,-,-,t,-,-,-,-,-,-,-,-,-,-,-,-,-,a,-,e,-,-,-,l,-,-,-,-,-,-,-,-,a,-,-,-,N,-,-,-,-,-,i,-,-,-
cent2058,-,-,-,-,-,-,-,t,-,-,-,-,-,-,-,-,-,-,-,-,-,a,-,e,-,-,-,l,-,-,-,-,-,-,-,-,a,-,-,-,N,-,-,-,-,-,i,-,-,-
baet1237,-,-,-,-,-,-,-,t,-,-,-,-,-,-,-,-,-,-,-,-,-,a,-,e,-,-,-,l,-,-,-,-,-,-,-,-,a,-,-,-,N,-,-,-,-,-,-,-,-,-
baet1237,-,-,-,-,-,-,-,t,-,-,-,-,-,-,-,-,-,-,-,-,-,a,-,e,-,-,-,l,-,-,-,-,-,-,-,-,a,-,-,-,N,-,-,-,-,-,-,-,-,-
mari1426,-,-,-,-,-,-,-,t,-,-,-,-,-,-,-,-,-,-,-,-,-,a,-,e,-,-,-,t,-,-,-,-,-,-,-,-,a,-,-,-,-,-,-,-,-,-,e,-,-,-
mari1426,-,-,-,-,-,-,-,t,-,-,-,-,-,-,-,-,-,-,-,-,-,a,-,e,-,-,-,t,-,-,-,-,-,-,-,-,a,-,-,-,-,-,-,-,-,-,e,-,-,-
rori1237,-,-,-,-,-,-,-,l,-,-,-,-,-,-,-,-,-,-,-,-,-,a,-,-,-,-,-,N,-,-,-,-,-,-,-,-,e,-,-,-,t,-,-,-,-,-,-,-,-,-
leha1244,-,-,-,-,-,-,-,t,-,-,-,-,-,-,-,-,-,-,-,-,-,o,-,-,-,-,-,N,-,-,-,t,-,-,-,-,o,-,-,-,N,-,-,-,-,-,-,-,-,-
leha1243,-,-,-,-,-,-,-,m,-,-,-,-,-,-,-,-,-,-,-,-,-,e,-,-,-,-,-,l,-,-,-,-,-,-,-,-,e,-,-,-,-,-,-,-,-,-,-,-,-,-
motl1237,-,-,-,-,-,-,-,n,-,-,-,-,i,k,p,w,i,-,-,-,-,i,-,-,-,-,-,y,-,-,-,k,p,w,-,-,E,i,-,-,y,-,-,-,-,-,-,-,-,-
vure1239,-,-,-,-,-,-,-,m,-,-,-,-,-,-,-,-,-,-,-,-,-,e,-,-,-,-,-,l,-,-,-,-,-,-,-,-,i,-,-,-,x,-,-,-,-,-,-,-,-,-
vera1241,-,-,-,-,-,-,-,m,-,-,-,-,-,-,-,-,-,-,-,-,-,i,-,-,-,-,-,l,-,-,-,-,-,-,-,-,i,-,-,-,x,-,-,-,-,-,e,-,-,-
mota1237,-,-,-,-,-,-,-,m,-,-,-,-,-,-,-,-,-,-,-,-,-,a,-,-,-,-,-,l,-,-,-,-,-,-,-,-,i,-,-,-,g,-,-,-,-,-,o,-,-,-
weta1242,-,-,-,-,-,-,-,m,-,-,-,-,-,-,-,-,-,-,-,-,-,e,-,-,-,-,-,l,-,-,-,-,-,-,-,-,i,-,-,-,x,-,-,-,-,-,-,-,-,-
nume1241,-,n,-,-,-,-,-,b,-,-,-,-,-,-,-,-,-,-,-,-,-,u,-,-,-,-,-,l,-,-,-,-,-,-,-,-,u,-,-,-,-,-,-,-,-,-,-,-,-,-
merl1237,-,-,-,-,-,-,-,m,-,-,-,-,-,-,-,-,-,-,-,-,-,a,-,-,-,-,-,l,-,-,-,-,-,-,-,-,e,-,-,-,x,-,-,-,-,-,-,-,-,-
koro1308,-,n,-,-,-,-,-,b,-,-,-,-,-,-,-,-,-,-,-,-,-,u,-,-,-,-,-,l,-,-,-,-,-,-,-,-,o,-,-,-,-,-,-,-,-,-,-,-,-,-
lako1245,-,-,-,-,-,-,-,m,-,-,-,-,-,-,-,-,-,-,-,-,-,a,-,-,-,-,-,l,-,-,-,-,-,-,-,-,i,-,-,-,x,-,-,-,-,-,-,-,-,-
loto1240,-,-,-,-,-,-,-,m,-,-,-,-,-,-,-,-,-,-,-,-,-,3,-,-,-,-,-,l,-,-,-,-,-,-,-,-,i,-,-,-,x,-,-,-,-,-,3,-,-,-
leip1237,-,-,-,-,-,-,-,k,-,-,-,-,-,-,-,-,-,-,-,-,-,i,-,-,-,-,d,d,-,-,-,-,-,-,-,-,a,-,-,-,h,-,-,-,-,-,-,-,-,-
loni1238,-,-,-,-,-,-,-,k,-,-,-,-,-,-,-,-,-,-,-,-,-,a,-,-,-,-,-,7,-,-,-,-,-,-,-,-,a,-,-,-,h,-,-,-,-,-,-,-,-,-
papi1254,-,-,-,-,-,-,-,k,-,-,-,-,-,-,-,-,-,-,-,-,-,a,-,-,-,n,d,r,-,-,-,-,-,-,-,-,a,-,-,-,-,-,-,-,-,-,-,-,-,-
naun1237,-,-,-,-,-,-,-,k,-,-,-,-,-,-,-,-,-,-,-,-,-,a,-,-,-,-,-,l,-,-,-,-,-,-,-,-,a,-,-,-,h,-,-,-,-,-,-,-,-,-
nyin1250,-,-,-,-,a,s,i,k,-,-,-,-,-,-,-,-,-,-,-,-,-,a,-,-,-,n,d,r,-,-,-,-,-,-,-,-,a,-,-,-,h,-,-,-,-,-,-,-,-,-
waro1242,-,-,-,-,-,-,-,-,-,-,-,-,-,-,-,-,-,-,-,-,-,a,-,-,-,-,-,r,-,-,e,-,-,p,-,-,a,-,-,-,-,-,-,-,-,-,-,-,-,-
wand1267,-,-,-,-,-,-,-,-,-,-,-,-,-,-,-,-,-,-,-,-,-,a,-,-,-,-,-,r,-,-,e,-,-,p,-,-,a,-,-,-,-,-,-,-,-,-,-,-,-,-
riri1237,-,-,-,-,-,-,-,t,-,-,-,-,-,-,-,-,-,-,-,-,-,u,-,-,-,-,-,-,-,-,-,-,-,-,-,-,a,-,-,-,b,-,-,-,-,-,-,-,-,-
sisi1250,-,-,-,-,-,-,-,t,-,-,-,-,-,-,-,-,-,-,-,-,-,o,-,-,-,m,-,b,-,-,-,-,-,-,-,-,a,-,-,-,-,-,-,-,-,-,-,-,-,-
vagh1249,-,-,-,-,-,-,-,t,-,-,-,-,-,-,-,-,-,-,-,-,-,3,-,-,-,N,-,k,-,-,-,-,-,-,-,-,s,-,-,-,-,-,-,-,-,-,-,-,-,-
vagh1249,m,b,-,-,a,-,-,t,-,-,-,-,-,-,-,-,-,-,-,-,-,o,-,-,-,N,-,-,-,-,-,-,-,-,-,-,o,-,-,-,-,-,-,-,-,-,-,-,-,-
vari1239,-,-,-,-,-,-,-,t,-,-,-,-,-,-,-,-,-,-,-,-,-,o,-,-,-,m,-,b,-,-,-,-,-,-,-,-,a,-,-,-,-,-,-,-,-,-,-,-,-,-
rovi1238,-,-,-,-,-,-,-,l,-,-,-,-,-,-,-,-,-,-,-,-,-,e,-,-,-,-,-,-,-,-,-,-,-,-,-,-,i,-,-,-,-,-,-,-,-,-,-,-,-,-
ughe1237,-,-,-,-,-,-,-,l,-,-,-,-,-,-,-,-,-,-,-,-,-,E,-,-,-,-,-,-,-,-,-,-,-,-,-,-,i,-,-,-,-,-,-,-,-,-,-,-,-,-
duke1237,-,-,-,-,-,-,-,l,-,-,-,-,-,-,-,-,-,-,-,-,-,e,-,-,-,-,-,-,-,-,-,-,-,-,-,-,i,-,-,-,-,-,-,-,-,-,-,-,-,-
kusa1251,-,-,-,-,-,-,-,l,-,-,-,-,-,-,-,-,-,-,-,-,-,e,-,-,-,-,-,-,-,-,-,-,-,-,-,-,i,-,-,-,-,-,-,-,-,-,-,-,-,-
maro1244,-,-,-,-,-,-,-,T,-,-,-,-,-,-,-,-,-,-,-,-,-,o,-,-,-,-,-,k,-,-,o,-,-,r,-,-,o,-,-,-,-,-,-,-,-,-,-,-,-,-
vang1243,-,-,-,-,-,-,-,h,-,-,-,-,-,-,-,-,-,-,-,-,-,i,-,-,-,m,-,b,-,-,-,-,-,-,-,-,u,-,-,-,-,-,-,-,-,-,-,-,-,-
simb1256,-,-,-,-,-,-,-,l,-,-,-,-,-,-,-,-,-,-,-,-,-,e,-,-,-,-,-,-,-,-,-,-,-,-,-,-,i,-,-,-,-,-,-,-,-,-,-,-,-,-
lung1249,-,-,-,-,-,-,-,l,-,-,-,-,-,-,-,-,-,-,-,-,-,e,-,-,-,-,-,-,-,-,-,-,-,-,-,-,i,-,-,-,-,-,-,-,-,-,-,-,-,-
sapo1253,-,-,-,-,-,-,-,k,-,-,-,-,-,-,-,-,-,-,-,-,-,o,-,-,-,-,-,r,-,-,-,-,-,-,-,-,o,-,-,-,-,-,-,-,-,-,-,-,-,-
neha1247,-,-,-,-,-,-,-,l,-,-,-,-,-,-,-,-,-,-,-,-,-,a,-,-,-,n,-,g,-,-,-,-,-,-,-,-,i,-,-,-,t,-,-,-,-,-,-,-,-,-
zaza1245,-,g,-,-,-,-,-,r,-,-,-,-,-,-,-,-,-,-,-,-,-,o,-,-,-,7,-,m,-,-,-,-,-,-,-,-,o,-,-,-,-,-,-,-,-,-,-,-,-,-
koko1269,-,g,-,-,-,-,-,r,-,-,-,-,-,-,-,-,-,-,-,-,-,o,-,-,-,-,-,m,-,-,-,-,-,-,-,-,o,-,-,-,-,-,-,-,-,-,-,-,-,-
gaoo1237,-,g,-,-,-,-,-,r,-,-,-,-,-,-,-,-,-,-,-,-,-,o,-,-,-,-,-,m,-,-,-,-,-,-,-,-,o,-,-,-,-,-,-,-,-,-,-,-,-,-
zaba1237,-,-,-,-,-,-,-,t,-,-,-,-,-,-,-,-,-,-,-,-,-,o,-,-,-,-,-,b,-,-,-,-,-,-,-,-,a,-,-,-,-,-,-,-,-,-,-,-,-,-
suau1242,-,-,-,-,i,-,-,y,-,-,-,-,-,-,-,-,-,-,-,-,-,a,-,-,-,-,-,l,-,-,-,-,-,-,-,-,o,-,-,-,-,-,-,-,-,-,i,-,-,-
suau1242,-,-,-,-,i,-,-,y,-,-,-,-,-,-,-,-,-,-,-,-,-,a,-,-,-,-,-,d,-,-,-,-,-,-,-,-,a,-,-,-,-,-,-,-,-,-,-,-,-,-
sali1295,-,-,-,-,i,-,-,y,-,-,-,-,-,-,-,-,-,-,-,-,-,a,-,-,-,-,-,l,-,-,-,-,-,-,-,-,o,-,-,-,h,-,-,-,-,-,i,-,-,-
bwan1241,-,-,-,-,i,-,-,y,-,-,-,-,-,-,-,-,-,-,-,-,-,a,-,-,-,-,-,l,-,-,-,-,-,-,-,-,o,i,y,a,l,o,-,-,-,-,i,-,-,-
oyao1237,-,-,-,-,i,-,-,y,-,-,-,-,-,-,-,-,-,-,-,-,-,a,-,-,-,-,-,l,-,-,-,-,-,-,-,-,o,-,-,-,-,-,-,-,-,-,i,-,-,-
auhe1237,-,-,-,-,i,-,-,y,-,-,-,-,-,-,-,-,-,-,-,-,-,a,-,-,-,-,-,l,-,-,-,-,-,-,-,-,o,-,-,-,h,-,-,-,-,-,i,-,-,-
buhu1237,-,-,-,-,i,-,-,y,-,-,-,-,-,-,-,-,-,-,-,-,-,a,-,-,-,-,-,d,-,-,-,-,-,-,-,-,a,-,-,-,-,-,-,-,-,-,-,-,-,-
misi1243,-,-,-,-,i,-,-,y,-,-,-,-,-,-,-,-,-,-,-,-,-,a,-,-,-,-,-,l,-,-,-,-,-,-,-,-,u,i,y,a,l,-,-,-,-,-,u,-,-,-
moli1248,-,-,-,-,i,-,-,y,-,-,-,-,-,-,-,-,-,-,-,-,-,a,-,-,-,-,-,l,-,-,-,-,-,-,-,-,o,-,-,-,-,-,-,-,-,-,a,-,-,-
moli1248,-,-,-,-,-,-,-,k,-,-,-,-,-,-,w,-,-,-,-,-,-,a,-,-,-,-,-,-,-,-,-,-,-,-,-,-,u,-,-,-,-,-,-,-,-,-,-,-,-,-
moli1248,-,-,-,-,-,-,-,k,-,-,-,-,-,-,w,-,-,-,-,-,-,a,-,-,-,-,-,-,-,-,-,-,-,-,-,-,o,-,-,-,-,-,-,-,-,-,-,-,-,-
dobu1241,-,-,-,-,i,-,-,y,-,-,-,-,-,-,-,-,-,-,-,-,-,a,-,-,-,-,-,l,-,-,-,-,-,-,-,-,o,-,-,-,w,-,-,-,-,-,a,-,-,-
buna1276,-,-,-,-,i,-,-,y,-,-,-,-,-,-,-,-,-,-,-,-,-,a,-,-,-,-,-,l,-,-,-,-,-,-,-,-,o,-,-,-,x,-,-,-,-,-,a,-,-,-
sewa1251,-,-,-,-,-,-,-,b,-,-,-,-,-,-,-,-,-,-,-,-,-,u,-,-,-,-,-,d,-,-,-,-,-,-,-,-,i,-,-,-,b,u,-,-,d,-,i,-,-,-
sewa1251,-,-,-,-,i,-,-,y,-,-,-,-,-,-,-,-,-,-,-,-,-,a,-,-,-,-,-,l,-,-,-,-,-,-,-,-,o,-,-,-,w,-,-,-,-,-,a,-,-,-
diod1237,-,-,-,-,-,-,-,b,-,-,-,-,-,-,u,-,-,-,-,-,-,i,-,-,-,-,-,b,-,-,-,-,-,-,-,-,u,-,-,-,-,-,-,-,-,-,i,-,-,-
iama1237,-,-,-,-,-,-,-,w,-,-,-,-,-,-,-,-,-,-,-,-,-,a,-,-,-,-,-,-,-,-,-,-,-,-,-,-,o,-,-,-,w,-,-,-,-,-,a,-,-,-
kolu1245,-,-,-,-,o,-,-,w,-,-,-,-,-,-,-,-,-,-,-,-,-,a,-,-,-,-,-,-,-,-,-,-,-,-,-,-,o,-,-,-,w,-,-,-,-,-,a,-,-,-
gapa1238,-,k,a,r,e,-,-,k,-,-,-,-,-,-,-,-,-,-,-,-,-,a,-,-,-,-,-,r,-,-,-,-,-,-,-,-,e,-,-,-,w,-,-,-,-,-,a,-,-,-
ghay1237,-,k,a,r,e,-,-,k,-,-,-,-,-,-,-,-,-,-,-,-,-,a,-,-,-,-,-,r,-,-,-,-,-,-,-,-,e,-,-,-,w,-,-,-,-,-,a,-,-,-
anuk1239,-,-,-,-,u,-,-,-,-,-,-,-,-,-,-,-,-,-,-,-,-,-,-,-,-,-,-,-,-,-,-,-,-,-,-,-,-,-,-,-,w,-,-,-,-,-,a,-,-,-
tawa1275,-,-,-,-,i,-,-,y,-,-,-,-,-,-,-,-,-,-,-,-,-,a,-,-,-,-,-,l,-,-,-,-,-,-,-,-,o,-,-,-,-,-,-,-,-,-,i,-,-,-
ubir1237,-,k,a,s,a,-,-,k,-,-,-,-,-,-,-,-,-,-,-,-,-,a,-,-,-,-,-,s,-,-,-,-,-,-,-,-,-,-,-,-,-,-,-,-,-,-,a,-,-,-
kili1267,-,-,-,-,-,-,-,l,-,-,-,-,o,-,w,-,-,-,-,-,-,a,-,-,-,-,-,l,-,-,-,-,-,-,-,-,o,-,-,-,w,-,-,-,-,-,a,-,-,-
muyu1244,-,-,-,-,-,-,-,l,-,-,-,-,-,-,-,-,-,-,-,-,-,-,-,-,-,-,-,-,-,-,-,-,-,-,-,-,o,-,-,-,v,-,-,-,-,-,-,-,-,-
motu1246,-,-,-,-,-,-,-,-,-,-,-,-,-,-,-,-,-,-,-,-,-,o,-,-,-,-,-,r,-,-,-,-,-,-,-,-,-,-,-,-,-,-,-,-,-,-,i,-,-,-
tour1243,-,-,-,-,-,-,-,-,-,-,-,-,-,-,-,-,-,-,-,-,-,o,-,-,-,-,-,r,-,-,-,-,-,-,-,-,-,-,-,-,-,-,-,-,-,-,i,-,-,-
lala1268,-,-,-,-,-,-,-,-,-,-,-,-,-,-,-,-,-,-,-,-,-,o,-,-,-,-,-,l,-,-,-,-,-,-,-,-,-,-,-,-,-,-,-,-,-,-,i,-,-,-
abad1241,-,-,-,-,-,-,-,-,-,-,-,-,-,-,-,-,-,-,-,-,-,o,-,-,-,-,-,r,-,-,-,-,-,-,-,-,-,-,-,-,-,-,-,-,-,-,i,-,-,-
hula1239,-,-,-,-,i,-,-,l,-,-,-,-,-,-,-,-,-,-,-,-,-,o,-,-,-,-,-,-,-,-,-,-,-,-,-,-,-,-,-,-,-,-,-,-,-,-,a,-,-,-
hula1239,-,-,-,-,i,-,-,n,-,-,-,-,-,-,-,-,-,-,-,-,-,o,-,-,-,-,-,v,-,-,-,-,-,-,-,-,-,-,-,-,-,-,-,-,-,-,a,-,-,-
mago1248,-,-,-,-,-,-,-,n,-,-,-,-,-,-,-,-,-,-,-,-,-,o,-,-,-,g,a,r,-,-,-,-,-,-,-,-,-,-,-,-,-,-,-,-,-,-,a,-,-,-
moki1238,-,-,-,-,-,-,-,k,-,-,-,-,-,-,-,-,-,-,-,-,-,o,-,-,-,-,-,s,-,-,-,-,-,-,-,-,o,-,-,-,w,-,-,-,-,-,-,-,-,-
pulu1242,-,-,-,-,-,-,-,w,-,-,-,-,-,-,-,-,-,-,-,-,-,o,-,-,-,-,-,r,-,-,-,-,-,-,-,-,o,-,-,-,w,-,-,-,-,-,-,-,-,-
chuu1238,-,-,-,-,-,-,-,k,-,-,-,-,-,-,-,-,-,-,-,-,-,u,-,T,h,t,s,h,-,-,-,-,-,-,-,-,u,-,-,-,-,-,-,-,-,-,-,-,-,-
chuu1238,-,-,-,-,-,-,-,k,-,-,-,-,-,-,-,-,-,-,-,-,-,u,-,T,h,t,s,h,-,-,-,-,-,-,-,-,u,-,-,-,-,-,-,-,-,-,-,-,-,-
mort1237,-,-,-,-,-,-,-,-,-,-,-,-,-,-,-,-,-,-,-,-,-,o,-,-,-,-,-,S,-,-,-,-,-,-,-,-,o,-,-,-,w,-,-,-,-,-,-,-,-,-
mars1254,-,-,-,-,-,-,-,k,-,-,-,-,-,-,-,-,-,-,-,-,-,e,-,-,-,-,-,d,-,-,-,-,-,-,-,-,a,-,-,-,w,-,-,-,-,-,-,-,-,-
ulit1238,-,-,-,-,-,-,-,d,-,-,-,-,-,-,-,-,-,-,-,-,-,a,-,-,-,-,-,r,-,-,-,-,-,m,-,-,i,-,-,-,-,-,-,-,-,-,-,-,-,-
gilb1244,-,-,-,-,-,-,-,n,-,-,-,-,-,-,-,-,-,-,-,-,-,a,-,-,-,-,-,n,-,-,-,-,-,-,-,-,-,-,-,-,g,-,-,-,-,-,-,-,-,-
akol1237,-,-,-,-,-,-,-,w,-,-,-,-,-,-,-,-,-,-,-,-,-,a,-,-,-,t,-,l,-,-,-,-,-,-,-,-,o,-,-,-,-,-,-,-,-,-,-,-,-,-
seng1281,-,-,-,-,-,-,-,-,-,-,-,-,-,-,-,-,-,-,-,-,-,a,-,-,-,-,-,v,-,-,-,-,-,-,-,-,a,-,-,-,t,-,-,-,-,-,-,-,-,-
lamo1244,-,g,-,-,-,-,-,g,-,-,-,-,-,-,-,-,-,-,-,-,-,a,-,-,-,-,-,w,g,g,a,-,-,-,-,-,a,-,-,-,w,-,-,-,-,-,-,-,-,-
mouk1239,-,-,-,-,-,-,-,s,-,-,-,-,-,-,-,-,-,-,-,-,-,i,-,-,-,r,-,b,-,-,-,-,-,-,-,-,a,-,-,-,-,-,-,-,-,-,-,-,-,-
lore1244,-,-,-,-,-,-,-,l,-,-,-,-,-,-,-,-,-,-,-,-,-,a,-,-,-,-,-,r,-,-,-,-,-,-,-,-,o,-,-,-,r,-,-,-,-,-,-,-,-,-
shar1244,-,-,-,-,-,-,-,l,-,-,-,-,-,-,-,-,-,-,-,-,-,a,-,-,-,-,-,k,-,-,-,-,-,-,-,-,a,-,-,-,r,-,-,-,-,-,-,-,-,-
butm1237,-,-,-,-,-,-,-,l,-,-,-,-,-,-,-,-,-,-,-,-,-,a,-,-,-,k,-,t,-,-,-,-,-,-,-,-,i,-,-,-,-,-,-,-,-,-,-,-,-,-
polo1242,-,-,-,-,-,-,-,-,-,-,-,-,-,-,-,-,-,-,-,-,-,a,-,-,-,n,-,d,-,-,-,-,-,-,-,-,a,-,-,-,p,-,-,-,-,-,-,-,-,-
saka1289,-,-,-,-,-,-,-,8,-,-,-,-,-,-,-,-,-,-,-,-,-,a,-,-,-,-,-,l,-,-,-,-,-,-,-,-,a,-,-,-,n,-,-,-,-,-,-,-,-,-
saka1289,-,-,-,-,-,-,-,8,-,-,-,-,-,-,-,-,-,-,-,-,-,a,-,-,-,-,-,l,-,-,-,-,-,-,-,-,a,-,-,-,n,-,-,-,-,-,-,-,-,-
nang1262,-,-,-,-,-,-,-,n,-,-,-,-,-,-,-,-,-,-,d,-,-,o,-,-,-,m,-,b,-,-,-,-,-,-,-,-,a,-,-,-,-,-,-,-,-,-,-,-,-,-
asum1237,-,m,-,-,a,-,-,-,-,-,-,-,-,-,-,-,-,-,-,-,-,a,-,-,-,-,-,v,-,-,i,-,-,-,-,-,o,-,-,-,-,-,-,-,-,-,-,-,-,-
tani1255,-,n,-,-,o,-,-,-,-,-,-,-,-,-,-,-,-,-,m,-,-,a,-,-,-,-,-,p,-,-,i,-,-,-,-,-,o,-,-,-,-,-,-,-,-,-,-,-,-,-
tean1237,-,-,-,-,a,-,-,n,-,-,-,-,-,-,-,-,-,-,d,-,-,a,-,-,-,-,-,w,-,-,-,-,-,-,-,-,o,-,-,-,-,-,-,-,-,-,-,-,-,-
vano1237,-,-,-,-,a,-,-,n,-,-,-,-,-,-,-,-,-,-,d,-,-,a,-,-,-,-,-,w,-,-,-,-,-,-,-,-,o,-,-,-,-,-,-,-,-,-,-,-,-,-
tane1237,-,v,-,-,a,-,-,n,-,-,-,-,-,-,-,-,-,-,d,-,-,a,-,-,-,-,-,v,-,-,-,-,-,-,-,-,a,-,-,-,-,-,-,-,-,-,-,-,-,-
siee1239,-,-,-,-,-,-,-,n,-,-,-,-,-,-,-,-,-,-,-,-,-,o,-,-,-,m,p,w,-,-,-,-,-,-,-,-,a,-,-,-,-,-,-,-,-,-,u,-,-,-
urav1235,-,-,-,-,-,-,-,n,-,-,-,-,-,-,-,-,-,-,-,-,-,o,-,-,-,m,-,w,-,-,-,-,-,-,-,-,a,-,-,-,-,-,-,-,-,-,u,-,-,-
anei1239,-,-,-,-,-,-,-,n,-,-,-,-,-,-,-,-,-,-,-,-,-,a,-,-,-,p,-,p,-,-,-,-,-,-,-,-,a,-,-,-,-,-,-,-,-,-,t,-,-,-
lena1238,-,-,-,-,-,-,-,n,-,-,-,-,-,-,-,-,-,-,-,-,-,a,-,-,-,-,-,p,-,-,u,-,-,-,-,-,a,-,-,-,-,-,-,-,-,-,-,-,-,-
sout2869,-,-,-,-,-,-,-,n,-,-,-,-,-,-,-,-,-,-,-,-,-,a,-,-,-,-,-,p,-,-,u,-,-,-,-,-,a,-,-,-,-,-,-,-,-,-,-,-,-,-
kwam1252,-,-,-,-,-,-,-,n,-,-,-,-,-,-,-,-,-,-,-,-,-,a,-,-,-,-,-,p,-,-,u,-,-,-,-,-,a,-,-,-,-,-,-,-,-,-,-,-,-,-
nort2847,-,-,-,-,-,-,-,n,-,-,-,-,-,-,-,-,-,-,-,-,-,a,-,-,-,-,-,p,-,-,u,-,-,-,-,-,a,-,-,-,-,-,-,-,-,-,-,-,-,-
whit1269,-,-,-,-,-,-,-,n,-,-,-,-,-,-,-,-,-,-,-,-,-,a,-,-,-,-,-,p,-,-,u,-,-,-,-,-,a,-,-,-,-,-,-,-,-,-,-,-,-,-
sude1239,-,-,-,-,-,-,-,b,-,-,-,-,-,-,-,-,-,-,-,-,-,u,-,-,-,-,-,r,-,-,u,-,-,b,-,-,u,-,-,-,r,-,-,-,-,-,u,-,-,-
nimo1246,-,-,-,-,i,-,-,y,-,-,-,-,-,-,-,-,-,-,-,-,-,a,-,-,-,-,-,l,-,-,u,-,i,y,-,-,a,-,-,-,l,-,-,-,-,-,u,-,-,-
dehu1237,-,-,-,-,i,-,-,-,-,-,-,-,-,-,-,-,-,-,-,-,-,a,-,-,-,-,-,-,-,-,-,-,-,-,-,-,-,-,-,-,w,-,-,-,-,-,-,-,-,-
dehu1237,-,-,-,-,i,-,-,-,-,-,-,-,-,-,-,-,-,-,-,-,-,a,-,-,-,-,-,-,-,-,-,-,-,-,-,-,e,-,-,-,N,-,-,-,-,-,-,-,-,-
iaai1238,-,-,-,-,i,-,y,l,-,-,-,-,o,-,-,-,-,-,-,-,-,o,-,-,-,-,-,-,-,-,-,-,-,-,-,-,o,-,-,-,-,-,-,-,-,-,-,-,-,-
neng1238,-,-,-,-,-,-,-,-,-,-,-,-,-,-,-,-,-,-,-,-,-,a,-,-,-,-,-,w,-,-,e,-,-,-,-,-,e,-,-,-,-,-,-,-,-,-,-,-,-,-
kuma1276,-,-,-,-,-,-,-,-,-,-,-,-,-,-,-,-,-,-,-,-,-,-,-,-,-,-,-,-,-,-,-,-,-,-,-,-,-,-,-,-,d,-,-,-,-,-,a,-,n,-
nyal1254,-,-,-,-,-,-,-,n,-,-,-,-,-,-,-,-,-,-,-,-,-,a,-,-,-,-,-,-,-,-,-,-,-,-,-,-,e,-,-,-,d,-,-,-,-,-,a,-,n,-
nyal1254,-,-,-,-,-,-,-,n,-,-,-,-,-,-,-,-,-,-,-,-,-,a,-,-,-,-,-,-,-,-,-,-,-,-,-,-,e,-,-,-,d,-,-,-,-,-,a,-,n,-
nyal1254,-,-,-,-,-,-,-,n,-,-,-,-,-,-,-,-,-,-,-,-,-,a,-,-,-,-,-,-,-,-,-,-,-,-,-,-,e,u,-,-,r,-,-,-,-,-,u,-,-,-
nyal1254,-,-,-,-,-,-,-,n,-,-,-,-,-,-,-,-,-,-,-,-,-,a,-,-,-,-,-,-,-,-,-,-,-,-,-,-,e,u,-,-,r,-,-,-,-,-,u,-,-,-
yuag1237,-,-,-,-,-,-,-,n,-,-,-,-,-,-,-,-,-,-,-,-,-,-,-,-,-,-,-,-,-,-,-,-,-,-,-,-,e,-,-,-,-,-,-,-,-,-,-,-,-,-
nemi1240,-,-,-,-,-,-,-,n,-,-,-,-,-,-,-,-,-,-,-,-,-,-,-,-,-,-,-,-,-,-,-,-,-,-,-,-,e,-,-,-,N,-,-,-,-,-,-,-,-,-
fwai1237,-,-,-,-,-,-,-,n,-,-,-,-,-,-,-,-,-,-,-,-,-,-,-,-,-,-,-,-,-,-,-,-,-,-,-,-,e,-,-,-,N,-,-,-,-,-,-,-,-,-
pwaa1237,-,h,-,-,-,-,-,n,-,-,-,-,-,-,-,-,-,-,-,-,-,-,-,-,-,-,-,-,-,-,-,-,-,-,-,-,e,-,-,-,5,-,-,-,-,-,-,-,-,-
pije1237,-,-,-,-,-,-,-,l,-,-,-,-,-,-,-,-,-,-,-,-,-,i,-,-,-,-,-,h,-,m,o,v,e,5,-,-,e,-,-,-,n,-,-,-,-,-,-,-,-,-
pwap1237,-,-,-,-,-,-,-,n,-,-,-,-,-,-,-,-,-,-,-,-,-,-,-,-,-,-,-,-,-,-,-,-,-,-,-,-,e,-,-,-,5,-,-,-,-,-,-,-,-,-
jawe1237,-,-,-,-,-,-,-,n,-,-,-,-,-,-,-,-,-,-,-,-,-,-,-,-,-,-,-,-,-,-,-,-,-,-,-,-,e,-,-,-,5,-,-,-,-,-,-,-,-,-
hmwa1243,-,-,-,-,-,-,-,s,-,-,-,-,-,-,-,-,-,-,-,-,-,a,-,-,-,-,-,t,-,-,-,-,-,7,-,-,e,-,-,-,-,-,-,-,-,-,-,-,-,-
have1241,-,-,-,-,-,-,-,8,-,-,-,-,-,-,-,-,-,-,-,-,-,a,-,-,-,-,-,t,-,-,-,-,-,7,-,-,e,-,-,-,-,-,-,-,-,-,-,-,-,-
haek1239,-,-,-,-,-,-,-,8,-,-,-,-,-,-,-,-,-,-,-,-,-,a,-,-,-,-,-,t,-,-,-,-,-,7,-,-,e,-,-,-,-,-,-,-,-,-,-,-,-,-
vama1243,-,-,-,-,-,-,-,h,-,-,-,-,-,-,n,-,-,-,-,-,-,a,p,e,-,-,-,8,-,-,o,-,a,t,-,-,i,-,-,-,t,-,-,-,-,-,-,-,-,-
cemu1238,-,-,-,-,-,-,-,n,-,-,-,-,-,-,-,-,-,-,-,-,-,-,-,-,-,-,-,-,-,-,-,-,-,-,-,-,i,-,-,-,-,-,-,-,-,-,-,-,-,-
caac1237,-,-,-,-,-,-,-,n,-,-,-,-,-,-,-,-,-,-,-,-,-,-,-,-,-,-,-,-,-,-,-,-,-,-,-,-,e,-,-,-,5,-,-,-,-,-,-,-,-,-
bala1316,-,-,-,-,-,-,-,n,-,-,-,-,-,-,-,-,-,-,-,-,-,a,-,-,-,-,-,-,-,-,-,-,-,-,-,-,e,u,-,-,r,-,-,-,-,-,u,-,-,-
bala1316,-,-,-,-,-,-,-,n,-,-,-,-,-,-,-,-,-,-,-,-,-,a,-,-,-,-,-,-,-,-,-,-,-,-,-,-,e,u,-,-,r,-,-,-,-,-,u,-,-,-
paic1239,-,-,-,-,-,-,-,n,-,-,-,-,-,-,-,-,-,-,-,-,-,e,-,-,-,-,-,-,-,-,-,-,-,-,-,-,e,-,-,-,-,-,-,-,-,-,-,-,-,-
xara1244,-,-,-,-,-,-,-,k,-,-,-,-,-,-,-,-,-,-,-,-,-,-,-,-,-,-,-,-,-,-,-,-,-,-,-,-,o,-,-,-,-,-,-,-,-,-,-,-,-,-
xara1243,-,-,-,-,-,-,-,k,-,-,-,-,-,-,-,-,-,-,-,-,-,-,-,-,-,-,-,-,-,-,-,-,-,-,-,-,o,-,-,-,-,-,-,-,-,-,-,-,-,-
tiri1258,-,-,-,-,-,-,-,-,-,-,-,-,-,-,-,-,-,-,-,-,-,-,-,-,-,-,-,-,-,-,-,-,-,-,-,-,u,-,-,-,-,-,-,-,-,-,-,-,-,-
neku1237,-,-,-,-,-,-,-,-,-,-,-,-,-,-,-,-,-,-,-,-,-,-,-,-,-,-,-,-,-,-,-,-,-,-,-,-,o,-,-,-,-,-,-,-,-,-,-,-,-,-
orow1242,-,-,-,-,-,-,-,-,-,-,-,-,-,-,-,-,-,-,-,-,-,-,-,-,-,-,-,-,-,-,-,-,-,-,-,-,o,-,-,-,-,-,-,-,-,-,-,-,-,-
arha1237,-,-,-,-,-,-,-,-,-,-,-,-,-,-,-,-,-,-,-,-,-,-,-,-,-,-,-,-,-,-,-,-,-,-,-,-,o,-,-,-,-,-,-,-,-,-,-,-,-,-
arho1237,-,-,-,-,-,-,-,-,-,-,-,-,-,-,-,-,-,-,-,-,-,-,-,-,-,-,-,-,-,-,-,-,-,-,-,-,o,-,-,-,-,-,-,-,-,-,-,-,-,-
dumb1241,-,-,-,-,-,-,-,k,-,-,-,-,-,-,-,-,-,-,-,-,-,-,-,-,-,-,-,-,-,-,-,-,-,w,-,-,a,-,-,-,-,-,-,-,-,-,-,-,-,-
