language,x1,x2,x3,x4,x5,x6,x7,x8,x9,x10,x11,x12,x13,x14,x15,x16,x17,x18,x19,x20,x21,x22,x23,x24,x25,x26,x27,x28,x29,x30,x31,x32,x33,x34,x35,x36,x37,x38,x39,x40,x41,x42,x43,x44
siss1243,-,-,-,-,-,-,-,-,-,-,t,-,-,-,-,-,a,-,-,-,k,-,i,-,-,-,-,-,-,y,i,-,3,-,-,-,-,s,-,-,-,-,-,-
sobe1238,-,-,-,-,-,-,-,-,-,-,-,-,-,-,-,-,a,-,-,-,-,-,i,-,-,-,-,-,-,y,-,-,a,-,-,-,-,s,-,-,-,-,-,-
mala1487,-,-,-,-,-,-,-,-,-,-,-,-,-,-,-,-,-,-,-,-,-,-,-,-,-,-,-,-,-,k,-,-,u,-,-,-,-,p,-,-,-,-,i,t
arop1242,-,-,-,-,-,-,-,-,-,-,-,-,-,-,-,-,a,-,-,-,-,-,-,-,-,-,-,-,-,n,-,-,i,-,-,n,-,b,-,-,-,-,e,-
sioo1240,-,-,-,-,-,-,-,-,-,-,-,-,-,-,-,-,a,-,-,-,-,-,-,-,-,-,-,-,-,s,-,-,u,-,-,N,-,g,-,-,-,-,u,-
numb1247,-,-,-,-,-,-,-,-,-,-,k,-,o,-,t,-,a,-,-,-,-,-,-,-,-,-,-,-,-,t,a,-,i,-,-,-,-,-,-,-,-,-,-,-
numb1247,-,-,-,-,-,-,-,-,-,-,k,-,o,-,t,-,a,-,-,-,-,-,-,-,-,-,-,-,-,t,-,-,i,-,-,-,-,n,-,-,-,-,a,-
numb1247,-,-,-,-,-,-,-,-,-,-,-,-,-,-,-,-,i,-,-,-,-,-,-,-,-,-,-,-,-,y,-,-,u,-,-,-,-,m,-,-,-,-,a,-
mutu1242,-,-,-,-,-,-,-,-,-,-,-,-,-,-,-,-,u,-,-,-,-,-,-,-,-,-,-,-,-,z,-,-,u,-,-,-,-,g,-,-,-,-,-,-
mala1489,-,-,-,-,-,-,-,-,-,-,z,-,-,-,-,-,u,-,-,-,-,-,-,-,-,-,-,-,-,g,-,-,u,-,-,-,-,-,-,-,-,-,-,-
kove1237,-,-,-,-,-,-,-,-,-,-,n,-,-,-,-,-,a,-,-,-,-,-,-,-,-,-,-,-,-,-,-,-,o,-,-,-,-,-,-,-,-,-,-,-
taki1248,-,-,-,-,-,-,-,-,-,-,-,-,-,-,-,-,-,-,-,-,-,-,-,-,-,-,-,-,-,l,-,-,o,-,-,-,-,g,-,-,-,-,-,-
matu1261,-,-,-,-,-,-,-,-,-,-,-,-,-,-,-,-,-,-,-,-,-,-,-,-,-,-,-,-,-,l,-,-,o,-,-,-,-,g,-,-,-,-,-,-
geda1237,-,-,-,-,-,-,-,-,-,-,-,-,-,-,-,-,-,-,-,-,-,-,-,-,-,-,-,-,-,l,-,-,o,-,-,-,-,g,-,-,-,-,-,-
geda1237,-,-,-,-,-,-,-,-,-,-,-,-,-,-,-,-,-,-,-,-,-,-,-,-,-,-,-,-,-,l,-,-,o,-,-,-,-,g,-,-,-,-,-,-
bilb1241,-,-,-,-,-,-,-,-,-,-,-,-,-,-,-,-,-,-,-,-,-,-,-,-,-,-,-,-,-,l,-,-,o,-,-,-,-,g,-,-,-,-,-,-
mind1255,-,-,-,-,-,-,-,-,-,-,k,-,-,-,-,-,u,-,-,-,-,-,-,-,-,-,-,-,-,l,u,-,o,-,-,N,-,g,-,-,-,-,3,-
wabb1237,-,-,-,-,-,-,-,-,-,-,n,-,-,-,-,-,a,-,-,-,-,-,-,-,-,-,-,-,-,n,-,-,u,-,-,-,-,n,-,-,-,-,-,-
wabb1237,-,-,-,-,-,-,-,-,-,-,n,-,-,-,-,-,a,-,-,-,-,-,-,-,-,-,-,-,-,n,-,-,u,-,-,-,-,n,-,-,-,-,-,-
ronj1237,-,-,-,-,-,-,-,-,-,-,-,-,-,-,-,-,u,-,-,-,-,-,i,-,-,-,-,-,-,y,-,-,u,-,-,-,-,m,-,-,-,-,-,-
nana1258,-,-,-,-,-,-,-,-,-,-,t,-,-,-,-,-,a,-,-,-,-,-,-,-,-,-,-,-,-,l,-,-,o,-,-,-,-,-,-,-,-,-,-,-
woge1237,-,-,-,-,-,-,-,-,-,-,N,-,-,-,-,-,a,-,-,-,-,-,-,-,-,-,-,-,-,r,-,-,a,-,-,-,-,N,-,-,-,-,a,r
mana1295,-,-,-,-,-,-,-,-,-,-,N,-,-,-,-,-,a,-,-,-,-,-,-,-,-,-,-,-,-,r,-,-,a,-,-,-,-,-,-,-,-,-,-,-
yabe1254,-,-,-,-,-,-,-,-,-,-,k,-,-,-,-,-,e,-,-,-,-,-,e,-,-,-,-,-,-,k,o,-,o,-,-,-,-,T,-,-,-,-,t,s
yabe1254,-,-,-,-,-,-,-,-,-,-,-,-,-,-,-,-,-,-,-,-,-,-,-,-,-,-,-,-,-,-,-,-,i,-,-,-,-,m,-,-,-,-,-,-
onto1237,-,-,-,-,-,-,-,-,-,-,7,-,a,-,-,-,a,-,-,-,-,-,-,-,-,-,-,-,-,-,-,-,u,-,-,-,-,-,-,-,-,-,-,-
taku1257,-,-,-,-,-,-,-,-,-,-,k,-,-,-,-,-,a,-,-,-,-,-,-,-,-,-,-,-,-,-,-,-,u,-,-,-,-,-,-,-,-,-,-,-
sika1261,-,-,-,-,-,-,-,-,-,-,k,-,-,-,-,-,o,-,-,-,-,-,u,-,-,-,-,-,-,k,o,-,u,-,-,-,-,-,-,-,-,-,-,-
sika1261,-,-,-,-,-,-,-,-,-,-,k,-,-,-,-,-,a,-,-,-,-,-,-,-,-,-,-,-,-,k,a,-,u,-,-,-,-,-,-,-,-,-,-,-
nuku1259,-,-,-,-,-,-,-,-,-,-,k,-,-,-,-,-,a,-,-,-,-,-,-,-,-,-,-,-,-,-,-,-,u,-,-,-,-,-,-,-,-,-,-,-
kapi1249,-,-,-,-,-,-,-,-,-,-,k,-,-,-,-,-,a,-,-,-,-,-,-,-,-,-,-,-,-,-,-,-,u,-,-,-,-,-,-,-,-,-,-,-
samo1305,-,-,-,-,-,-,-,-,-,-,7,-,-,-,-,-,a,-,-,-,-,-,-,-,-,-,-,-,-,7,a,-,u,-,-,-,-,-,-,-,-,-,-,-
nort2844,-,-,-,-,-,-,-,-,-,-,k,-,-,-,-,-,a,-,-,-,-,-,-,-,-,-,-,-,-,k,a,-,u,-,-,-,-,-,-,-,-,-,-,-
tiko1237,-,-,-,-,-,-,-,-,-,-,k,-,-,-,-,-,a,-,-,-,-,-,-,-,-,-,-,-,-,-,-,-,u,-,-,-,-,-,-,-,-,-,-,-
tiko1237,-,-,-,-,-,-,-,-,-,-,k,-,-,-,-,-,a,-,-,-,-,-,-,-,-,-,-,-,-,k,a,-,u,-,-,-,-,-,-,-,-,-,-,-
anut1237,-,-,-,-,-,-,-,-,-,-,k,-,-,-,-,-,a,-,-,-,-,-,-,-,-,-,-,-,-,-,-,-,-,-,-,-,-,-,-,-,-,-,-,-
anut1237,-,-,-,-,-,-,-,-,-,-,k,-,-,-,-,-,a,-,-,-,-,-,-,-,-,-,-,-,-,k,a,-,u,-,-,-,-,-,-,-,-,-,-,-
east2447,-,-,-,-,-,-,-,-,-,-,k,-,-,-,-,-,a,-,-,-,-,-,-,-,-,-,-,-,-,-,-,-,-,-,-,-,-,-,-,-,-,-,-,-
east2447,-,-,-,-,-,-,-,-,-,-,k,-,-,-,-,-,a,-,-,-,-,-,-,-,-,-,-,-,-,k,a,-,u,-,-,-,-,-,-,-,-,-,-,-
wall1257,-,-,-,-,-,-,-,-,-,-,k,-,-,-,-,-,a,-,-,-,-,-,-,-,-,-,-,-,-,-,-,-,u,-,-,-,-,-,-,-,-,-,-,-
wall1257,-,-,-,-,-,-,-,-,-,-,k,-,-,-,-,-,a,-,-,-,-,-,-,-,-,-,-,-,-,k,a,-,u,-,-,-,-,-,-,-,-,-,-,-
tong1325,-,-,-,-,-,-,-,-,-,-,k,-,-,-,-,-,a,-,-,-,-,-,-,-,-,-,-,-,-,k,a,-,u,-,-,-,-,-,-,-,-,-,-,-
niue1239,-,-,-,-,-,-,-,-,-,-,k,-,-,-,-,-,o,-,-,-,-,-,-,-,-,-,-,-,-,-,-,-,u,-,-,-,-,-,-,-,-,-,-,-
niue1239,-,-,-,-,-,-,-,-,-,-,k,-,-,-,-,-,a,-,-,-,-,-,-,-,-,-,-,-,-,-,-,-,u,-,-,-,-,-,-,-,-,-,-,-
niue1239,-,-,-,-,-,-,-,-,-,-,k,-,-,-,-,-,a,-,-,-,-,-,-,-,-,-,-,-,-,k,a,-,u,-,-,-,-,-,-,-,-,-,-,-
emae1237,-,-,-,-,-,-,-,-,-,-,k,-,-,-,-,-,a,-,-,-,-,-,-,-,-,-,-,-,-,k,a,-,u,-,-,-,-,-,-,-,-,-,-,-
mung1271,-,-,-,-,-,-,-,-,-,-,k,-,-,-,-,-,a,-,-,-,-,-,-,-,-,-,-,-,-,k,a,-,u,-,-,-,-,-,-,-,-,-,-,-
futu1245,-,-,-,-,-,-,-,-,-,-,k,-,-,-,-,-,a,-,-,-,-,-,-,-,-,-,-,-,-,-,-,-,u,-,-,-,-,-,-,-,-,-,-,-
futu1245,-,-,-,-,-,-,-,-,-,-,k,-,-,-,-,-,a,-,-,-,-,-,u,-,-,-,-,-,-,k,a,-,u,-,-,-,-,-,-,-,-,-,-,-
west2516,-,-,-,-,-,-,-,-,-,-,k,-,-,-,-,-,a,-,-,-,-,-,-,-,-,-,-,-,-,-,-,-,u,-,-,-,-,-,-,-,-,-,a,-
west2516,-,-,-,-,-,-,-,-,-,-,k,-,-,-,-,-,a,-,-,-,-,-,-,-,-,-,-,-,-,k,a,-,u,-,-,-,-,-,-,-,-,-,-,-
mele1250,-,-,-,-,-,-,-,-,-,-,k,-,-,-,-,-,a,-,-,-,-,-,-,-,-,-,-,-,-,-,-,-,u,-,-,-,-,-,-,-,-,-,-,-
toke1240,-,-,-,-,-,-,-,-,-,-,k,-,-,-,-,-,a,-,-,-,-,-,-,-,-,-,-,-,-,-,-,-,-,-,-,-,-,-,-,-,-,-,-,-
toke1240,-,-,-,-,-,-,-,-,-,-,k,-,-,-,-,-,a,-,-,-,-,-,-,-,-,-,-,-,-,k,a,-,u,-,-,-,-,-,-,-,-,-,-,-
pile1238,-,-,-,-,-,-,-,-,-,-,k,-,-,-,-,-,a,-,-,-,-,-,-,-,-,-,-,-,-,-,-,-,u,-,-,-,-,-,-,-,-,-,-,-
raro1241,-,-,-,-,-,-,-,-,-,-,k,-,-,-,-,-,a,-,-,-,-,-,-,-,-,-,-,-,-,-,-,-,u,-,-,-,-,-,-,-,-,-,-,-
penr1237,-,-,-,-,-,-,-,-,-,-,k,-,-,-,-,-,a,-,-,-,-,-,-,-,-,-,-,-,-,-,-,-,u,-,-,-,-,-,-,-,-,-,-,-
tuam1242,-,-,-,-,-,-,-,-,-,-,k,-,-,-,-,-,a,-,-,-,-,-,-,-,-,-,-,-,-,-,-,-,u,-,-,-,-,-,-,-,-,-,-,-
mang1401,-,-,-,-,-,-,-,-,-,-,k,-,-,-,-,-,a,-,-,-,-,-,-,-,-,-,-,-,-,-,-,-,u,-,-,-,-,-,-,-,-,-,-,-
mang1401,-,-,-,-,-,-,-,-,-,-,k,-,-,-,-,-,a,-,-,-,-,-,-,-,-,-,-,-,-,-,-,-,u,-,-,-,-,-,-,-,-,-,-,-
mang1402,-,-,-,-,-,-,-,-,-,-,k,-,-,-,-,-,a,-,-,-,-,-,-,-,-,-,-,-,-,-,-,-,u,-,-,-,-,-,-,-,-,-,-,-
raka1237,-,-,-,-,-,-,-,-,-,-,k,-,-,-,-,-,a,-,-,-,-,-,u,-,-,-,-,-,-,k,a,-,u,-,-,-,-,-,-,-,-,-,-,-
maor1246,-,-,-,-,-,-,-,-,-,-,k,-,-,-,-,-,a,-,-,-,-,-,-,-,-,-,-,-,-,-,-,-,u,-,-,-,-,h,-,-,-,-,o,e
rapa1244,-,-,-,-,-,-,-,-,-,-,k,-,-,-,-,-,a,-,-,-,-,-,-,-,-,-,-,-,-,-,-,-,u,-,-,-,-,-,-,-,-,-,-,-
puka1242,-,-,-,-,-,-,-,-,-,-,k,-,-,-,-,-,a,-,-,-,-,-,-,-,-,-,-,-,-,k,a,-,u,-,-,-,-,-,-,-,-,-,-,-
nort2845,-,-,-,-,-,-,-,-,-,-,k,-,-,-,-,-,a,-,-,-,-,-,-,-,-,-,-,-,-,-,-,-,u,-,-,-,-,-,-,-,-,-,-,-
ruru1237,-,-,-,-,-,-,-,-,-,-,7,-,-,-,-,-,a,-,-,-,-,-,-,-,-,-,-,-,-,-,-,-,u,-,-,-,-,-,-,-,-,-,-,-
tahi1242,-,-,-,-,-,-,-,-,-,-,7,-,-,-,-,-,a,-,-,-,-,-,-,-,-,-,-,-,-,-,-,-,u,-,-,-,-,-,-,-,-,-,-,-
hawa1245,-,-,-,-,-,-,-,-,-,-,7,-,-,-,-,-,a,-,-,-,-,-,-,-,-,-,-,-,-,-,-,-,u,-,-,-,-,-,-,-,-,-,-,-
nuku1258,-,-,-,-,-,-,-,-,-,-,k,-,-,-,-,-,a,-,-,-,-,-,u,-,-,-,-,-,-,k,a,-,u,-,-,-,-,-,-,-,-,-,-,-
niua1240,-,-,-,-,-,-,-,-,-,-,k,-,-,-,-,-,a,-,-,-,-,-,-,-,-,-,-,-,-,k,a,-,u,-,-,-,-,-,-,-,-,-,-,-
bauu1243,-,-,-,-,-,-,-,-,-,-,q,-,-,-,-,-,a,-,-,-,-,-,-,-,-,-,-,-,-,l,-,-,o,-,-,-,-,-,-,-,-,-,-,-
west2519,-,-,-,-,-,-,-,-,-,-,q,-,-,-,-,-,a,-,-,-,-,-,-,-,-,-,-,-,-,-,-,-,u,-,-,-,-,-,-,-,-,-,-,-
muss1248,-,-,-,-,-,-,-,-,-,-,-,-,-,-,-,-,a,-,-,-,-,-,-,-,-,-,-,-,-,s,a,s,a,-,-,-,-,-,-,-,-,-,-,-
bola1250,-,-,-,-,-,-,-,-,-,-,h,-,-,-,-,-,u,-,-,-,-,-,-,-,-,-,-,-,-,r,-,-,u,-,-,-,-,-,-,-,-,-,-,-
bulu1253,-,-,T,-,-,-,-,-,-,-,h,-,-,-,-,-,u,-,-,-,r,-,u,T,h,t,s,h,u,r,-,-,u,-,-,-,-,-,-,-,-,-,-,-
naka1262,-,-,-,-,-,-,-,-,-,-,p,-,-,-,-,-,u,-,-,-,-,-,-,-,-,-,-,-,-,r,-,-,u,-,-,-,-,-,-,-,-,-,-,-
dori1246,-,-,b,-,a,-,-,-,-,-,r,-,-,-,-,-,a,-,-,-,-,-,-,-,-,-,-,-,-,7,a,-,u,-,-,-,-,-,-,-,-,-,-,-
dori1246,-,-,-,-,-,-,-,-,-,-,-,-,-,-,-,-,-,-,-,-,-,-,-,-,-,-,-,-,-,s,i,-,u,-,-,-,-,-,-,-,-,-,-,-
wala1266,-,-,-,-,o,-,-,-,-,-,l,-,-,-,-,-,o,-,-,-,-,-,-,-,-,-,-,-,-,l,-,-,o,-,-,-,-,-,-,-,-,-,-,-
wala1266,-,-,-,-,-,-,-,-,-,-,s,-,-,-,-,-,i,-,-,-,-,-,-,-,-,-,-,-,-,s,i,-,u,-,-,-,-,-,-,-,-,-,-,-
kwai1243,-,-,b,-,a,-,-,-,-,-,l,-,-,-,-,-,a,-,-,-,-,-,-,-,-,-,-,-,-,7,a,-,u,-,-,-,-,-,-,-,-,-,-,-
lauu1247,-,-,-,-,-,-,-,-,-,-,g,-,-,-,-,-,a,-,-,-,-,-,-,-,-,-,-,-,-,r,-,-,u,-,-,-,-,7,a,r,a,N,a,-
kwar1239,-,-,-,-,-,-,-,-,-,-,7,-,-,-,-,-,a,-,-,-,-,-,-,-,-,-,-,-,-,r,-,-,u,-,-,-,-,-,-,-,-,-,-,-
baeg1237,-,-,-,-,-,-,-,-,-,-,-,-,-,-,-,-,a,-,-,-,-,-,-,-,-,-,-,-,-,r,o,N,o,-,-,-,-,-,-,-,-,-,-,-
fata1245,-,-,-,-,-,-,-,-,-,-,s,-,-,-,-,-,i,-,-,-,-,-,-,-,-,-,-,-,-,s,i,-,u,-,-,-,-,-,-,-,-,-,-,-
toab1237,-,-,-,-,a,-,-,-,-,-,r,-,-,-,-,-,a,-,-,-,-,-,-,-,-,-,-,-,-,N,-,-,a,-,-,-,-,-,-,-,-,-,-,-
toab1237,-,-,-,-,-,-,-,-,-,-,s,-,-,-,-,-,i,-,-,-,-,-,-,-,-,-,-,-,-,s,i,-,u,-,-,-,-,-,-,-,-,-,-,-
toab1237,-,-,-,-,-,-,-,-,-,-,s,-,-,-,-,-,i,-,-,-,-,-,-,-,-,-,-,-,-,s,i,-,u,-,-,-,-,-,-,-,-,-,-,-
bael1237,-,-,-,-,-,-,-,-,-,-,-,-,-,-,-,-,a,-,-,-,-,-,-,-,-,-,-,-,-,r,a,N,o,-,-,-,-,-,-,-,-,-,-,-
bael1237,-,-,-,-,-,-,-,-,-,-,s,-,-,-,-,-,i,-,-,-,-,-,-,-,-,-,-,-,-,s,i,-,u,-,-,-,-,-,-,-,-,-,-,-
gula1270,-,-,-,-,-,-,-,-,-,-,-,-,-,-,-,-,a,-,-,-,-,-,-,-,-,-,-,-,-,r,a,N,a,-,-,-,-,-,-,-,-,-,-,-
gula1270,-,-,-,-,-,-,-,-,-,-,-,-,-,-,-,-,-,-,-,-,-,-,-,-,-,-,-,-,-,s,i,-,u,-,-,-,-,-,-,-,-,-,-,-
long1395,-,-,-,-,-,-,-,-,-,-,l,-,-,-,-,-,o,-,-,-,-,-,-,-,-,-,-,-,-,t,-,-,o,-,-,-,-,-,-,-,-,-,-,-
oroh1237,-,-,-,-,-,-,-,-,-,-,-,-,-,-,-,-,o,-,-,-,-,-,-,-,-,-,-,-,-,r,-,-,o,-,-,-,-,-,-,-,-,-,-,-
oroh1237,-,-,-,-,-,-,-,-,-,-,r,-,-,-,-,-,o,-,-,-,-,-,-,-,-,-,-,-,-,t,-,-,o,-,-,-,-,-,-,-,-,-,-,-
area1240,-,-,-,-,o,-,o,-,-,-,r,-,-,-,-,-,o,-,-,-,-,-,-,-,-,-,-,-,-,h,-,-,a,-,-,-,-,-,-,-,-,-,-,-
area1240,-,-,-,-,-,-,-,-,-,-,r,-,-,-,-,-,o,-,-,-,-,-,-,-,-,-,-,-,-,t,-,-,o,-,-,-,-,-,-,-,-,-,-,-
saaa1240,-,-,-,-,-,-,-,-,-,-,-,-,-,-,-,-,o,-,-,-,-,-,-,-,-,-,-,-,-,l,-,-,o,-,-,-,-,-,-,-,-,-,-,-
saaa1240,-,-,-,-,-,-,-,-,-,-,l,-,-,-,-,-,o,-,-,-,-,-,-,-,-,-,-,-,-,t,-,-,o,-,-,-,-,-,-,-,-,-,-,-
rihu1237,-,-,-,-,-,-,-,-,-,-,r,-,-,-,-,-,o,-,-,-,-,-,-,-,-,-,-,-,-,r,o,t,o,-,-,-,-,-,-,-,-,-,-,-
rihu1237,-,-,-,-,-,-,-,-,-,-,-,-,-,-,-,-,a,-,-,-,-,-,-,-,-,-,-,-,-,r,a,s,i,-,-,-,-,-,-,-,-,-,-,-
haun1237,-,-,-,-,-,-,-,-,-,-,-,-,-,-,-,-,a,-,-,-,-,-,-,-,-,-,-,-,-,r,a,s,i,-,-,-,-,-,-,-,-,-,-,-
haun1237,-,-,-,-,-,-,-,-,-,-,m,-,-,-,-,-,a,-,-,-,-,-,-,-,-,-,-,-,-,-,a,n,u,-,-,-,-,-,-,-,-,-,-,-
kahu1241,-,-,-,-,-,-,-,-,-,-,-,-,-,-,-,-,a,-,-,-,-,-,-,-,-,-,-,-,-,r,a,s,i,-,-,-,-,-,-,-,-,-,-,-
kahu1241,-,-,-,-,-,-,-,-,-,-,m,-,-,-,-,-,a,-,-,-,-,-,-,-,-,-,-,-,-,m,a,n,u,-,-,-,-,-,-,-,-,-,-,-
sant1413,-,-,-,-,-,-,-,-,-,-,-,-,-,-,-,-,a,-,-,-,-,-,-,-,-,-,-,-,-,r,a,s,i,-,-,-,-,-,-,-,-,-,-,-
sant1413,-,-,-,-,-,-,-,-,-,-,m,-,-,-,-,-,a,-,-,-,-,-,-,-,-,-,-,-,-,n,-,-,u,-,-,-,-,-,-,-,-,-,-,-
aros1241,m,-,w,-,a,-,-,-,-,-,7,-,-,-,-,-,a,-,-,-,-,-,-,-,-,-,-,-,-,n,-,-,u,-,-,-,-,-,-,-,-,-,-,-
aros1241,-,-,-,-,-,-,-,-,-,-,-,-,-,-,-,-,o,-,-,-,-,-,-,-,-,-,-,-,-,r,-,-,o,-,-,-,-,-,-,-,-,-,-,-
tolo1254,-,-,-,-,-,-,-,-,-,-,-,-,-,-,-,-,-,-,-,-,-,-,-,-,-,-,-,-,-,l,e,s,o,-,-,-,-,-,-,-,-,-,-,-
tolo1254,-,-,-,-,-,-,-,-,-,-,-,-,-,-,-,-,-,-,-,-,-,-,-,-,-,-,-,-,-,s,a,l,o,-,-,-,-,-,-,-,-,-,-,-
bira1254,-,-,-,-,-,-,-,-,-,-,-,-,-,-,-,-,-,-,-,-,-,-,-,-,-,-,-,-,-,s,a,l,o,-,-,-,-,-,-,-,-,-,-,-
bira1254,-,-,-,-,-,-,-,-,-,-,-,-,-,-,-,-,-,-,-,-,-,-,-,-,-,-,-,-,-,l,E,s,o,-,-,-,-,-,-,-,-,-,-,-
tand1254,-,-,-,-,-,-,-,-,-,-,-,-,-,-,-,-,o,-,-,-,-,-,-,-,-,-,-,-,-,l,-,-,o,-,-,-,-,-,-,-,-,-,-,-
tand1254,-,-,-,-,-,-,-,-,-,-,-,-,-,-,-,-,-,-,-,-,-,-,-,-,-,-,-,-,-,l,e,s,o,-,-,-,-,-,-,-,-,-,-,-
mala1484,-,-,-,-,-,-,-,-,-,-,-,-,-,-,-,-,-,-,-,-,-,-,-,-,-,-,-,-,-,l,e,s,o,-,-,-,-,-,-,-,-,-,-,-
mala1484,-,-,-,-,-,-,-,-,-,-,-,-,-,-,-,-,o,-,-,-,-,-,-,-,-,-,-,-,-,l,-,-,o,-,-,-,-,-,-,-,-,-,-,-
leng1259,-,-,-,-,-,-,-,-,-,-,p,-,o,-,p,-,o,-,-,-,-,-,-,-,-,-,-,-,-,x,-,-,o,-,-,-,-,-,-,-,-,-,-,-
leng1259,-,-,-,-,-,-,-,-,-,-,-,-,-,-,-,-,-,-,-,-,-,-,-,-,-,-,-,-,-,l,-,-,e,-,-,-,-,-,-,-,-,-,-,-
leng1259,-,-,-,-,-,-,-,-,-,-,p,-,-,-,-,-,o,-,-,-,-,-,-,-,-,-,-,-,-,x,-,-,o,-,-,-,-,-,-,-,-,-,-,-
bugh1239,-,-,-,-,-,-,-,-,-,-,-,-,-,-,-,-,o,-,-,-,-,-,-,-,-,t,-,-,-,h,-,-,o,-,-,-,-,-,-,-,-,-,-,-
gela1263,-,-,-,-,-,-,-,-,-,-,-,-,-,-,-,-,o,-,-,-,-,-,-,-,-,-,-,-,-,l,-,-,o,-,-,-,-,-,-,-,-,-,-,-
taba1261,-,-,-,-,-,-,-,-,-,-,k,-,-,-,-,-,a,-,-,-,k,-,a,-,-,-,-,-,-,s,-,-,i,-,-,-,-,-,-,-,-,-,-,-
lihi1237,-,-,-,-,-,-,-,-,-,-,s,-,-,-,-,-,u,-,-,-,-,-,-,-,-,-,-,-,-,s,-,-,u,-,-,-,-,l,-,-,-,-,-,-
tang1348,-,-,-,-,-,-,-,-,-,-,k,-,-,-,-,-,a,-,-,-,k,-,e,-,-,-,-,-,-,s,-,-,-,-,-,-,-,-,-,-,-,-,-,-
siar1238,-,-,-,-,i,-,e,-,-,-,l,-,i,-,-,-,e,-,-,-,-,-,-,-,-,-,-,-,-,l,-,-,-,-,-,-,-,-,-,-,-,-,-,-
labe1239,-,-,-,-,-,-,-,-,-,-,p,-,-,-,-,-,a,-,-,-,-,-,-,-,-,-,-,-,-,r,-,-,-,-,-,-,-,-,-,-,-,-,-,-
surs1246,-,-,-,-,-,-,-,-,-,-,k,-,-,-,-,-,a,-,-,-,-,-,-,-,-,-,-,-,-,s,-,-,-,-,-,-,-,-,-,-,-,-,-,-
kand1301,-,-,-,-,i,-,-,-,-,-,w,-,-,-,-,-,a,-,-,-,-,-,-,-,-,-,-,-,-,s,-,-,-,-,-,-,-,-,-,-,-,-,-,-
patp1243,-,-,-,-,i,-,-,-,-,-,-,-,-,-,-,-,a,-,-,-,-,-,-,-,-,-,-,-,-,s,-,-,-,-,-,-,-,-,-,-,-,-,-,-
kuan1248,-,-,-,-,i,-,-,-,-,-,-,-,-,-,-,-,a,-,-,-,-,-,-,-,-,-,-,-,-,l,-,-,i,-,-,-,-,r,-,-,-,-,-,-
bilu1244,-,-,-,-,i,-,-,-,-,-,-,-,-,-,-,-,a,-,-,-,-,-,-,-,-,-,-,-,-,l,-,-,i,-,-,-,-,n,-,-,-,-,-,-
nali1244,-,-,-,-,-,-,-,-,-,-,-,-,-,-,-,-,-,-,-,-,-,-,-,-,-,-,-,-,-,s,u,z,u,-,-,-,-,f,-,-,-,-,-,-
west2524,-,-,-,-,-,-,-,-,-,-,-,-,-,-,-,-,a,-,-,-,-,-,-,-,-,-,-,-,-,s,u,s,u,-,-,-,-,p,-,-,-,-,-,-
tian1237,-,-,-,-,-,-,-,-,-,-,k,-,-,-,-,-,a,-,-,-,k,-,a,-,-,-,-,-,-,s,-,-,-,-,-,-,-,-,-,-,-,-,-,-
tiga1245,-,-,-,-,-,-,-,-,-,-,k,-,-,-,-,-,a,-,-,-,k,-,a,-,-,-,-,-,-,s,-,-,-,-,-,-,-,-,-,-,-,-,-,-
lamu1255,-,-,-,-,-,-,-,-,-,-,k,-,-,-,-,-,a,-,-,-,g,-,i,-,-,-,-,-,-,s,-,-,-,-,-,-,-,-,-,-,-,-,-,-
mada1285,-,-,-,-,-,-,-,-,-,-,-,-,-,-,-,-,i,-,-,-,s,-,u,-,-,-,-,-,-,s,-,-,u,-,-,-,-,-,-,-,-,-,-,-
lewo1242,-,-,-,-,-,-,-,-,-,-,k,-,-,-,-,-,u,-,-,-,-,-,-,-,-,-,-,-,-,l,-,-,u,-,-,-,-,-,-,-,-,-,-,-
lame1260,-,-,-,-,-,-,-,-,-,-,-,-,-,-,-,-,-,-,-,-,-,-,-,-,-,-,-,-,-,l,-,-,e,-,-,-,-,-,-,-,-,-,-,-
bier1244,-,-,-,-,-,-,-,-,-,-,T,-,-,t,S,-,e,-,-,-,-,-,-,-,-,-,-,-,-,l,-,-,e,-,-,-,-,-,-,-,-,-,-,-
baki1244,-,-,-,-,-,-,-,-,-,-,T,-,-,t,S,-,e,-,-,-,-,-,-,-,-,-,-,-,-,l,i,-,o,-,-,-,-,-,-,-,-,-,-,-
bier1246,-,-,-,-,-,-,-,-,-,-,l,-,-,-,-,-,o,-,-,-,-,-,-,-,-,-,-,-,-,h,-,-,o,-,-,-,-,-,-,-,-,-,-,-
maii1238,-,-,-,-,-,-,-,-,-,-,l,-,-,-,-,-,o,-,-,-,-,-,-,-,-,-,-,-,-,l,-,-,o,-,-,-,-,b,-,-,-,-,-,-
ngun1274,-,-,-,-,-,-,-,-,-,-,l,-,-,-,-,-,o,-,-,-,l,-,o,-,-,-,-,-,-,s,-,-,o,-,-,-,-,-,-,-,-,-,-,-
lele1267,-,-,-,-,-,-,-,-,-,-,w,-,-,-,-,-,a,-,-,-,-,-,-,-,-,-,-,-,-,f,-,-,e,-,-,-,-,-,-,-,-,-,-,-
sout2856,-,-,-,-,-,-,-,-,-,-,w,-,-,-,-,-,a,-,-,-,-,-,-,-,-,-,-,-,-,f,-,-,-,-,-,-,-,-,-,-,-,-,-,-
eton1255,-,-,-,-,-,-,-,-,-,-,l,-,-,-,-,-,o,-,-,-,-,-,-,-,-,-,-,-,-,s,-,-,-,-,-,-,-,-,-,-,-,-,-,-
nama1268,-,-,-,-,-,-,-,-,-,-,-,-,-,-,-,-,a,-,-,-,-,-,-,-,-,-,-,-,-,v,-,-,-,-,-,-,-,-,-,-,-,-,-,-
orko1234,-,-,-,-,-,-,-,-,-,-,l,-,-,-,-,-,o,-,-,-,-,-,-,-,-,-,-,-,-,l,o,-,o,-,-,-,-,-,-,-,-,-,-,-
port1286,-,-,-,-,i,-,-,-,-,-,y,-,-,-,-,-,u,-,-,-,-,-,-,-,-,-,-,-,-,N,i,y,o,-,-,-,-,N,-,-,-,-,-,-
lonw1238,-,-,-,-,-,-,-,-,-,-,l,-,-,-,-,-,-,-,-,-,-,-,-,-,-,-,-,-,-,-,-,-,o,-,-,-,-,-,-,-,-,-,-,-
nort2839,-,-,-,-,-,-,-,-,-,-,l,-,-,-,-,-,-,-,-,-,-,-,-,-,-,-,-,-,-,-,-,-,o,-,-,-,-,-,-,-,-,-,-,-
daka1243,-,-,-,-,i,-,-,-,-,-,y,-,-,-,-,-,a,-,-,-,-,-,-,-,-,-,-,-,-,-,i,y,a,-,-,-,-,-,-,-,-,-,-,-
sowa1244,-,-,-,-,-,-,-,-,-,-,l,-,-,-,-,-,-,-,-,-,-,-,-,-,-,-,-,-,-,-,-,-,o,-,-,-,-,s,-,-,-,-,-,-
seke1241,-,-,-,-,-,-,-,-,-,-,l,-,-,-,-,-,-,-,-,-,-,-,-,-,-,-,-,-,-,-,-,-,o,-,-,-,-,h,-,-,-,-,-,-
apma1240,-,-,-,-,-,-,-,-,-,-,g,-,-,-,-,-,-,-,-,-,-,-,-,-,-,-,-,-,-,-,-,-,a,-,-,-,-,-,-,-,-,-,-,-
apma1240,-,-,-,-,-,-,-,-,-,-,l,-,-,-,-,-,-,-,-,-,-,-,-,-,-,-,-,-,-,-,-,-,e,-,-,l,e,h,-,-,-,-,-,-
saaa1241,-,-,-,-,-,-,-,-,-,-,l,-,-,-,-,-,-,-,-,-,-,-,-,-,-,-,-,-,-,-,-,-,o,-,-,-,-,s,-,-,-,-,-,-
sout2858,-,-,-,-,-,-,-,-,-,-,-,-,-,-,-,-,o,-,-,-,-,-,-,-,-,-,-,-,-,l,-,-,o,-,-,-,-,-,-,-,-,-,-,-
sout2859,-,-,-,-,-,-,-,-,-,-,x,-,-,-,-,-,u,-,-,-,-,-,-,-,-,-,-,-,-,l,-,-,-,-,-,-,-,-,-,-,-,-,-,-
navu1237,-,-,-,-,-,-,-,-,-,-,k,-,-,-,-,-,a,-,-,-,-,-,-,-,-,-,-,-,-,r,-,-,o,-,-,-,-,-,-,-,-,-,-,-
tial1239,-,-,-,-,n,-,-,-,-,-,k,-,-,-,-,-,a,-,-,-,-,-,-,-,-,-,-,-,-,r,-,-,u,-,-,-,-,-,-,-,-,-,-,-
akei1237,-,-,-,-,-,-,-,-,-,-,k,-,-,-,-,-,a,-,-,-,-,-,-,-,-,-,-,-,-,r,-,-,u,-,-,-,-,-,-,-,-,-,-,-
fort1240,-,-,-,-,-,-,-,-,-,-,k,-,-,-,-,-,a,-,-,-,-,-,-,-,-,-,-,-,-,r,-,-,u,-,-,-,-,-,-,-,-,-,-,-
wail1242,-,-,-,-,-,-,-,-,-,-,l,-,-,-,-,-,o,-,-,-,-,-,-,-,-,-,-,-,-,l,o,s,o,-,-,-,-,-,-,-,-,-,-,-
mere1242,-,-,-,-,-,-,-,-,-,-,g,-,-,-,-,-,a,-,-,-,-,-,-,-,-,-,-,-,-,r,-,-,-,-,-,-,-,-,-,-,-,-,-,-
wusi1237,-,-,-,-,-,-,-,-,-,-,l,-,-,-,-,-,o,-,-,-,-,-,-,-,-,-,-,-,-,l,o,h,o,-,-,-,-,-,-,-,-,-,-,-
tolo1255,-,-,-,-,-,-,-,-,-,-,-,-,-,-,-,-,a,-,-,-,-,-,-,-,-,-,-,-,-,r,-,-,a,-,-,-,-,-,-,-,-,-,-,-
vuna1239,-,-,-,-,-,-,-,-,-,-,-,-,-,-,-,-,o,-,-,-,-,-,-,-,-,-,-,-,-,l,-,-,o,-,-,-,-,-,-,-,-,-,-,-
valp1237,-,-,-,-,-,-,-,-,-,-,T,-,-,t,S,-,a,-,-,-,-,-,-,-,-,-,-,-,-,l,-,-,o,-,-,-,-,h,-,-,-,-,i,-
piam1242,-,-,-,-,-,-,-,-,-,-,-,-,-,-,-,-,o,-,-,-,-,-,-,-,-,-,-,-,-,l,-,-,o,-,-,-,-,-,-,-,-,-,-,-
tasm1246,-,-,-,-,-,-,-,-,-,-,l,-,-,-,-,-,o,-,-,-,-,-,-,-,-,-,-,-,-,l,o,s,o,-,-,-,-,-,-,-,-,-,-,-
noku1237,-,-,-,-,-,-,-,-,-,-,l,-,-,-,-,-,o,-,-,-,-,-,-,-,-,-,-,-,-,l,-,-,o,-,-,-,-,s,-,-,-,-,a,-
tang1347,-,-,-,-,-,-,-,-,-,-,l,-,-,-,-,-,o,-,-,-,-,-,-,-,-,-,-,-,-,l,o,s,i,-,-,-,-,-,-,-,-,-,-,-
malo1243,-,-,-,-,-,-,-,-,-,-,l,-,-,-,-,-,o,-,-,-,-,-,-,-,-,-,-,-,-,l,o,s,o,-,-,-,-,-,-,-,-,-,-,-
arak1252,-,-,-,-,-,-,-,-,-,-,k,-,-,-,-,-,a,-,-,-,-,-,-,-,-,-,-,-,-,r,-,-,u,-,-,-,-,-,-,-,-,-,-,-
tutu1241,-,-,-,-,-,-,-,-,-,-,m,-,-,-,-,-,a,-,-,-,-,-,-,-,-,-,-,-,-,l,-,-,o,-,-,-,-,-,-,-,-,-,-,-
aore1237,-,-,-,-,-,-,-,-,-,-,k,-,-,-,-,-,a,-,-,-,-,-,-,-,-,-,-,-,-,r,-,-,u,-,-,-,-,-,-,-,-,-,-,-
mafe1237,-,-,-,-,-,-,-,-,-,-,k,-,-,-,-,-,a,-,-,-,-,-,-,-,-,-,-,-,-,r,-,-,u,-,-,-,-,-,-,-,-,-,-,-
tamb1253,-,-,-,-,-,-,-,-,-,-,h,-,-,-,-,-,a,-,-,-,-,-,-,-,-,-,-,-,-,l,-,-,o,-,-,-,-,-,-,-,-,-,-,-
nara1263,-,-,-,-,-,-,-,-,-,-,-,-,-,-,-,-,o,-,-,-,-,-,-,-,-,-,-,-,-,l,-,-,-,-,-,-,-,-,-,-,-,-,-,-
moro1286,-,-,-,-,-,-,-,-,-,-,l,-,-,-,-,-,o,-,-,-,-,-,-,-,-,-,-,-,-,l,-,-,o,-,-,-,-,s,-,-,-,-,i,-
ambl1237,-,-,-,-,-,-,-,-,-,-,l,-,-,-,-,-,o,-,-,-,-,-,-,-,-,-,-,-,-,l,-,-,o,-,-,-,-,s,-,-,-,-,-,-
east2443,-,-,-,-,-,-,-,-,-,-,k,-,-,-,-,-,a,-,-,-,k,-,a,-,-,-,-,-,-,r,-,-,u,-,-,-,-,-,-,-,-,-,-,-
west2513,-,-,-,-,-,-,-,-,-,-,k,-,-,-,-,-,a,-,r,o,k,-,a,-,-,-,-,-,-,r,-,-,o,-,-,-,-,-,-,-,-,-,-,-
hano1246,-,-,-,-,g,-,-,-,-,-,g,-,-,-,-,-,a,-,-,-,g,-,a,-,-,-,-,-,-,r,-,-,u,-,-,-,-,-,-,-,-,-,-,-
cent2058,-,-,-,-,-,-,-,-,-,-,x,-,-,-,-,-,a,-,-,-,x,-,a,-,-,-,-,-,-,r,-,-,u,-,-,-,-,-,-,-,-,-,-,-
baet1237,-,-,-,-,-,-,-,-,-,-,x,-,-,-,-,-,a,-,-,-,x,-,a,-,-,-,-,-,-,r,-,-,-,-,-,-,-,-,-,-,-,-,-,-
mari1426,-,-,-,-,-,-,-,-,-,-,x,-,-,-,-,-,a,-,-,-,-,-,-,-,-,-,-,-,-,r,-,-,u,-,-,-,-,-,-,-,-,-,-,-
rori1237,-,-,-,-,-,-,-,-,-,-,l,-,-,-,-,-,o,-,-,-,-,-,-,-,-,-,-,-,-,l,-,-,o,-,-,-,-,s,-,-,-,-,-,-
leha1244,-,-,-,-,-,-,-,-,-,-,x,-,-,-,-,-,e,-,-,-,-,-,i,-,-,-,-,-,-,-,-,-,-,-,-,-,-,-,-,-,-,-,-,-
leha1243,-,-,-,-,-,-,-,-,-,-,x,-,-,-,-,-,o,-,-,-,-,-,i,-,-,-,-,-,-,-,-,-,-,-,-,-,-,-,-,-,-,-,-,-
motl1237,-,-,-,-,-,-,-,-,-,-,x,-,-,-,-,-,E,-,-,-,-,-,i,-,-,-,-,-,-,y,-,-,-,-,-,-,-,-,-,-,-,-,-,-
leme1238,-,-,-,-,-,-,-,-,-,-,x,-,-,-,-,-,E,-,-,-,-,-,-,-,-,-,-,-,-,r,-,-,-,-,-,-,-,-,-,-,-,-,-,-
vure1239,-,-,-,-,-,-,-,-,-,-,s,-,-,-,-,-,u,-,-,-,-,-,-,-,-,-,-,-,-,b,-,s,u,-,-,-,-,b,-,-,-,-,-,-
vera1241,-,-,-,-,-,-,-,-,-,-,x,-,-,-,-,-,o,-,-,-,-,-,-,-,-,-,-,-,-,r,-,x,o,-,-,-,-,r,-,-,-,-,-,-
mota1237,-,-,-,-,-,-,-,-,-,-,g,-,-,-,-,-,a,-,-,-,-,-,-,-,-,-,-,-,-,r,-,-,u,-,-,-,-,-,-,-,-,-,-,-
mota1237,-,-,-,-,-,-,-,-,-,-,g,-,-,-,-,-,a,-,-,-,-,-,-,-,-,-,-,-,-,g,-,a,o,-,-,-,-,-,-,-,-,-,-,-
weta1242,-,-,-,-,-,-,-,-,-,-,x,-,-,-,-,-,a,-,-,-,-,-,-,-,-,-,-,-,-,r,-,-,-,-,-,-,-,-,-,-,-,-,-,-
nume1241,-,-,-,-,-,-,-,-,-,-,x,-,-,-,-,-,a,-,-,-,-,-,-,-,-,-,-,-,-,r,-,-,-,-,-,-,-,-,-,-,-,-,-,-
merl1237,-,-,-,-,-,-,-,-,-,-,x,-,-,-,-,-,a,-,r,-,x,-,a,-,-,-,-,-,-,r,-,-,-,-,-,-,-,-,-,-,-,-,-,-
koro1308,-,-,-,-,-,-,-,-,-,-,l,-,-,-,-,-,o,-,-,-,-,-,-,-,-,-,-,-,-,s,-,-,-,-,-,-,-,-,-,-,-,-,-,-
lako1245,-,-,-,-,-,-,-,-,-,-,x,-,-,-,-,-,a,-,-,-,-,-,-,-,-,-,-,-,-,x,-,-,a,-,-,-,-,-,-,-,-,-,-,-
loto1240,-,-,-,-,-,-,-,-,-,-,x,-,-,-,-,-,o,-,-,-,-,-,-,-,-,-,-,-,-,r,-,-,-,-,-,-,-,-,-,-,-,-,-,-
mara1399,-,-,-,-,-,-,-,-,-,-,s,-,-,-,-,-,u,-,-,-,v,-,-,-,-,-,-,-,-,s,-,-,i,-,-,-,-,p,-,-,-,-,-,-
bign1238,-,-,-,-,-,-,-,-,-,-,-,-,-,-,-,-,u,-,-,-,-,-,-,-,-,-,-,-,-,n,-,-,u,-,-,-,-,n,-,-,-,-,-,-
bign1238,-,-,-,-,-,-,-,-,-,-,t,-,-,-,-,-,e,-,-,-,-,-,-,-,-,-,-,-,-,l,v,v,a,-,-,-,-,-,-,-,-,-,-,-
nese1235,-,-,-,-,-,-,-,-,-,-,s,-,-,-,w,-,o,-,-,-,-,-,-,-,-,-,-,-,-,-,-,-,-,-,-,-,-,-,-,-,-,-,-,-
mpot1241,-,-,-,-,-,-,-,-,-,-,h,-,u,-,p,-,o,-,-,-,-,-,-,-,-,-,-,-,-,-,-,-,-,-,-,-,-,-,-,-,-,-,-,-
malu1245,-,-,-,-,-,-,-,-,-,-,k,-,-,-,-,-,a,-,-,-,-,-,-,-,-,-,-,-,-,r,-,-,-,-,-,-,-,-,-,-,-,-,-,-
malu1245,-,-,-,-,-,-,-,-,-,-,s,-,-,-,-,-,3,-,-,-,-,-,-,-,-,-,-,-,-,f,-,-,-,-,-,-,-,-,-,-,-,-,-,-
malu1245,-,-,-,-,-,-,-,-,-,-,k,-,-,-,-,-,a,-,-,-,-,-,-,-,-,-,-,-,-,r,-,-,-,-,-,-,-,-,-,-,-,-,-,-
malu1245,-,-,-,-,-,-,-,-,-,-,k,-,-,-,-,-,a,-,-,-,-,-,-,-,-,-,-,-,-,r,-,-,-,-,-,-,-,-,-,-,-,-,-,-
maee1241,-,-,-,-,-,-,-,-,-,-,h,-,-,-,-,-,u,-,-,-,-,-,-,-,-,-,-,-,-,p,-,-,-,-,-,-,-,-,-,-,-,-,-,-
vaoo1237,-,-,-,-,-,-,-,-,-,-,k,-,-,-,-,-,a,-,-,-,-,-,-,-,-,-,-,-,-,r,-,-,-,-,-,-,-,-,-,-,-,-,-,-
dixo1238,-,-,-,-,-,-,-,-,-,-,-,-,-,-,-,-,E,-,-,-,-,-,-,-,-,-,-,-,-,b,E,b,e,-,-,-,-,-,-,-,-,-,-,-
lete1241,-,-,-,-,-,-,-,-,-,-,l,-,-,-,-,-,E,-,-,-,-,-,-,-,-,-,-,-,-,l,E,s,E,-,-,-,-,-,-,-,-,-,-,-
labo1244,-,-,-,-,n,-,-,-,-,-,d,-,-,-,-,-,e,n,n,-,-,-,-,-,-,-,-,-,-,d,-,-,e,-,-,-,-,n,-,-,-,-,-,-
litz1237,-,-,-,-,-,-,-,-,-,-,s,-,-,-,-,-,e,-,-,-,-,-,-,-,-,-,-,-,-,r,-,-,o,-,-,-,-,x,-,-,-,-,-,-
litz1237,-,-,-,-,-,-,-,-,-,-,g,-,-,-,-,-,a,-,-,-,-,-,-,-,-,-,-,-,-,r,-,-,a,-,-,-,-,g,-,-,-,-,a,r
vinm1237,-,-,-,-,-,-,-,-,-,-,g,-,-,-,-,-,a,-,-,-,-,-,-,-,-,-,-,-,-,r,-,-,-,-,-,-,-,-,-,-,-,-,-,-
lare1249,-,-,-,-,-,-,-,-,-,-,s,-,-,-,-,-,a,-,-,-,f,-,-,-,-,-,-,-,-,s,-,-,a,-,-,-,-,f,-,-,-,-,-,-
navw1234,-,-,-,-,-,-,-,-,-,-,s,-,-,-,-,-,u,-,-,-,-,-,-,-,-,-,-,-,-,s,-,-,u,-,-,-,-,x,-,-,-,-,-,-
sout2857,-,-,-,-,-,-,-,-,-,-,N,-,-,-,-,-,-,-,-,-,-,-,-,-,-,-,-,-,-,-,-,-,-,-,-,-,-,g,-,-,-,-,a,r
ling1265,-,-,-,-,-,-,-,-,-,-,l,-,-,-,-,-,E,-,-,-,-,-,-,-,-,-,-,-,-,s,-,-,-,-,-,-,-,-,-,-,-,-,-,-
niti1249,-,-,-,-,-,-,-,-,-,-,l,-,-,-,-,-,u,-,m,-,b,-,-,-,-,-,-,-,-,l,-,-,u,-,-,m,-,b,-,-,-,-,-,-
katb1237,-,-,-,-,-,-,-,-,-,-,l,-,-,-,-,-,u,-,m,-,-,-,-,-,-,-,-,-,-,l,-,-,u,-,-,-,-,m,-,-,-,-,-,-
wala1267,-,-,-,-,-,-,-,-,-,-,l,-,-,-,-,-,o,-,-,-,-,-,-,-,-,-,-,-,-,N,-,-,-,-,-,-,-,-,-,-,-,-,-,-
nisv1234,-,-,-,-,-,-,-,-,-,-,n,-,a,-,N,-,a,-,-,-,-,-,-,-,-,-,-,-,-,r,-,-,-,-,-,-,-,-,-,-,-,-,-,-
nasv1234,-,-,-,-,-,-,-,-,-,-,n,-,a,-,N,-,a,-,-,-,-,-,-,-,-,-,-,-,-,r,-,-,-,-,-,-,-,-,-,-,-,-,-,-
axam1237,-,-,-,-,-,-,-,-,-,-,n,g,3,n,g,-,a,-,-,-,-,-,-,-,-,-,-,-,-,r,-,-,-,-,-,-,-,-,-,-,-,-,-,-
avok1244,-,-,-,-,-,-,-,-,-,-,n,g,3,n,g,-,a,-,-,-,-,-,-,-,-,-,-,-,-,r,-,-,-,-,-,-,-,-,-,-,-,-,-,-
port1285,-,-,-,-,-,-,-,-,-,-,n,-,i,-,-,-,o,-,-,-,-,-,-,-,-,-,-,-,-,N,-,-,-,-,-,-,-,-,-,-,-,-,-,-
mask1242,-,-,-,-,-,-,-,-,-,-,n,-,-,-,g,-,a,-,-,-,-,-,-,-,-,-,-,-,-,r,-,-,-,-,-,-,-,-,-,-,-,-,-,-
aulu1238,-,-,-,-,-,-,-,-,-,-,l,-,-,-,-,-,o,-,-,-,-,-,-,-,-,-,-,-,-,l,-,-,o,-,-,-,-,-,-,-,-,-,-,-
aulu1238,-,-,-,-,-,-,-,-,-,-,l,-,-,-,-,-,i,-,-,-,-,-,-,-,-,-,-,-,-,l,-,-,E,-,-,-,-,s,-,-,-,-,-,-
bwen1239,-,-,-,-,-,-,-,-,-,-,l,-,-,-,-,-,o,-,-,-,h,-,-,-,-,-,-,-,-,l,-,-,o,-,-,-,-,h,-,-,-,-,-,-
burm1263,-,-,-,-,n,-,-,-,-,-,d,-,-,-,-,-,o,-,-,-,-,-,-,-,-,-,-,-,-,r,-,-,o,-,-,-,-,x,-,-,-,-,-,-
loni1238,-,-,5,-,u,-,-,-,-,-,h,-,-,-,-,-,a,-,-,-,-,-,-,-,-,-,-,-,-,-,-,-,i,-,-,-,-,y,-,-,-,-,-,-
loni1238,-,-,5,-,u,-,-,-,-,-,h,-,-,-,-,-,a,-,-,-,-,-,-,-,-,-,-,-,-,-,-,-,i,-,-,-,-,y,-,-,-,-,-,-
papi1254,-,-,-,-,-,-,-,-,-,-,k,-,-,-,-,-,a,-,-,-,-,-,-,-,-,-,-,-,-,-,-,-,-,-,-,-,-,l,-,-,-,-,-,-
tita1241,-,-,-,-,-,-,-,-,-,-,k,-,-,-,-,-,a,-,-,-,-,-,-,-,-,-,-,-,-,-,-,-,u,-,-,-,-,-,-,-,-,-,-,-
tita1241,-,-,-,-,-,-,-,-,-,-,n,-,-,-,-,-,i,-,-,-,-,-,-,-,-,-,-,-,-,y,-,-,u,-,-,-,-,-,-,-,-,-,-,-
tita1241,-,-,-,-,-,-,-,-,-,-,n,-,-,-,-,-,i,-,-,-,-,-,-,-,-,-,-,-,-,y,-,-,u,-,-,-,-,-,-,-,-,-,-,-
kele1258,-,-,n,-,u,-,y,-,d,-,Z,-,-,-,-,-,a,-,-,-,-,-,-,-,-,-,-,-,-,-,-,-,i,-,-,-,-,-,-,-,-,-,-,-
andr1248,-,-,-,-,-,-,-,-,-,-,g,-,-,-,-,-,a,-,-,-,-,-,-,-,-,-,-,-,-,-,-,-,-,-,-,-,-,l,-,-,-,-,-,-
herm1237,-,-,-,-,-,-,y,-,d,-,Z,-,-,-,-,-,a,-,-,-,-,-,-,-,-,-,-,-,-,-,-,-,i,-,-,-,-,-,-,-,-,-,-,-
bipi1237,-,-,n,-,-,-,y,-,d,-,Z,-,-,-,-,-,-,-,-,-,-,-,-,-,-,-,-,-,-,-,-,-,u,-,-,-,-,-,-,-,-,-,-,-
bipi1237,-,-,n,-,-,-,y,-,d,-,Z,-,-,-,-,-,-,-,-,-,-,-,-,-,-,-,-,-,-,-,-,-,u,-,-,-,-,-,-,-,-,-,-,-
naun1237,-,-,-,-,-,-,-,-,-,-,k,-,o,-,k,-,a,-,-,-,-,-,-,-,-,-,-,-,-,-,-,-,w,-,-,-,-,-,-,-,-,-,-,-
kheh1237,-,-,-,-,i,-,y,-,d,-,Z,-,-,-,-,-,a,-,-,-,-,-,-,-,-,-,-,-,-,-,-,-,-,-,-,-,-,-,-,-,-,-,-,-
liku1243,-,-,-,-,e,-,y,-,d,-,Z,-,-,-,-,-,a,-,-,-,-,-,-,-,-,-,-,-,-,-,-,-,i,-,-,-,-,y,-,-,-,-,-,-
tulu1259,-,-,-,-,t,-,y,-,d,-,Z,-,-,-,-,-,u,-,-,-,-,-,-,-,-,-,-,-,-,n,-,-,u,-,-,-,-,-,-,-,-,-,-,-
seim1238,-,-,-,-,-,-,-,-,-,-,n,-,-,-,-,-,u,-,-,-,-,-,-,-,-,-,-,-,-,n,-,-,u,-,-,-,-,-,-,-,-,-,-,-
seim1238,-,-,-,-,-,-,-,-,-,-,n,-,-,-,-,-,u,-,-,-,-,-,-,-,-,-,-,-,-,n,-,-,u,-,-,-,-,-,-,-,-,-,-,-
biak1248,-,-,-,-,-,-,-,-,-,-,-,-,-,-,-,-,a,-,-,-,-,-,a,-,-,-,-,-,-,s,-,-,-,-,-,-,-,-,-,-,-,-,-,-
wand1267,-,-,-,-,-,-,-,-,-,-,-,-,-,-,-,-,a,-,-,-,-,-,-,-,-,-,-,-,-,s,-,-,-,-,-,-,-,-,-,-,-,-,-,-
matb1237,-,-,-,-,-,-,-,-,-,-,m,-,-,-,-,-,a,-,-,-,-,-,-,-,-,-,-,-,-,s,-,-,-,-,-,-,-,-,-,-,-,-,-,-
gebe1237,-,-,-,-,i,-,-,-,-,-,y,-,-,-,-,-,a,-,-,-,-,-,-,-,-,-,-,-,-,s,-,-,-,-,-,-,-,-,-,-,-,-,-,-
asss1237,-,-,-,-,-,-,-,-,-,-,-,-,-,-,-,-,a,-,-,-,-,-,-,-,-,-,-,-,-,s,-,-,-,-,-,-,-,-,-,-,-,-,-,-
buli1255,-,-,-,-,i,-,-,-,-,-,y,-,-,-,-,-,a,-,-,-,-,-,-,-,-,-,-,-,-,s,-,-,-,-,-,-,-,-,-,-,-,-,-,-
irar1238,-,-,-,-,-,-,-,-,-,-,k,-,-,-,-,-,a,-,-,-,-,-,-,-,-,-,-,-,-,-,-,-,-,-,-,-,-,-,-,-,-,-,-,-
sapo1253,-,-,-,-,-,-,-,-,-,-,s,-,-,-,-,-,i,-,-,-,-,-,-,-,-,-,-,-,-,s,i,-,u,-,-,-,-,f,-,-,-,-,-,-
hako1237,-,-,-,-,-,-,-,-,-,-,n,-,-,-,-,-,e,-,-,-,-,-,-,-,-,-,-,-,-,p,-,-,e,-,-,-,-,-,-,-,-,-,-,-
solo1257,-,-,-,-,-,-,-,-,-,-,n,-,-,-,-,-,a,-,-,-,n,-,a,-,-,-,-,-,-,h,-,-,o,-,-,-,-,n,-,-,-,-,-,-
bann1247,-,-,-,-,-,-,-,-,-,-,-,-,-,-,-,-,-,-,-,-,-,-,-,-,-,-,-,-,-,s,-,-,u,-,-,-,-,-,-,-,-,-,-,-
tora1259,-,-,-,-,-,-,-,-,-,-,p,-,a,-,-,-,e,-,-,-,-,-,-,-,-,-,-,-,-,s,-,-,u,-,-,-,-,-,-,-,-,-,-,-
aluu1243,-,-,-,-,-,-,-,-,-,-,s,-,-,-,-,-,i,-,-,-,-,-,-,-,-,-,-,-,-,s,i,l,e,-,-,-,-,-,-,-,-,-,-,-
aluu1243,-,-,-,-,u,-,-,-,-,-,s,-,-,-,-,-,u,-,-,-,-,-,-,-,-,-,-,-,-,s,-,-,u,-,-,-,-,-,-,-,-,-,-,-
urua1242,-,-,-,-,-,-,-,-,-,-,s,-,-,-,-,-,i,-,-,-,-,-,-,-,-,-,-,-,-,r,-,-,u,-,-,-,-,p,-,-,-,-,i,-
urua1242,-,-,-,-,-,-,-,-,-,-,n,-,-,-,-,-,a,-,-,-,-,-,-,-,-,-,-,-,-,b,-,-,e,-,-,-,-,-,-,-,-,-,-,-
rovi1238,-,-,-,-,-,-,-,-,-,-,t,-,-,-,-,-,u,-,-,-,-,-,-,-,-,-,-,-,-,n,u,r,u,-,-,-,-,-,-,-,-,-,-,-
ughe1237,-,-,-,-,-,-,-,-,-,-,p,-,-,-,-,-,o,-,-,-,-,-,-,-,-,-,-,-,-,n,-,-,u,-,-,-,-,-,-,-,-,-,-,-
ughe1237,-,-,-,-,-,-,-,-,-,-,s,-,-,-,-,-,-,-,-,-,-,-,-,-,-,-,-,-,-,-,-,-,u,-,-,-,-,v,-,-,-,-,e,-
duke1237,-,-,-,-,-,-,-,-,-,-,r,-,u,-,-,-,a,-,-,-,-,-,-,-,-,-,-,-,-,s,a,-,-,-,-,-,-,-,-,-,-,-,-,-
duke1237,-,-,-,-,-,-,-,-,-,-,h,-,-,-,-,-,i,-,-,-,-,-,-,-,-,-,-,-,-,h,i,-,u,-,-,-,-,-,-,-,-,-,-,-
hoav1238,-,-,-,-,-,-,-,-,-,-,r,-,u,-,-,-,a,-,-,-,-,-,-,-,-,-,-,-,-,s,-,-,a,-,-,-,-,-,-,-,-,-,-,-
kusa1251,-,-,-,-,-,-,-,-,-,-,t,-,u,-,n,-,u,-,-,-,-,-,-,-,-,-,-,-,-,r,-,-,u,-,-,-,-,-,-,-,-,-,-,-
maro1244,-,-,-,-,-,-,-,-,-,-,T,-,-,-,-,-,u,-,T,-,t,-,-,-,-,-,-,-,-,s,-,-,u,-,-,-,-,v,-,-,-,-,e,-
vang1243,-,-,-,-,-,-,-,-,-,-,s,-,-,-,-,-,u,-,-,-,-,-,-,-,-,-,-,-,-,s,-,-,u,-,-,-,-,-,-,-,-,-,e,-
vang1243,-,-,-,-,-,-,-,-,-,-,p,-,-,-,-,-,o,-,-,-,-,-,-,-,-,-,-,-,-,n,-,-,u,-,-,-,-,-,-,-,-,-,-,-
kubo1244,-,-,-,-,-,-,-,-,-,-,p,-,-,-,-,-,o,-,-,-,-,-,-,-,-,-,-,-,-,n,i,y,u,-,-,-,-,-,-,-,-,-,-,-
lung1249,-,-,-,-,o,-,-,-,-,-,g,-,-,-,-,-,o,-,-,-,-,-,-,-,-,-,-,-,-,n,-,-,o,-,-,-,-,-,-,-,-,-,-,-
lung1249,-,-,-,-,-,-,-,-,-,-,p,-,-,-,-,-,o,-,-,-,-,-,-,-,-,-,-,-,-,n,i,y,u,-,-,-,-,-,-,-,-,-,-,-
simb1256,-,-,-,-,-,-,-,-,-,-,p,-,-,-,-,-,o,-,-,-,-,-,-,-,-,-,-,-,-,n,-,-,u,-,-,-,-,-,-,-,-,-,-,-
sisi1250,-,-,-,-,-,-,-,-,-,-,s,-,-,-,-,-,i,-,-,-,i,-,-,-,-,-,-,-,-,q,-,-,e,-,-,-,-,-,-,-,-,-,-,-
seng1280,-,-,N,g,a,v,e,-,-,-,l,-,-,-,-,-,-,-,-,-,-,-,-,-,-,-,-,-,-,-,-,-,o,-,-,-,-,-,-,-,-,-,-,-
seng1280,-,-,-,-,a,-,-,-,-,-,r,-,-,-,-,-,a,-,-,-,-,-,-,-,-,-,-,-,-,N,-,-,a,-,-,-,-,-,-,-,-,-,-,-
seng1280,-,-,-,-,-,-,-,-,-,-,s,-,-,-,-,-,e,-,-,-,N,-,-,-,-,-,-,-,-,g,-,-,e,-,-,-,-,-,-,-,-,-,-,-
riri1237,-,-,-,-,-,-,-,-,-,-,b,-,-,-,-,-,o,-,-,-,-,-,-,-,-,-,-,-,-,-,-,-,o,-,-,-,-,r,-,-,-,-,-,-
vagh1249,s,e,N,-,-,-,-,-,-,-,g,-,-,-,-,-,e,-,-,-,-,-,-,-,-,-,-,-,-,-,-,-,-,-,-,-,-,-,-,-,-,-,-,-
vagh1249,-,-,m,-,-,-,-,-,-,-,b,-,-,-,-,-,a,-,-,-,-,-,-,-,-,-,-,-,-,r,-,-,-,-,-,-,-,-,-,-,-,-,-,-
vari1239,-,-,-,-,-,-,-,-,-,-,s,-,-,-,-,-,e,-,-,-,N,-,-,-,-,-,-,-,-,g,-,-,e,-,-,-,-,-,-,-,-,-,-,-
vari1239,-,-,m,-,-,-,-,-,-,-,b,-,-,-,-,-,a,-,-,-,-,-,-,-,-,-,-,-,-,r,-,-,u,-,-,-,-,-,-,-,-,-,-,-
lagh1246,-,-,-,-,-,-,-,-,-,-,t,-,-,-,-,-,a,-,-,-,-,-,-,-,-,-,-,-,-,-,-,-,o,-,-,-,-,-,-,-,-,-,-,-
lagh1246,-,-,-,-,-,-,-,-,-,-,-,-,-,-,-,-,a,-,-,-,-,-,-,-,-,-,-,-,-,h,-,-,a,-,-,-,-,-,-,-,-,-,-,-
lagh1246,-,-,-,-,-,-,-,-,-,-,-,-,-,-,-,-,o,-,-,-,-,-,-,-,-,-,-,-,-,p,u,-,o,-,-,-,-,p,-,-,-,-,u,-
zaza1245,-,-,-,-,-,-,-,-,-,-,t,-,-,-,-,-,a,-,-,-,-,-,-,-,-,-,-,-,-,-,-,-,o,-,-,-,-,-,-,-,-,-,-,-
blab1237,-,-,-,-,-,-,-,-,-,-,t,-,-,-,-,-,a,-,-,-,-,-,-,-,-,-,-,-,-,-,-,-,o,-,-,-,-,-,-,-,-,-,-,-
koko1269,-,-,-,-,-,-,-,-,-,-,t,-,-,-,-,-,a,-,-,-,-,-,-,-,-,-,-,-,-,-,-,-,o,-,-,-,-,-,-,-,-,-,-,-
gaoo1237,-,-,-,-,-,-,-,-,-,-,s,-,i,-,s,-,i,-,-,-,-,-,-,-,-,-,-,-,-,-,-,-,u,-,-,-,-,-,-,-,-,-,-,-
gaoo1237,-,-,-,-,-,-,-,-,-,-,t,-,-,-,-,-,a,-,-,-,-,-,-,-,-,-,-,-,-,-,-,-,o,-,-,-,-,-,-,-,-,-,-,-
mari1427,-,-,-,-,-,-,-,-,-,-,s,-,i,-,s,-,i,-,-,-,-,-,-,-,-,-,-,-,-,-,-,-,u,-,-,-,-,-,-,-,-,-,-,-
mari1427,-,-,-,-,-,-,-,-,-,-,t,-,-,-,-,-,a,-,-,-,-,-,-,-,-,-,-,-,-,-,-,-,o,-,-,-,-,-,-,-,-,-,-,-
suau1242,-,-,-,-,-,-,-,-,-,-,t,-,-,-,-,-,-,-,-,-,-,-,u,-,-,-,-,-,-,b,-,-,a,-,-,-,-,-,-,-,-,-,-,-
suau1242,-,-,-,-,-,-,-,-,-,-,d,-,-,-,-,-,-,-,-,-,-,-,u,-,-,-,-,-,-,-,-,-,i,-,-,-,-,-,-,-,-,-,-,-
sali1295,-,-,-,-,-,-,-,-,-,-,t,-,-,-,-,-,-,-,-,-,-,-,u,-,-,-,-,-,-,b,-,-,a,-,-,-,-,-,-,-,-,-,-,-
bwan1241,-,-,-,-,-,-,-,-,-,-,s,-,-,-,-,-,-,-,-,-,-,-,u,-,-,-,-,-,-,g,-,-,u,-,-,-,-,-,-,-,-,-,-,-
oyao1237,-,-,-,-,-,-,-,-,-,-,d,-,-,-,-,-,-,-,-,-,-,-,u,-,-,-,-,-,-,-,-,-,i,-,-,-,-,-,-,-,-,-,-,-
auhe1237,-,-,-,-,-,-,-,-,-,-,h,-,-,-,-,-,-,-,-,-,-,-,u,-,-,-,-,-,-,g,-,-,u,-,-,-,-,-,-,-,-,-,-,-
buhu1237,-,-,-,-,-,-,-,-,-,-,t,-,-,-,-,-,-,-,-,-,-,-,o,-,-,-,-,-,-,g,-,-,o,-,-,-,-,-,-,-,-,-,-,-
buhu1237,-,-,-,-,-,-,-,-,-,-,t,-,-,-,-,-,-,-,-,-,-,-,u,-,-,-,-,-,-,b,-,-,a,-,-,-,-,-,-,-,-,-,-,-
misi1243,-,-,-,-,i,-,-,-,-,-,h,-,-,-,-,-,-,-,-,-,-,-,i,-,-,-,-,-,-,g,-,-,i,-,-,-,-,g,-,-,-,-,-,-
moli1248,-,-,-,-,-,-,-,-,-,-,7,-,-,-,-,-,a,-,-,i,y,-,o,-,-,-,-,-,-,7,-,-,a,-,-,-,i,y,-,-,-,-,o,-
dobu1241,-,-,-,-,-,-,-,-,-,-,t,-,-,-,-,-,-,-,-,-,-,-,u,-,-,-,-,-,-,b,-,-,e,-,-,-,-,-,-,-,-,-,-,-
buna1276,-,-,-,-,-,-,-,-,-,-,t,-,-,-,-,-,-,-,-,-,-,-,u,-,-,-,-,-,-,b,-,-,e,-,-,-,-,-,-,-,-,-,-,-
guma1254,-,-,-,-,-,-,-,-,-,-,k,-,-,-,-,-,a,-,-,-,-,-,i,-,-,-,-,-,-,y,-,-,a,-,-,-,-,-,-,-,-,-,-,-
bwai1243,-,-,-,-,-,-,-,-,-,-,t,-,-,-,-,-,a,-,-,-,-,-,w,-,-,-,-,-,-,-,-,-,a,-,-,-,-,-,-,-,-,-,-,-
bwai1243,-,-,-,-,-,-,-,-,-,-,k,-,-,-,-,-,a,-,-,-,-,-,i,-,-,-,-,-,-,-,-,-,o,-,-,-,-,-,-,-,-,-,-,-
idun1242,-,-,-,-,-,-,-,-,-,-,k,-,-,-,-,-,a,-,-,-,-,-,i,-,-,-,-,-,-,y,-,-,o,-,-,-,-,-,-,-,-,-,-,-
diod1237,-,-,-,-,-,-,-,-,-,-,t,-,-,-,-,-,o,-,-,-,-,-,w,-,-,-,-,-,-,-,-,-,a,-,-,-,-,-,-,-,-,-,-,-
iama1237,-,-,-,-,-,-,-,-,-,-,k,-,-,-,-,-,a,-,-,-,-,-,i,-,-,-,-,-,-,y,-,-,o,-,-,-,-,-,-,-,-,-,-,-
kolu1245,-,-,-,-,-,-,-,-,-,-,g,-,-,-,-,-,a,-,-,-,-,-,i,-,-,-,-,-,-,y,-,-,o,-,-,-,-,-,-,-,-,-,-,-
gapa1238,-,-,k,e,i,-,y,-,-,e,k,-,-,-,-,-,-,-,-,-,-,-,-,-,-,-,-,-,-,-,-,-,a,-,-,-,-,-,-,-,-,-,-,-
ghay1237,-,-,-,-,i,-,y,-,-,a,k,-,-,-,-,-,-,-,-,-,-,-,-,-,-,-,-,-,-,-,-,-,a,-,-,-,-,-,-,-,-,-,-,-
ghay1237,-,-,v,-,i,-,t,o,w,a,t,-,-,-,-,-,-,-,-,-,-,-,o,-,-,-,-,-,-,w,-,-,a,-,-,-,-,-,-,-,-,-,-,-
anuk1239,-,-,w,a,i,-,-,-,-,-,t,-,-,-,-,-,-,-,-,-,-,-,o,-,-,-,-,-,-,-,-,-,a,-,-,-,-,-,-,-,-,-,-,-
tawa1275,-,-,-,-,-,-,-,-,-,-,t,-,-,-,-,-,-,-,-,-,-,-,u,-,-,-,-,-,-,b,-,-,a,-,-,-,-,-,-,-,-,-,-,-
weda1241,-,-,-,-,-,-,-,-,-,-,t,-,-,-,-,-,-,-,-,-,-,-,o,-,-,-,-,-,-,-,-,-,a,-,-,-,-,-,-,-,-,-,-,-
ubir1237,-,-,-,e,i,-,-,-,-,-,y,-,-,-,-,-,-,-,-,-,-,-,-,-,-,-,-,-,-,-,-,-,e,-,-,-,i,b,-,-,-,-,-,-
kili1267,-,-,-,-,-,-,-,-,-,-,k,-,-,-,-,-,a,-,-,-,k,a,i,-,-,-,-,-,-,y,-,-,a,-,-,-,-,-,-,-,-,-,-,-
muyu1244,-,-,-,-,-,-,-,-,-,-,g,-,-,-,-,-,a,-,-,-,-,-,i,-,-,-,-,-,-,y,-,-,-,-,-,-,-,-,-,-,-,-,-,-
mais1250,-,-,-,-,-,-,-,-,-,-,k,-,-,-,-,-,-,-,-,-,-,-,u,-,-,-,-,-,i,y,-,-,e,-,-,-,-,-,-,-,-,-,-,-
motu1246,-,-,-,-,-,-,-,-,-,-,n,-,-,-,-,-,a,-,-,-,-,-,-,-,-,-,-,-,-,h,-,-,u,-,-,-,-,-,-,-,-,-,-,-
tour1243,-,-,-,-,-,-,-,-,-,-,n,-,-,-,-,-,a,-,-,-,-,-,-,-,-,-,-,-,-,h,-,-,u,-,-,-,-,-,-,-,-,-,-,-
lala1268,-,-,-,-,-,-,-,-,-,-,n,-,-,-,-,-,a,-,-,-,-,-,-,-,-,-,-,-,-,7,-,-,u,-,-,-,-,-,-,-,-,-,-,-
abad1241,-,-,-,-,-,-,-,-,-,-,n,-,-,-,-,-,a,-,-,-,-,-,-,-,-,-,-,-,-,-,-,-,u,-,-,-,-,-,-,-,-,-,-,-
bala1307,-,-,-,-,-,-,-,-,-,-,n,-,-,-,-,-,a,-,-,-,-,-,-,-,-,-,-,-,-,-,-,-,u,-,-,-,-,-,-,-,-,-,-,-
waim1251,-,-,-,-,-,-,-,-,-,-,n,-,-,-,-,-,a,-,-,-,-,-,-,-,-,-,-,-,-,7,-,-,u,-,-,-,-,-,-,-,-,-,-,-
pulu1242,-,-,-,-,i,-,-,-,-,-,y,-,a,-,-,-,a,-,-,-,-,-,-,-,-,-,-,-,-,f,-,-,e,-,-,-,-,-,-,-,-,-,-,-
pulu1242,-,-,-,-,i,-,-,-,-,-,y,-,-,-,-,-,a,-,-,-,-,-,-,-,-,-,-,-,-,f,-,-,-,-,-,-,-,-,-,-,-,-,-,-
caro1242,-,-,-,-,-,-,-,-,-,-,7,-,a,-,-,-,a,-,-,-,-,-,-,-,-,-,-,-,-,f,-,-,e,-,-,-,-,-,-,-,-,-,-,-
caro1242,-,-,-,-,-,-,-,-,-,-,7,-,a,-,-,-,a,-,-,-,-,-,-,-,-,-,-,-,-,f,-,-,-,-,-,-,-,-,-,-,-,-,-,-
sata1237,-,-,-,-,i,-,-,-,-,-,y,-,-,-,-,-,a,-,-,-,-,-,-,-,-,-,-,-,-,f,-,-,-,-,-,-,-,-,-,-,-,-,-,-
wole1240,-,-,-,-,i,-,-,-,-,-,y,-,-,-,-,-,a,-,-,-,-,-,-,-,-,-,-,-,-,f,-,-,e,-,-,-,-,-,-,-,-,-,-,-
pulo1240,-,-,-,-,i,-,-,-,-,-,y,-,-,-,-,-,a,-,-,-,-,-,-,-,-,-,-,-,-,d,-,-,a,-,-,-,-,-,-,-,-,-,-,-
naur1243,-,-,-,-,-,-,-,-,-,-,-,-,a,-,-,-,a,-,-,-,-,-,-,-,-,-,-,-,-,w,-,-,-,-,-,-,-,-,-,-,-,-,-,-
yape1248,-,-,-,-,-,-,-,-,-,-,n,-,o,-,-,-,e,-,-,-,-,-,-,-,-,-,-,-,-,N,-,-,-,-,-,-,-,-,-,-,-,-,-,-
avau1237,-,-,-,-,-,-,-,-,-,-,n,-,-,-,-,-,i,-,-,-,-,-,-,-,-,-,-,-,-,-,-,-,-,-,-,-,-,n,-,-,-,-,-,-
akol1237,-,-,-,-,-,-,-,-,-,-,n,-,-,-,-,-,i,-,-,-,-,-,-,-,-,-,-,-,-,n,-,-,i,-,-,-,-,n,-,-,-,-,-,-
kaul1240,-,-,-,-,-,-,-,-,-,-,s,-,-,-,-,-,u,-,-,-,-,-,-,-,-,-,-,-,-,-,-,-,-,-,-,-,-,-,-,-,-,-,-,-
seng1281,-,-,-,-,-,-,-,-,-,-,s,-,-,-,-,-,u,-,-,-,-,-,-,-,-,-,-,-,-,-,-,-,-,-,-,-,-,h,-,-,-,-,-,-
mouk1239,-,-,-,-,-,-,-,-,-,-,s,-,-,-,-,-,u,-,-,-,-,-,-,-,-,-,-,-,-,s,-,-,u,-,-,-,-,-,-,-,-,-,-,-
mouk1239,-,-,-,-,-,-,-,-,-,-,d,-,-,-,-,-,e,-,-,-,-,-,-,-,-,-,-,-,-,l,-,-,i,-,-,-,-,m,-,-,-,-,-,-
amar1272,-,-,-,-,-,-,-,-,-,-,k,-,-,-,-,-,u,-,-,-,-,-,-,-,-,-,-,-,-,l,-,t,i,-,-,-,-,p,-,-,-,-,-,-
lore1244,-,-,-,-,-,-,-,-,-,-,s,-,-,-,-,-,3,-,-,-,p,-,-,-,-,-,-,-,-,s,-,-,3,-,-,-,-,p,-,-,-,-,-,-
shar1244,-,-,-,-,-,-,-,-,-,-,s,-,-,-,-,-,i,-,-,-,-,-,-,-,-,-,-,-,-,s,-,-,i,-,-,-,-,p,-,-,-,-,-,-
butm1237,-,-,-,-,-,-,-,-,-,-,n,-,-,-,-,-,a,-,-,-,-,-,-,-,-,-,-,-,-,l,-,-,o,-,-,-,-,i,-,-,-,-,-,-
polo1242,-,-,n,-,-,-,-,-,-,-,g,-,-,-,-,-,a,-,-,-,-,-,-,-,-,-,-,-,-,r,-,-,-,-,-,-,-,-,-,-,-,-,-,-
saka1289,-,-,-,-,-,-,-,-,-,-,x,-,-,-,-,-,E,-,-,-,-,-,-,-,-,-,-,-,-,r,-,-,-,-,-,-,-,-,-,-,-,-,-,-
hote1245,-,-,-,-,-,-,-,-,-,-,k,-,-,-,-,-,o,-,-,-,-,-,-,-,-,-,-,-,-,t,-,-,-,-,-,-,-,-,-,-,-,-,-,-
asum1237,-,-,-,-,-,-,-,-,-,-,w,-,-,-,-,-,-,-,-,-,-,-,-,-,-,-,-,-,-,-,-,-,o,-,-,-,-,-,-,-,-,-,-,-
tani1255,-,-,-,-,-,-,-,-,-,-,w,-,-,-,-,-,o,-,-,-,-,-,-,-,-,-,-,-,-,w,-,-,o,-,-,-,-,-,-,-,-,-,-,-
tani1255,-,-,-,-,-,-,-,-,-,-,l,-,-,-,-,-,o,-,-,-,-,-,-,-,-,-,-,-,-,l,-,-,o,-,-,-,-,-,-,-,-,-,-,-
amba1266,-,-,-,-,-,-,-,-,-,-,l,-,-,-,-,-,-,-,-,-,-,-,-,-,-,-,-,-,-,-,-,-,o,-,-,-,-,-,-,-,-,-,-,-
amba1266,-,-,-,-,-,-,-,-,-,-,l,-,-,-,-,-,-,-,-,-,-,-,-,-,-,-,-,-,-,-,-,-,o,-,-,-,-,-,-,-,-,-,-,-
tean1237,-,-,-,-,-,-,-,-,-,-,w,-,-,-,-,-,o,-,-,-,-,-,-,-,-,-,-,-,-,-,-,-,u,-,-,-,-,-,-,-,-,-,-,-
tean1237,-,-,-,-,-,-,-,-,-,-,w,-,-,-,-,-,o,-,-,-,-,-,-,-,-,-,-,-,-,w,-,-,o,-,-,-,-,-,-,-,-,-,-,-
vano1237,-,-,-,-,-,-,-,-,-,-,w,-,-,-,-,-,o,-,-,-,-,-,-,-,-,-,-,-,-,w,-,-,o,-,-,-,-,-,-,-,-,-,-,-
malo1246,-,-,-,-,-,-,-,-,-,-,-,-,-,-,-,-,a,-,-,-,-,-,-,-,-,-,-,-,-,w,-,-,u,-,-,-,-,i,-,-,-,-,-,-
ayiw1239,-,-,-,-,-,-,-,-,-,-,w,-,o,-,k,a,a,-,-,-,-,-,-,-,-,-,-,-,-,-,-,-,u,-,-,-,-,-,-,-,-,-,-,-
siee1239,-,-,-,-,-,-,-,-,-,-,-,-,-,-,-,-,o,-,-,-,-,-,-,-,-,-,-,-,-,r,-,-,u,T,t,s,-,-,-,-,-,-,-,-
siee1239,-,-,-,-,-,-,-,-,-,-,-,-,-,-,-,-,o,-,-,-,-,-,-,-,-,-,-,-,-,r,-,-,u,T,t,s,-,-,-,-,-,-,-,-
urav1235,-,-,-,-,-,-,-,-,-,-,-,-,-,-,-,-,a,-,-,-,-,-,-,-,-,-,-,-,-,l,-,-,T,-,t,s,a,i,-,-,-,-,-,-
urav1235,-,-,-,-,-,-,-,-,-,-,-,-,-,-,-,-,a,-,-,-,-,-,-,-,-,-,-,-,-,l,-,-,T,-,t,s,a,i,-,-,-,-,-,-
lena1238,-,-,-,-,-,-,-,-,-,-,-,-,-,-,-,-,a,-,-,-,-,-,-,-,-,-,-,-,-,-,-,-,i,-,-,-,-,k,-,-,-,-,-,-
lena1238,-,-,-,-,-,-,-,-,-,-,-,-,-,-,-,-,a,-,-,-,-,-,-,-,-,-,-,-,-,-,-,-,i,-,-,-,-,k,-,-,-,-,-,-
sout2869,-,-,-,-,-,-,-,-,-,-,-,-,-,-,-,-,a,-,-,-,-,-,-,-,-,-,-,-,-,-,-,-,-,-,-,-,-,l,-,-,-,-,-,-
sout2869,-,-,-,-,-,-,-,-,-,-,-,-,-,-,-,-,a,-,-,-,-,-,-,-,-,-,-,-,-,-,-,-,-,-,-,-,-,l,-,-,-,-,-,-
kwam1252,-,-,-,-,-,-,-,-,-,-,-,-,-,-,-,-,a,-,-,-,-,-,-,-,-,-,-,-,-,-,-,-,i,-,-,-,-,u,-,-,-,-,-,-
kwam1252,-,-,-,-,-,-,-,-,-,-,-,-,-,-,-,-,a,-,-,-,-,-,-,-,-,-,-,-,-,-,-,-,i,-,-,-,-,u,-,-,-,-,-,-
nort2847,-,-,-,-,-,-,-,-,-,-,-,-,-,-,-,-,a,-,-,-,-,-,-,-,-,-,-,-,-,-,-,-,i,-,-,-,-,N,-,-,-,-,-,-
nort2847,-,-,-,-,-,-,-,-,-,-,-,-,-,-,-,-,a,-,-,-,-,-,-,-,-,-,-,-,-,-,-,-,i,-,-,-,-,N,-,-,-,-,-,-
whit1269,-,-,-,-,-,-,-,-,-,-,-,-,-,-,-,-,a,-,-,-,-,-,-,-,-,-,-,-,-,-,-,-,i,-,-,y,3,N,-,-,-,-,-,-
whit1269,-,-,-,-,-,-,-,-,-,-,-,-,-,-,-,-,a,-,-,-,-,-,-,-,-,-,-,-,-,-,-,-,i,-,-,y,3,N,-,-,-,-,-,-
sude1239,-,-,t,-,-,-,-,-,-,-,h,-,-,-,-,-,i,-,-,-,t,-,-,-,-,-,-,-,-,h,-,-,u,-,-,-,-,-,-,-,-,-,-,-
sude1239,-,-,-,-,-,-,-,-,-,-,g,-,-,-,-,-,a,-,-,-,-,-,-,-,-,-,-,-,-,-,-,-,i,-,-,-,-,-,-,-,-,-,-,-
dehu1237,-,-,-,-,-,-,-,-,-,-,-,-,-,-,-,-,a,-,-,-,-,-,y,-,-,-,-,-,-,d,-,-,Z,-,-,-,-,-,-,-,-,-,-,-
iaai1238,-,-,-,-,-,-,-,-,-,-,h,-,-,-,-,-,a,-,-,-,-,-,-,-,-,-,-,-,-,-,-,-,i,-,-,-,-,-,-,-,-,-,-,-
neng1238,-,-,-,-,-,-,-,-,-,-,s,-,-,-,-,-,e,-,-,-,-,-,-,-,-,-,-,-,-,-,-,-,-,-,-,-,-,-,-,-,-,-,-,-
neng1238,-,-,-,-,-,-,-,-,-,-,-,-,-,-,-,-,a,-,-,-,-,-,-,-,-,-,-,-,-,-,-,-,l,-,-,-,-,-,-,-,-,-,-,-
kuma1276,-,-,-,-,i,-,y,-,-,-,h,-,-,-,-,-,-,-,-,-,-,-,-,-,-,-,-,-,-,-,-,-,a,-,-,-,-,-,-,-,-,-,-,-
yuag1237,-,-,-,-,-,-,-,-,-,-,8,-,-,-,-,-,-,-,-,-,-,-,-,-,-,-,-,-,-,-,-,-,o,-,-,-,-,-,-,-,-,-,-,-
nemi1240,-,-,-,-,-,-,-,-,-,-,7,-,-,-,-,-,i,-,-,-,-,-,-,-,-,-,-,-,-,-,-,-,o,-,-,-,-,m,-,-,-,-,-,-
fwai1237,-,-,-,-,-,-,-,-,-,-,7,-,-,-,-,-,i,-,-,-,-,-,-,-,-,-,-,-,-,-,-,-,o,-,-,-,-,m,-,-,-,-,-,-
pwaa1237,-,-,-,-,-,-,-,-,-,-,s,-,-,-,-,-,-,-,-,-,-,-,-,-,-,-,-,-,-,-,-,-,o,-,-,-,-,-,-,-,-,-,-,-
pije1237,-,-,-,-,-,-,-,-,-,-,5,-,a,-,7,-,i,-,-,-,-,-,-,-,-,-,-,-,-,-,-,-,o,-,-,-,-,m,-,-,-,-,-,-
pwap1237,-,-,-,-,-,-,-,-,-,-,s,-,-,-,-,-,-,-,-,-,-,-,-,-,-,-,-,-,-,-,-,-,o,-,-,-,-,m,-,-,-,-,-,-
jawe1237,-,-,-,-,-,-,-,-,-,-,h,-,-,-,-,-,i,-,-,-,-,-,-,-,-,-,-,-,-,y,-,-,o,-,-,-,-,m,-,-,-,-,-,-
hmwa1243,-,-,-,-,-,-,-,-,-,-,s,-,-,-,-,-,-,-,-,-,-,-,-,-,-,-,-,-,-,-,-,-,o,-,-,-,-,m,-,-,-,-,-,-
have1241,-,-,-,-,-,-,-,-,-,-,8,-,-,-,-,-,-,-,-,-,-,-,-,-,-,-,-,-,-,-,-,-,o,-,-,-,-,m,-,-,-,-,-,-
haek1239,-,-,-,-,-,-,-,-,-,-,8,-,-,-,-,-,-,-,-,-,-,-,-,-,-,-,-,-,-,-,-,-,o,-,-,-,-,m,-,-,-,-,-,-
waam1236,-,-,-,-,-,-,-,-,-,-,8,-,-,-,-,-,-,-,-,-,-,-,-,-,-,-,-,-,-,-,-,-,o,-,-,-,-,m,-,-,-,-,-,-
vama1243,-,-,-,-,-,-,-,-,-,-,t,-,-,-,-,-,-,-,-,-,-,-,-,-,-,-,-,-,-,-,-,-,o,-,-,-,-,m,-,-,-,-,-,-
cemu1238,-,-,-,-,-,-,-,-,-,-,-,-,-,-,-,-,e,-,-,-,-,-,-,-,-,-,-,-,-,-,-,-,o,-,-,-,-,m,-,-,-,-,-,-
caac1237,-,-,-,-,-,-,-,-,-,-,-,-,-,-,-,-,i,-,-,-,-,-,-,-,-,-,-,-,-,e,-,-,u,-,-,-,-,m,-,-,-,-,-,-
paic1239,-,-,-,-,e,-,-,-,-,-,e,-,-,-,-,-,-,-,-,-,-,-,-,-,-,-,-,-,-,-,-,-,o,-,-,-,-,-,-,-,-,-,-,-
xara1244,-,-,-,-,-,-,-,-,-,-,x,-,-,-,-,-,-,-,-,-,-,-,-,-,-,-,-,-,-,-,-,-,E,-,-,-,-,-,-,-,-,-,-,-
tiri1258,-,-,-,-,-,-,-,-,-,-,7,-,-,-,-,-,-,-,-,-,-,-,-,-,-,-,-,-,-,-,-,-,e,-,-,-,-,-,-,-,-,-,-,-
neku1237,-,-,-,-,-,-,-,-,-,-,-,-,-,-,-,-,-,-,-,-,-,-,-,-,-,-,-,-,-,-,-,-,u,-,-,-,-,-,-,-,-,-,-,-
orow1242,-,-,-,-,-,-,-,-,-,-,-,-,-,-,-,-,-,-,-,-,-,-,-,-,-,-,-,-,-,-,-,-,u,-,-,-,-,-,-,-,-,-,-,-
arha1237,-,-,-,-,-,-,-,-,-,-,-,-,-,-,-,-,-,-,-,-,-,-,-,-,-,-,-,-,-,-,-,-,u,-,-,-,-,-,-,-,-,-,-,-
arho1237,-,-,-,-,-,-,-,-,-,-,e,-,-,-,-,-,-,-,-,-,-,-,-,-,-,-,-,-,-,-,-,-,e,-,-,-,-,-,-,-,-,-,-,-
houa1234,-,-,-,-,-,-,-,-,-,-,-,-,-,-,-,-,-,-,-,-,-,-,-,-,-,-,-,-,-,-,-,-,u,-,-,-,-,-,-,-,-,-,-,-
zire1240,-,-,-,-,-,-,-,-,-,-,x,-,-,-,-,-,-,-,-,-,-,-,-,-,-,-,-,-,-,-,-,-,u,-,-,-,-,-,-,-,-,-,-,-
