language,x1,x2,x3,x4,x5,x6,x7,x8,x9,x10,x11,x12,x13,x14,x15,x16,x17,x18,x19,x20,x21,x22,x23,x24,x25,x26,x27,x28,x29,x30,x31,x32,x33,x34,x35,x36,x37,x38,x39
kapp1237,-,-,-,-,-,-,-,-,-,-,-,-,t,-,-,-,-,-,-,-,-,-,u,-,-,3,l,-,-,-,-,-,-,-,-,-,-,-,-
sobe1238,-,-,-,-,-,-,-,-,-,-,-,-,t,-,-,-,-,-,-,-,-,-,o,-,-,-,u,-,-,-,-,-,-,-,-,-,-,-,-
tarp1240,-,-,-,-,-,-,-,-,-,-,-,-,t,-,-,-,-,-,-,-,-,-,o,-,-,-,r,-,-,-,-,-,-,-,-,-,-,-,-
mala1487,-,-,-,-,-,-,-,-,-,-,-,-,t,-,-,-,-,-,-,-,-,-,o,-,-,-,l,-,-,-,-,-,-,-,-,-,-,-,-
arop1242,-,-,-,-,-,-,-,-,-,-,-,-,t,-,-,-,-,-,-,-,-,-,o,-,-,-,l,-,-,-,-,-,-,-,-,-,-,-,-
sioo1240,-,N,-,-,-,a,-,-,-,-,-,-,t,-,-,-,-,-,-,-,-,-,o,-,-,-,-,-,-,-,-,-,-,-,-,-,-,-,-
sioo1240,-,N,-,-,-,a,-,-,-,-,-,-,t,-,-,-,-,-,-,-,-,-,o,-,-,-,-,-,-,-,-,-,-,-,-,-,-,-,-
numb1247,-,-,-,-,-,-,-,-,-,-,-,-,t,-,-,-,-,-,-,-,-,-,o,-,-,-,l,-,-,-,i,-,-,-,-,-,-,-,-
tami1290,-,-,-,-,-,-,-,-,-,-,-,-,t,-,-,-,-,-,-,-,-,-,u,-,-,-,l,-,-,-,-,-,-,-,-,-,-,-,-
mutu1242,-,-,-,-,-,-,-,-,-,-,-,-,t,-,-,-,-,-,-,-,-,-,o,-,-,-,l,-,-,-,-,-,-,-,-,-,-,-,-
gitu1237,-,-,-,-,-,-,-,-,-,-,-,-,t,-,-,-,-,-,-,-,-,-,o,-,-,-,l,-,-,-,u,-,-,-,-,-,-,-,-
mala1489,-,-,-,-,-,-,-,-,-,-,-,-,t,-,-,-,-,-,-,-,-,-,o,-,-,-,l,-,-,-,u,-,-,-,-,-,-,-,-
mbul1263,-,-,-,-,-,-,-,-,-,-,-,-,t,-,-,-,-,-,-,-,-,-,e,-,-,-,l,-,-,-,-,-,-,-,-,-,-,-,-
kove1237,-,-,-,-,-,-,-,-,-,-,-,-,t,-,-,-,-,-,-,-,-,-,o,-,-,-,l,-,-,-,u,-,-,-,-,-,-,-,-
bari1286,-,-,-,-,-,-,-,-,-,-,-,-,t,-,-,-,-,-,-,-,-,-,o,-,-,-,l,-,-,-,-,-,-,-,-,-,-,-,-
male1289,-,-,-,-,-,-,-,-,-,-,-,-,t,-,-,-,-,-,-,-,-,-,o,-,-,-,l,-,-,-,-,-,-,-,-,-,-,-,-
taki1248,-,-,-,-,-,u,-,-,-,-,-,-,t,-,-,-,-,-,-,-,-,-,o,-,-,-,l,-,-,-,-,-,-,-,-,-,-,-,-
matu1261,-,-,-,-,-,-,-,-,-,-,-,-,t,-,-,-,-,-,-,-,-,-,o,-,-,-,l,-,-,-,-,-,-,-,-,-,-,-,-
geda1237,-,-,-,-,-,-,-,-,-,-,-,-,t,-,-,-,-,-,-,-,-,-,o,-,-,-,l,-,-,-,-,-,-,-,-,-,-,-,-
geda1237,-,-,-,-,-,-,-,-,-,-,-,-,t,-,-,-,-,-,-,-,-,-,o,-,-,-,l,-,-,-,-,-,-,-,-,-,-,-,-
bilb1241,-,-,-,-,-,-,-,-,-,-,-,-,t,-,-,-,-,-,-,-,-,-,o,-,-,-,l,-,-,-,i,-,-,-,-,-,-,-,-
mind1255,-,-,-,-,-,-,-,-,-,-,-,-,t,-,-,-,-,-,-,-,-,-,o,-,-,-,l,a,n,d,3,-,-,-,-,-,-,-,-
wabb1237,-,-,-,-,-,-,-,-,-,-,-,-,t,-,-,-,-,u,-,-,-,-,o,-,-,-,l,-,-,-,-,-,-,-,-,-,-,-,-
awad1244,-,-,-,-,-,-,-,-,-,-,-,-,t,-,-,-,-,-,-,-,-,-,o,-,-,-,l,a,-,g,o,-,-,-,-,-,-,m,-
woge1237,-,-,-,-,-,-,-,-,-,-,-,-,t,-,-,-,-,-,-,-,-,-,o,-,-,-,l,-,-,-,-,-,-,-,-,-,-,-,-
mana1295,-,-,-,-,-,-,-,-,-,-,-,-,t,-,-,-,-,-,-,-,-,-,o,-,-,-,l,-,-,-,i,-,-,-,-,-,-,-,-
kair1263,-,-,-,-,-,-,-,-,-,-,-,-,t,-,-,-,-,u,-,-,-,-,o,-,-,-,l,-,-,-,-,-,-,-,-,-,-,-,-
kiss1246,-,-,-,-,-,-,-,-,-,-,-,-,t,-,-,-,-,-,-,-,-,-,o,-,-,-,n,-,-,-,i,-,-,-,-,-,-,-,-
yabe1254,-,-,-,-,-,-,-,-,-,-,-,-,t,-,-,-,-,e,-,-,-,-,e,-,-,-,l,-,-,-,e,e,7,a,a,T,t,s,-
meng1267,-,-,-,-,-,-,-,-,-,-,-,-,m,-,-,-,-,-,-,-,-,-,o,-,-,-,l,-,-,-,o,-,-,-,-,-,-,g,i
onto1237,-,-,-,-,-,-,-,-,-,-,-,-,k,-,-,-,-,-,-,-,-,-,o,-,-,-,l,-,-,-,u,-,-,-,-,-,-,-,-
taku1257,-,-,-,-,-,-,-,-,-,-,-,-,t,-,-,-,-,-,-,-,-,-,o,-,-,-,r,-,-,-,u,-,-,-,-,-,-,-,-
sika1261,-,-,-,-,-,-,-,-,-,-,-,-,t,-,-,-,-,-,-,-,-,-,o,-,-,-,l,-,-,-,u,-,-,-,-,-,-,-,-
nuku1259,-,-,-,-,-,-,-,-,-,-,-,-,t,-,-,-,-,-,-,-,-,-,o,-,-,-,r,-,-,-,u,-,-,-,-,-,-,-,-
nuku1260,-,-,-,-,-,-,-,-,-,-,-,-,d,-,-,-,-,-,-,-,-,-,o,-,-,-,l,-,-,-,u,-,-,-,-,-,-,-,-
kapi1249,-,-,-,-,-,-,-,-,-,-,-,-,d,-,-,-,-,-,-,-,-,-,o,-,-,-,l,-,-,-,u,-,-,-,-,-,-,-,-
kapi1249,-,-,-,-,-,-,-,-,-,-,-,-,t,-,-,-,-,-,-,-,-,-,o,-,-,-,r,-,-,-,u,-,-,-,-,-,-,-,-
samo1305,-,-,-,-,-,e,-,-,-,-,-,-,t,-,-,-,-,-,-,-,-,-,o,-,-,-,l,-,-,-,u,-,-,-,-,-,-,-,-
nort2844,-,-,-,-,-,-,-,-,-,-,-,-,t,-,-,-,-,-,-,-,-,-,o,-,-,-,l,-,-,-,u,-,-,-,-,-,-,-,-
tiko1237,-,-,-,-,-,-,-,-,-,-,-,-,t,-,-,-,-,-,-,-,-,-,o,-,-,-,r,-,-,-,u,-,-,-,-,-,-,-,-
anut1237,-,-,-,-,-,-,-,-,-,-,-,-,t,-,-,-,-,-,-,-,-,-,o,-,-,-,r,-,-,-,u,-,-,-,-,-,-,-,-
east2447,-,-,-,-,-,-,-,-,-,-,-,-,t,-,-,-,-,-,-,-,-,-,o,-,-,-,l,-,-,-,u,-,-,-,-,-,-,-,-
wall1257,-,-,-,-,-,-,-,-,-,-,-,-,t,-,-,-,-,-,-,-,-,-,o,-,-,-,l,-,-,-,u,-,-,-,-,-,-,-,-
tong1325,-,-,-,-,-,-,-,-,-,-,-,-,t,-,-,-,-,-,-,-,-,-,o,-,-,-,l,-,-,-,u,-,-,-,-,-,-,-,-
niue1239,-,-,-,-,-,-,-,-,-,-,-,-,t,-,-,-,-,-,-,-,-,-,o,-,-,-,l,-,-,-,u,-,-,-,-,-,-,-,-
emae1237,-,-,-,-,-,-,-,-,-,-,-,-,t,-,-,-,-,-,-,-,-,-,o,-,-,-,r,-,-,-,u,-,-,-,-,-,-,-,-
mung1271,-,-,-,-,-,-,-,-,-,-,-,-,t,-,-,-,-,-,-,-,-,-,o,-,-,-,g,-,-,-,u,-,-,-,-,-,-,-,-
futu1245,-,-,-,-,-,-,-,-,-,-,-,-,t,-,-,-,-,-,-,-,-,-,o,-,-,-,r,-,-,-,u,-,-,-,-,-,-,-,-
west2516,-,-,-,-,-,-,-,-,-,-,-,-,t,-,-,-,-,-,-,-,-,-,o,-,-,-,l,-,-,-,u,-,-,-,-,-,-,-,-
mele1250,-,-,-,-,-,-,-,-,-,-,-,-,t,-,-,-,-,-,-,-,-,-,o,-,-,-,r,-,-,-,u,-,-,-,-,-,-,-,-
pile1238,-,-,-,-,-,-,-,-,-,-,-,-,t,-,-,-,-,-,-,-,-,-,o,-,-,-,l,-,-,-,u,-,-,-,-,-,-,-,-
raro1241,-,-,-,-,-,-,-,-,-,-,-,-,t,-,-,-,-,-,-,-,-,-,o,-,-,-,r,-,-,-,u,-,-,-,-,-,-,-,-
penr1237,-,-,-,-,-,-,-,-,-,-,-,-,t,-,-,-,-,-,-,-,-,-,o,-,-,-,r,-,-,-,u,-,-,-,-,-,-,-,-
tuam1242,-,-,-,-,-,-,-,-,-,-,-,-,t,-,-,-,-,-,-,-,-,-,o,-,-,-,r,-,-,-,u,-,-,-,-,-,-,-,-
mang1401,-,-,-,-,-,-,-,-,-,-,-,-,t,-,-,-,-,-,-,-,-,-,o,-,-,-,r,-,-,-,u,-,-,-,-,-,-,-,-
mang1401,-,-,-,-,-,-,-,-,-,-,-,-,t,-,-,-,-,-,-,-,-,-,o,-,-,-,r,-,-,-,u,-,-,-,-,-,-,-,-
mang1402,-,-,-,-,-,-,-,-,-,-,-,-,t,-,-,-,-,-,-,-,-,-,o,-,-,-,r,-,-,-,u,-,-,-,-,-,-,-,-
raka1237,-,-,-,-,-,-,-,-,-,-,-,-,t,-,-,-,-,-,-,-,-,-,o,-,-,-,r,-,-,-,u,-,-,-,-,-,-,-,-
raka1237,-,-,-,-,-,-,-,-,-,-,-,-,t,-,-,-,-,-,-,-,-,-,e,-,-,-,r,-,-,-,u,-,-,-,-,-,-,-,-
maor1246,-,-,-,-,-,-,-,-,-,-,-,-,t,-,-,-,-,-,-,-,-,-,o,-,-,-,r,-,-,-,u,-,-,-,-,-,-,-,-
rapa1244,-,-,-,-,-,-,-,-,-,-,-,-,t,-,-,-,-,-,-,-,-,-,o,-,-,-,r,-,-,-,u,-,-,-,-,-,-,-,-
puka1242,-,-,-,-,-,-,-,-,-,-,-,-,t,-,-,-,-,-,-,-,-,-,o,-,-,-,l,-,-,-,u,-,-,-,-,-,-,-,-
nort2845,-,-,-,-,-,-,-,-,-,-,-,-,t,-,-,-,-,-,-,-,-,-,o,-,-,-,7,-,-,-,u,-,-,-,-,-,-,-,-
ruru1237,-,-,-,-,-,-,-,-,-,-,-,-,t,-,-,-,-,-,-,-,-,-,o,-,-,-,r,-,-,-,u,-,-,-,-,-,-,-,-
tahi1242,-,-,-,-,-,-,-,-,-,-,-,-,t,-,-,-,-,-,-,-,-,-,o,-,-,-,r,-,-,-,u,-,-,-,-,-,-,-,-
hawa1245,-,-,-,-,-,-,-,-,-,-,-,-,k,-,-,-,-,-,-,-,-,-,o,-,-,-,l,-,-,-,u,-,-,-,-,-,-,-,-
nuku1258,-,-,-,-,-,-,-,-,-,-,-,-,t,-,-,-,-,-,-,-,-,-,o,-,-,-,r,-,-,-,u,-,-,-,-,-,-,-,-
rotu1241,-,-,-,-,-,-,-,-,-,-,-,-,f,-,-,-,-,-,-,-,-,-,o,-,-,-,l,-,-,-,u,-,-,-,-,-,-,-,-
bauu1243,-,-,-,-,-,e,-,-,-,-,-,-,t,-,-,-,-,-,-,-,-,-,o,-,-,-,l,-,-,-,u,-,-,-,-,-,-,-,-
west2519,-,-,-,-,-,-,-,-,-,-,-,-,t,-,-,-,-,-,-,-,-,-,o,-,-,-,l,-,-,-,u,-,-,-,-,-,-,-,-
muss1248,-,-,-,-,-,-,-,-,-,-,-,-,t,-,-,-,-,-,-,-,-,-,o,-,-,-,l,-,-,-,u,-,-,-,-,-,-,-,-
bola1250,-,-,-,-,-,-,-,-,-,-,-,-,t,-,-,-,-,-,-,-,-,-,o,-,-,-,l,-,-,-,u,-,-,-,-,-,-,-,-
bulu1253,-,-,-,-,-,-,-,-,-,-,-,-,t,-,-,-,-,-,-,-,-,-,o,-,-,-,l,-,-,-,u,-,-,-,-,-,-,-,-
mudu1242,-,-,-,-,-,-,-,-,-,-,-,-,t,-,-,-,-,-,-,-,-,-,o,-,-,-,l,-,-,-,u,-,-,-,-,-,-,-,-
naka1262,-,-,-,-,-,-,-,-,-,-,-,-,t,-,-,-,-,-,-,-,-,-,o,-,-,-,l,-,-,-,u,-,-,-,-,-,-,-,-
mera1242,-,-,-,-,-,-,-,-,-,-,-,-,t,-,-,-,-,-,-,-,-,-,o,-,-,-,l,-,-,-,u,-,-,-,-,-,-,-,-
dori1246,-,-,-,-,-,-,-,-,-,-,-,-,-,-,-,-,-,-,-,-,-,-,o,-,-,-,l,-,-,-,u,-,-,-,-,-,-,-,-
wala1266,-,-,-,-,-,-,-,-,-,-,-,-,-,-,-,-,-,-,-,-,-,-,o,-,-,-,l,-,-,-,u,-,-,-,-,-,-,-,-
kwai1243,-,-,-,-,-,-,-,-,-,-,-,-,-,-,-,-,-,-,-,-,-,-,o,-,-,-,l,-,-,-,u,-,-,-,-,-,-,-,-
lauu1247,-,-,-,-,-,-,-,-,-,-,-,-,-,-,-,-,-,-,-,-,-,-,o,-,-,-,l,-,-,-,u,-,-,-,-,-,-,-,-
kwar1239,-,-,-,-,-,-,-,-,-,-,-,-,-,-,-,-,-,-,-,-,-,-,u,-,-,-,l,-,-,-,u,-,-,-,-,-,-,-,-
baeg1237,-,-,-,-,-,-,-,-,-,-,-,-,-,-,-,-,-,-,-,-,-,-,o,-,-,-,l,-,-,-,u,-,-,-,-,-,-,-,-
fata1245,-,-,-,-,-,-,-,-,-,-,-,-,-,-,-,-,-,-,-,-,-,-,o,-,-,-,l,-,-,-,u,-,-,-,-,-,-,-,-
toab1237,-,-,-,-,-,-,-,-,-,-,-,-,-,-,-,-,-,-,-,-,-,-,u,-,-,-,l,-,-,-,u,-,-,-,-,-,-,-,-
bael1237,-,-,-,-,-,-,-,-,-,-,-,-,-,-,-,-,-,-,-,-,-,-,o,-,-,-,l,-,-,-,u,-,-,-,-,-,-,-,-
gula1270,-,-,-,-,-,-,-,-,-,-,-,-,-,-,-,-,-,-,-,-,-,-,o,-,-,-,l,-,-,-,u,-,-,-,-,-,-,-,-
long1395,-,-,-,-,-,-,-,-,-,-,-,-,-,-,-,-,-,-,-,-,-,-,o,-,-,-,l,-,-,-,u,-,-,-,-,-,-,-,-
oroh1237,-,-,-,-,-,-,-,-,-,-,-,-,-,-,-,-,-,-,-,-,-,-,o,-,-,-,r,-,-,-,u,-,-,-,-,-,-,-,-
area1240,-,-,-,-,-,-,-,-,-,-,-,-,-,-,-,-,-,-,-,-,-,-,o,-,-,o,r,-,-,-,u,-,-,-,-,-,-,-,-
saaa1240,-,-,-,-,-,-,-,-,-,-,-,-,-,-,-,-,-,-,-,-,-,-,o,-,-,-,l,-,-,-,u,-,-,-,-,-,-,-,-
rihu1237,-,-,-,-,-,-,-,-,-,-,-,-,7,-,-,-,-,-,-,-,-,-,o,-,-,-,r,-,-,-,u,-,-,-,-,-,-,-,-
haun1237,-,-,-,-,-,-,-,-,-,-,-,-,-,-,-,-,-,-,-,-,-,-,o,-,-,-,r,-,-,-,u,-,-,-,-,-,-,-,-
kahu1241,-,-,-,-,-,-,-,-,-,-,-,-,e,-,-,-,-,-,-,-,-,-,o,-,-,-,r,-,-,-,u,-,-,-,-,-,-,-,-
sant1413,-,-,-,-,-,-,-,-,-,-,-,-,-,-,-,-,-,-,-,-,-,-,o,-,-,-,r,-,-,-,u,-,-,-,-,-,-,-,-
aros1241,-,-,-,-,-,-,-,-,-,-,-,-,-,-,-,-,-,-,-,-,-,-,o,-,-,-,r,-,-,-,u,-,-,-,-,-,-,-,-
tolo1254,-,-,-,-,-,-,-,-,-,-,-,-,t,-,-,-,-,-,-,-,-,-,o,-,-,-,l,-,-,-,u,-,-,-,-,-,-,-,-
tolo1254,-,-,-,-,-,-,-,-,-,-,-,-,t,-,-,-,-,-,-,-,-,-,o,-,-,-,l,-,-,-,u,-,-,-,-,-,-,-,-
bira1254,-,-,-,-,-,-,-,-,-,-,-,-,t,-,-,-,-,-,-,-,-,-,o,-,-,-,l,-,-,-,u,-,-,-,-,-,-,-,-
tand1254,-,-,-,-,-,-,-,-,-,-,-,-,t,-,-,-,-,-,-,-,-,-,o,-,-,-,l,-,-,-,u,-,-,-,-,-,-,-,-
mala1484,-,-,-,-,-,-,-,-,-,-,-,-,t,-,-,-,-,-,-,-,-,-,o,-,-,-,l,-,-,-,u,-,-,-,-,-,-,-,-
leng1259,-,-,-,-,-,-,-,-,-,-,-,-,t,-,-,-,-,-,-,-,-,-,o,-,-,-,l,-,-,-,u,-,-,-,-,-,-,-,-
bugh1239,-,-,-,-,-,-,-,-,-,-,-,-,t,-,-,-,-,-,-,-,-,-,o,-,-,-,l,-,-,-,u,-,-,-,-,-,-,-,-
gela1263,-,-,-,-,-,-,-,-,-,-,-,-,t,-,-,-,-,-,-,-,-,-,o,-,-,-,l,-,-,-,u,-,-,-,-,-,-,-,-
taba1261,-,-,-,-,-,-,-,-,-,-,-,-,t,-,-,-,-,-,-,-,-,-,o,-,-,-,r,-,-,-,u,-,-,-,-,-,-,-,-
lihi1237,-,-,-,-,-,a,-,l,-,-,a,k,t,-,-,-,-,-,-,-,-,-,o,-,-,-,l,-,-,-,-,-,-,-,-,-,-,-,-
tang1348,-,-,-,-,-,-,-,-,-,-,-,-,t,-,-,-,-,-,-,-,-,-,u,-,-,-,l,-,-,-,-,-,-,-,-,-,-,-,-
siar1238,-,-,-,-,-,-,-,-,-,-,i,-,t,-,-,-,-,-,-,-,-,-,o,-,-,-,l,-,-,-,-,-,-,-,-,-,-,-,-
labe1239,-,-,-,-,-,-,-,-,-,-,-,-,t,-,-,-,-,-,-,-,-,-,o,-,-,-,l,-,-,-,-,-,-,-,-,-,-,-,-
surs1246,-,-,-,-,-,-,-,-,-,-,-,-,t,-,-,-,-,-,-,-,-,-,u,-,-,-,l,-,-,-,-,-,-,-,-,-,-,-,-
kand1301,-,-,-,-,-,-,-,-,-,-,-,-,t,-,-,-,-,-,-,-,-,-,u,-,-,-,l,-,-,-,u,-,-,-,-,-,-,-,-
kand1301,-,-,-,-,-,-,-,-,-,-,-,-,t,-,-,-,-,-,-,-,-,-,u,-,-,-,l,-,-,-,-,-,-,-,-,-,-,-,-
ramo1244,-,-,-,-,-,-,-,-,-,-,-,-,t,-,-,-,-,-,-,-,-,-,u,-,-,-,l,-,-,-,u,-,-,-,-,-,-,-,-
patp1243,-,-,-,-,-,a,-,-,-,-,i,-,t,-,-,-,-,-,-,-,-,-,u,-,-,-,l,-,-,-,-,-,-,-,-,-,-,-,-
kuan1248,-,-,-,-,-,a,-,-,-,-,u,-,t,-,-,-,-,-,-,-,-,-,u,-,-,-,l,-,-,-,-,-,-,-,-,-,-,-,-
mini1251,-,-,-,-,-,a,-,-,-,-,u,-,t,-,-,-,-,-,-,-,-,-,u,-,-,-,l,-,-,-,u,-,-,-,-,-,-,-,-
bilu1244,-,-,-,-,-,-,-,-,-,-,-,-,t,-,-,-,-,-,-,-,-,-,u,-,-,-,l,-,-,-,u,-,-,a,-,-,-,-,-
nali1244,-,m,-,-,-,a,-,n,-,-,g,-,t,-,-,-,-,-,-,-,-,-,u,-,-,-,l,-,-,-,-,-,-,-,-,-,-,-,-
west2524,-,-,-,-,-,-,-,-,-,-,-,-,k,-,-,-,-,a,-,l,a,r,u,-,-,-,l,-,-,-,-,-,-,-,-,-,-,-,-
tian1237,-,-,-,-,-,u,-,-,-,-,-,-,t,-,-,-,-,-,-,-,-,-,a,-,-,-,l,-,-,-,-,-,-,-,-,-,-,-,-
tiga1245,-,p,-,-,-,o,-,-,-,-,-,-,t,-,-,-,-,-,-,-,-,-,u,-,-,-,l,-,-,-,-,-,-,-,-,-,-,-,-
tung1290,-,p,-,-,-,o,-,-,-,-,-,-,t,-,-,-,-,-,-,-,-,-,o,-,-,-,l,-,-,-,-,-,-,-,-,-,-,-,-
tung1290,-,-,-,-,-,a,-,-,-,-,-,-,t,-,-,-,-,-,-,-,-,-,o,-,-,-,l,-,-,-,-,-,-,-,-,-,-,-,-
lamu1255,-,-,-,-,-,e,-,-,-,-,-,-,r,-,-,-,-,-,-,-,-,-,u,-,-,-,n,-,-,-,-,-,-,-,-,-,-,-,-
mada1285,-,w,-,-,-,a,-,-,-,-,n,-,t,-,-,-,-,-,-,-,-,-,o,-,-,-,n,-,-,-,-,-,-,-,-,-,-,-,-
baro1253,-,n,-,-,-,a,-,-,-,-,-,-,r,-,-,-,-,-,-,-,-,-,u,-,-,-,n,-,-,-,-,-,-,-,-,-,-,-,-
lewo1242,-,-,-,-,-,-,-,-,-,-,-,-,t,-,-,-,-,-,-,-,-,-,e,-,-,-,l,-,-,-,u,-,-,-,-,-,-,-,-
lame1260,-,-,-,-,-,-,-,-,-,-,-,-,t,-,-,-,-,-,-,-,-,-,e,-,-,-,l,-,-,-,u,-,-,-,-,-,-,-,-
bier1244,-,-,-,-,-,-,-,-,-,-,-,-,t,-,-,-,-,-,-,-,-,-,o,-,-,-,l,-,-,-,u,-,-,-,-,-,-,-,-
baki1244,-,-,-,-,-,-,-,-,-,-,-,-,t,-,-,-,-,-,-,-,-,-,o,-,-,-,l,-,-,-,u,-,-,-,-,-,-,-,-
bier1246,-,-,-,-,-,i,-,-,-,-,-,-,t,-,-,-,-,-,-,-,-,-,o,-,-,-,u,-,-,-,-,-,-,-,-,-,-,-,-
maii1238,-,-,-,-,-,i,-,-,-,-,-,-,t,-,-,-,-,-,-,-,-,-,o,-,-,-,l,-,-,-,-,-,-,-,-,-,-,-,-
ngun1274,-,-,-,-,-,-,-,-,-,-,-,-,t,-,-,-,-,-,-,-,-,-,o,-,-,-,l,-,-,-,u,-,-,-,-,-,-,-,-
lele1267,-,-,-,-,-,-,-,-,-,-,-,-,t,-,-,-,-,-,-,-,-,-,o,-,-,-,l,-,-,-,u,-,-,-,-,-,-,-,-
sout2856,-,-,-,-,-,i,-,-,-,-,-,-,t,-,-,-,-,-,-,-,-,-,o,-,-,-,l,-,-,-,-,-,-,-,-,-,-,-,-
eton1255,-,-,-,-,-,e,-,-,-,-,-,-,t,-,-,-,-,-,-,-,-,-,o,-,-,-,l,-,-,-,-,-,-,-,-,-,-,-,-
nama1268,-,-,-,-,-,i,-,-,-,-,-,-,t,-,-,-,-,-,-,-,-,-,o,-,-,-,l,-,-,-,-,-,-,-,-,-,-,-,-
orko1234,-,-,-,-,-,-,-,-,-,-,-,-,s,-,-,-,-,i,-,-,-,-,e,-,-,-,l,-,-,-,-,-,-,-,-,-,-,-,-
port1286,-,-,-,-,-,-,-,-,-,-,-,-,t,-,-,-,-,-,-,-,-,-,o,-,-,-,l,-,-,-,-,-,-,-,-,-,-,-,-
lonw1238,-,-,-,-,-,-,-,-,-,-,-,-,s,-,-,-,-,-,-,-,-,-,i,-,-,-,-,-,-,-,-,-,-,-,-,-,-,-,-
nort2839,-,-,-,-,-,T,-,-,-,-,-,-,t,-,-,-,-,S,-,-,-,-,u,-,-,-,l,-,-,-,-,-,-,-,-,-,-,-,-
daka1243,-,-,-,-,-,-,-,-,-,-,-,-,s,-,-,-,-,-,-,-,-,-,i,-,-,-,-,-,-,-,-,-,-,-,-,-,-,-,-
sowa1244,-,-,-,-,-,i,-,-,-,-,-,-,z,-,-,-,-,o,-,-,-,-,o,-,-,-,l,-,-,-,-,-,-,-,-,-,-,-,-
seke1241,-,-,-,-,-,a,-,-,-,-,-,-,z,-,-,i,-,o,-,-,-,-,o,-,-,-,l,-,-,-,-,-,-,-,-,-,-,-,-
apma1240,-,k,-,-,-,a,-,-,-,-,-,-,t,-,-,-,-,s,-,-,-,-,i,-,-,-,l,-,-,-,-,-,-,-,-,-,-,-,-
saaa1241,-,-,-,-,-,-,-,-,-,-,-,-,t,-,-,-,-,e,-,-,-,-,e,-,-,-,l,-,-,-,-,-,-,-,-,-,-,-,-
sout2858,-,-,-,-,-,e,-,-,-,-,-,-,t,-,-,-,-,-,-,-,-,-,e,-,-,-,l,-,-,-,u,-,-,-,-,-,-,-,-
sout2859,-,-,-,-,-,-,-,-,-,-,-,-,t,-,-,-,-,-,-,-,-,-,o,-,-,-,l,-,-,-,-,-,-,-,-,-,-,-,-
navu1237,-,-,-,-,-,-,-,-,-,-,-,-,t,-,-,-,-,-,-,-,-,-,o,-,-,-,l,-,-,-,u,-,-,-,-,-,-,-,-
tial1239,-,-,-,-,-,-,-,-,-,-,-,-,t,-,-,-,-,-,-,-,-,-,o,-,-,-,l,-,-,-,u,-,-,-,-,-,-,-,-
akei1237,-,-,-,-,-,-,-,-,-,-,-,-,t,-,-,-,-,-,-,-,-,-,o,-,-,-,l,-,-,-,u,-,-,-,-,-,-,-,-
fort1240,-,-,-,-,-,-,-,-,-,-,-,-,t,-,-,-,-,-,-,-,-,-,o,-,-,-,l,-,-,-,u,-,-,-,-,-,-,-,-
wail1242,-,m,-,-,-,o,-,-,-,-,-,-,t,-,-,-,-,-,-,-,-,-,o,-,-,-,l,-,-,-,u,-,-,-,-,-,-,-,-
mere1242,-,-,-,-,-,-,-,-,-,-,-,-,t,-,-,-,-,-,-,-,-,-,o,-,-,-,l,-,-,-,u,-,-,-,-,-,-,-,-
wusi1237,-,-,-,-,-,-,-,-,-,-,-,-,t,-,-,-,-,-,-,-,-,-,o,-,-,-,l,-,-,-,u,-,-,-,-,-,-,-,-
tolo1255,-,-,-,-,-,-,-,-,-,-,-,-,t,-,-,-,-,-,-,-,-,-,o,-,-,-,l,-,-,-,u,-,-,-,-,-,-,-,-
vuna1239,-,-,-,-,-,-,-,-,-,-,-,-,t,-,-,-,-,-,-,-,-,-,o,-,-,-,l,-,-,-,u,-,-,-,-,-,-,-,-
valp1237,-,-,-,-,-,-,-,-,-,-,-,-,t,-,-,-,-,-,-,-,-,-,o,-,-,-,l,-,-,-,u,-,-,-,-,-,-,-,-
piam1242,-,-,-,-,-,-,-,-,-,-,-,-,t,-,-,-,-,-,-,-,-,-,o,-,-,-,l,-,-,-,u,-,-,-,-,-,-,-,-
tasm1246,-,-,-,-,-,-,-,-,-,-,-,-,t,-,-,-,-,-,-,-,-,-,o,-,-,-,l,-,-,-,u,-,-,-,-,-,-,-,-
noku1237,-,-,-,-,-,-,-,-,-,-,-,-,t,-,-,-,-,-,-,-,-,-,o,-,-,-,l,-,-,-,-,-,-,-,-,-,-,-,-
tang1347,-,m,-,-,-,o,-,-,-,-,-,-,t,-,-,-,-,-,-,-,-,-,o,-,-,-,l,-,-,-,u,-,-,-,-,-,-,-,-
malo1243,-,-,-,-,-,a,-,-,-,-,-,-,t,-,-,-,-,-,-,-,-,-,o,-,-,-,l,-,-,-,u,-,-,-,-,-,-,-,-
arak1252,-,-,-,-,-,-,-,-,-,-,-,-,r,-,-,-,-,-,-,-,-,-,o,-,-,-,l,-,-,-,u,-,-,-,-,-,-,-,-
tutu1241,-,-,-,-,-,e,-,-,-,-,-,-,t,-,-,-,-,-,-,-,-,-,o,-,-,-,l,-,-,-,u,-,-,-,-,-,-,-,-
aore1237,-,-,-,-,-,a,-,-,-,-,-,-,t,-,-,-,-,-,-,-,-,-,o,-,-,-,l,-,-,-,u,-,-,-,-,-,-,-,-
mafe1237,-,-,-,-,-,-,-,-,-,-,-,-,t,-,-,-,-,-,-,-,-,-,o,-,-,-,l,-,-,-,u,-,-,-,-,-,-,-,-
tamb1253,-,-,-,-,-,-,-,-,-,-,-,-,t,-,-,-,-,-,-,-,-,-,o,-,-,-,l,-,-,-,i,-,-,-,-,-,-,-,-
nara1263,-,-,-,-,-,-,-,-,-,-,-,-,t,-,-,-,-,-,-,-,-,-,o,-,-,-,l,-,-,-,-,-,-,-,-,-,-,-,-
moro1286,-,-,-,-,-,-,-,-,-,-,-,-,t,-,-,-,-,-,-,-,-,-,o,-,-,-,l,-,-,-,u,-,-,-,-,-,-,-,-
ambl1237,-,m,-,-,-,o,-,-,-,-,-,-,t,-,-,-,-,-,-,-,-,-,o,-,-,-,l,-,-,-,-,-,-,-,-,-,-,-,-
east2443,-,-,-,-,-,-,-,-,-,-,-,-,t,-,-,-,-,-,-,-,-,-,o,-,-,-,l,-,-,-,u,-,-,-,-,-,-,-,-
west2513,-,k,-,-,-,a,-,-,-,-,-,-,t,-,-,-,-,-,-,-,-,-,o,-,-,-,l,-,-,-,u,-,-,-,-,-,-,-,-
hano1246,-,-,-,-,-,-,-,-,-,-,-,-,t,-,-,-,-,-,-,-,-,-,o,-,-,-,l,-,-,-,u,-,-,-,-,-,-,-,-
cent2058,-,-,-,-,-,-,-,-,-,-,-,-,t,-,-,-,-,-,-,-,-,-,o,-,-,-,l,-,-,-,u,-,-,-,-,-,-,-,-
baet1237,-,-,-,-,-,-,-,-,-,-,-,-,t,-,-,-,-,-,-,-,-,-,o,-,-,-,l,-,-,-,-,-,-,-,-,-,-,-,-
mari1426,-,-,-,-,-,-,-,-,-,-,-,-,t,-,-,-,-,-,-,-,-,-,o,-,-,-,l,-,-,-,u,-,-,-,-,-,-,-,-
rori1237,-,n,-,i,y,e,-,-,-,-,-,-,t,-,-,-,-,-,-,-,-,-,o,-,-,-,l,-,-,-,-,-,-,-,-,-,-,-,-
leha1244,-,b,-,-,-,i,-,-,-,-,T,-,t,-,-,-,-,S,-,-,-,-,E,-,-,-,l,-,-,-,-,-,-,-,-,-,-,-,-
leha1243,-,b,-,-,-,e,-,-,-,-,-,-,t,-,-,-,-,-,-,-,-,-,e,-,-,-,l,-,-,-,-,-,-,-,-,-,-,-,-
motl1237,-,b,-,-,-,i,-,-,-,-,-,-,t,-,-,-,-,-,-,-,-,-,i,-,-,-,l,-,-,-,-,-,-,-,-,-,-,-,-
leme1238,-,b,-,-,-,e,-,-,-,-,-,-,7,-,-,-,-,-,-,-,-,-,e,-,-,-,l,-,-,-,-,-,-,-,-,-,-,-,-
vure1239,-,n,-,-,-,i,-,-,-,-,-,-,t,-,-,-,-,-,-,-,-,-,u,-,-,-,l,-,-,-,-,-,-,-,-,-,-,-,-
vera1241,-,b,-,-,-,o,-,-,-,-,-,-,7,-,-,-,-,-,-,-,-,-,o,-,-,-,l,-,-,-,-,-,-,-,-,-,-,-,-
mota1237,-,-,-,-,-,-,-,-,-,-,-,-,t,-,-,-,-,-,-,-,-,-,o,-,-,-,l,-,-,-,e,-,-,-,-,-,-,-,-
weta1242,-,-,-,-,-,i,-,-,-,-,-,-,t,-,-,-,-,-,-,-,-,-,E,-,-,-,l,-,-,-,-,-,-,-,-,-,-,-,-
nume1241,-,-,-,-,-,i,-,-,-,-,-,-,t,-,-,-,-,-,-,-,-,-,o,-,-,-,l,-,-,-,-,-,-,-,-,-,-,-,-
merl1237,-,-,-,-,-,i,-,-,-,-,-,-,t,-,-,-,-,-,-,-,-,-,o,-,-,-,l,-,-,-,-,-,-,-,-,-,-,-,-
koro1308,-,-,-,-,-,-,-,-,-,-,-,-,t,-,-,-,-,-,-,-,-,-,E,-,-,-,l,-,-,-,-,-,-,-,-,-,-,-,-
lako1245,-,n,-,-,-,i,-,-,-,-,-,-,t,-,-,-,-,-,-,-,-,-,e,-,-,-,l,-,-,-,-,-,-,-,-,-,-,-,-
hiww1237,-,b,-,-,-,i,-,-,-,-,-,-,t,-,-,-,-,-,-,-,-,-,3,-,y,-,d,-,-,-,Z,-,-,-,-,-,-,-,-
loto1240,-,b,-,-,-,u,-,-,-,-,-,-,t,-,-,-,-,-,-,-,-,-,a,-,-,-,l,-,-,-,-,-,-,-,-,-,-,-,-
mara1399,-,-,-,-,-,i,-,-,-,-,-,-,t,-,-,-,-,-,-,-,-,-,3,-,-,-,l,-,-,-,-,-,-,-,-,-,-,-,-
bign1238,-,-,-,-,-,i,-,-,-,-,-,-,t,-,-,-,-,-,-,-,-,-,-,-,-,-,l,-,-,-,-,-,-,-,-,-,-,-,-
nese1235,-,-,-,-,-,-,-,-,-,-,-,-,t,-,-,-,-,-,-,-,-,-,i,-,-,-,l,-,-,-,-,-,-,-,-,-,-,-,-
mpot1241,-,-,-,-,-,-,-,-,-,-,-,-,t,-,-,-,-,-,-,-,-,-,i,-,-,-,l,-,-,-,-,-,-,-,-,-,-,-,-
mpot1241,-,-,-,-,-,-,-,-,-,-,-,-,t,-,-,-,-,-,-,-,-,-,i,-,-,-,l,-,-,-,-,-,-,-,-,-,-,-,-
malu1245,-,-,-,-,-,i,-,-,-,-,-,-,t,-,-,-,-,-,-,-,-,-,i,-,-,-,l,-,-,-,-,-,-,-,-,-,-,-,-
malu1245,-,-,-,-,-,-,-,-,-,-,-,-,t,-,-,-,-,-,-,-,-,-,i,-,-,-,l,-,-,-,-,-,-,-,-,-,-,-,-
malu1245,-,-,-,-,-,i,-,-,-,-,-,-,t,-,-,-,-,-,-,-,-,-,i,-,-,-,l,-,-,-,-,-,-,-,-,-,-,-,-
malu1245,-,-,-,-,-,i,-,-,-,-,-,-,t,-,-,-,-,-,-,-,-,-,i,-,-,-,l,-,-,-,-,-,-,-,-,-,-,-,-
maee1241,-,-,-,-,-,i,-,-,-,-,-,-,t,-,-,-,-,-,-,-,-,-,i,-,-,-,l,-,-,-,-,-,-,-,-,-,-,-,-
vaoo1237,-,x,-,-,-,E,-,-,-,-,-,-,t,-,-,-,-,-,-,-,-,-,u,-,-,-,l,-,-,-,-,-,-,-,-,-,-,-,-
nasa1240,-,-,-,-,-,i,-,-,-,-,-,-,t,-,-,-,-,-,-,-,-,-,-,-,-,-,L,-,-,-,-,-,-,-,-,-,-,-,-
dixo1238,-,-,-,-,-,i,-,-,-,-,-,-,t,-,-,-,-,-,-,-,-,-,-,-,-,-,L,-,-,-,-,-,-,-,-,-,-,-,-
lete1241,-,-,-,-,-,i,-,-,-,-,-,-,t,-,-,-,-,-,-,-,-,-,-,-,-,-,l,-,-,-,-,-,-,-,-,-,-,-,-
labo1244,-,-,-,-,-,-,-,-,-,-,-,-,t,-,-,-,-,-,-,-,-,-,-,-,-,-,l,-,-,-,-,-,-,-,-,-,-,-,-
litz1237,-,-,-,-,-,i,-,-,-,-,-,-,t,-,-,-,-,-,-,-,-,-,3,-,-,-,l,-,-,-,-,-,-,-,-,-,-,-,-
vinm1237,-,-,-,-,-,i,-,-,-,-,-,-,t,-,-,-,-,-,-,-,-,-,-,-,-,-,l,-,-,-,-,-,-,-,-,-,-,-,-
lare1249,-,-,-,-,-,-,-,-,-,-,-,-,t,-,-,-,-,-,-,-,-,-,E,-,-,-,l,-,-,-,-,-,-,-,-,-,-,-,-
malf1237,-,-,-,-,-,i,-,-,-,-,-,-,t,-,-,-,-,-,-,-,-,-,3,-,-,-,l,-,-,-,-,-,-,-,-,-,-,-,-
navw1234,-,-,-,-,-,i,-,-,-,-,n,-,d,-,-,-,-,-,-,-,-,-,i,-,-,-,l,-,-,-,-,-,-,-,-,-,-,-,-
sout2857,-,-,-,-,-,-,-,-,-,-,-,-,t,-,-,-,-,-,-,-,-,-,u,-,-,-,l,-,-,-,-,-,-,-,-,-,-,-,-
nati1244,-,-,-,-,-,i,-,-,-,-,-,-,t,-,-,-,-,-,-,-,-,-,3,-,-,-,l,-,-,-,-,-,-,-,-,-,-,-,-
ling1265,-,-,-,-,-,i,-,-,-,-,-,-,t,-,-,-,-,-,-,-,-,-,-,-,-,-,L,-,-,-,-,-,-,-,-,-,-,-,-
niti1249,-,-,-,-,-,i,-,-,-,-,-,-,t,-,-,-,-,-,-,-,-,-,-,-,-,-,L,-,-,-,-,-,-,-,-,-,-,-,-
katb1237,-,-,-,-,-,i,-,-,-,-,-,-,t,-,-,-,-,-,-,-,-,-,-,-,-,-,l,-,-,-,-,-,-,-,-,-,-,-,-
unua1237,-,x,-,-,-,E,-,-,-,-,-,-,t,-,-,-,-,-,-,-,-,-,E,-,-,-,Z,-,-,-,-,-,-,-,-,-,-,-,-
wala1267,-,-,-,-,-,e,-,-,-,-,-,-,t,-,-,-,-,-,-,-,-,-,i,-,-,-,l,-,-,-,-,-,-,-,-,-,-,-,-
nisv1234,-,-,-,-,-,-,-,-,-,-,-,-,n,-,-,-,-,-,-,-,-,-,a,-,r,-,l,-,-,-,-,-,-,-,-,-,-,-,-
nasv1234,-,-,-,-,-,-,-,-,-,-,-,-,-,-,-,-,-,-,-,-,-,-,i,-,r,-,l,-,-,-,-,-,-,-,-,-,-,-,-
nasv1234,-,-,-,-,-,-,-,-,-,-,-,-,n,-,-,-,-,-,-,-,-,-,a,-,r,-,l,-,-,-,-,-,-,-,-,-,-,-,-
axam1237,-,-,-,-,-,-,-,-,-,-,-,-,-,-,-,-,-,-,-,-,-,-,a,-,r,u,r,-,-,-,-,-,-,-,-,-,-,-,-
avok1244,-,-,-,-,-,-,-,-,-,-,-,-,-,-,-,-,-,-,-,-,-,-,o,-,r,E,r,-,-,-,-,-,-,-,-,-,-,-,-
port1285,-,-,-,-,-,-,-,-,-,-,-,-,-,-,-,-,-,-,-,-,-,-,E,-,r,o,i,-,-,-,-,-,-,-,-,-,-,-,-
mask1242,-,-,-,-,-,i,-,-,-,-,-,-,8,-,-,-,-,-,-,-,-,-,o,-,-,-,r,-,-,-,-,-,-,-,-,-,-,-,-
aulu1238,-,-,-,-,-,i,-,-,-,-,n,-,d,-,-,-,-,-,-,-,-,-,i,-,-,-,L,-,-,-,-,-,-,-,-,-,-,-,-
aulu1238,-,-,-,-,-,-,-,-,-,-,n,-,d,-,-,-,-,-,-,-,-,-,i,-,-,-,l,-,-,-,-,-,-,-,-,-,-,-,-
bwen1239,-,-,-,-,-,i,-,-,-,-,n,-,d,-,-,-,-,-,-,-,-,-,i,-,-,-,l,-,-,-,-,-,-,-,-,-,-,-,-
burm1263,-,-,-,-,-,e,-,-,-,-,-,-,t,-,-,-,-,-,-,-,-,-,E,-,-,-,r,-,-,-,-,-,-,-,-,-,-,-,-
leip1237,-,m,-,-,-,a,-,-,-,-,T,-,t,-,-,-,-,s,-,-,-,-,u,-,-,-,l,-,-,-,o,-,-,-,-,-,-,h,-
loni1238,-,m,-,-,-,a,-,-,-,-,T,-,t,-,-,-,-,s,-,-,-,-,o,-,-,-,l,-,-,-,o,-,-,-,-,-,-,h,-
papi1254,-,m,-,-,-,a,-,-,-,-,-,-,t,-,-,-,-,-,-,-,-,-,a,-,-,-,l,-,-,-,a,-,-,-,-,-,-,h,-
tita1241,-,-,-,-,-,-,-,-,-,-,-,-,t,-,-,-,-,-,-,-,-,-,a,-,-,-,l,-,-,-,o,-,-,-,-,-,-,-,-
moke1240,-,m,-,-,-,a,-,d,-,-,y,-,d,-,-,-,-,Z,-,-,-,-,a,-,-,-,l,-,-,-,o,-,-,-,-,-,-,-,-
kele1258,-,-,-,-,-,-,-,-,-,-,-,-,d,-,-,-,-,-,-,-,-,-,a,-,-,-,l,-,-,-,o,-,-,-,-,-,-,h,-
pona1250,-,-,-,-,-,-,-,-,-,-,-,-,t,-,-,-,-,-,-,-,-,-,a,-,-,-,l,-,-,-,o,-,-,-,-,-,-,f,-
andr1248,-,-,-,-,-,-,-,-,-,-,-,-,t,-,-,-,-,-,-,-,-,-,a,-,-,-,l,-,-,-,o,-,-,-,-,-,-,h,-
nali1245,-,m,-,-,-,a,-,-,-,-,-,-,r,-,-,-,-,-,-,-,-,-,o,-,y,-,d,-,-,Z,o,-,-,-,-,-,-,-,-
sori1242,-,-,-,-,-,-,-,-,-,-,-,-,d,-,-,-,-,-,-,-,-,-,o,-,r,-,r,-,-,-,o,-,-,-,-,-,-,p,-
herm1237,-,-,-,-,-,-,-,-,-,-,-,-,t,-,-,-,-,-,-,-,-,-,a,-,r,-,r,-,-,-,o,-,-,-,-,-,-,p,-
bipi1237,-,-,-,-,-,-,-,-,-,-,-,-,d,-,-,-,-,-,-,-,-,-,a,-,-,-,l,-,-,-,o,-,-,-,-,-,-,-,-
louu1245,-,-,-,-,-,-,-,-,-,-,-,-,t,-,-,-,-,-,-,-,-,-,e,-,-,-,l,-,-,-,i,-,-,-,-,-,-,p,-
naun1237,-,-,-,-,-,-,-,-,-,-,-,-,t,-,-,-,-,-,-,-,-,-,u,-,-,-,l,-,-,-,u,-,-,-,-,-,-,h,-
balu1257,-,-,-,-,-,-,-,-,-,-,-,-,t,-,-,-,-,-,-,-,-,-,u,-,-,-,l,-,-,-,i,-,-,-,-,-,-,p,-
pakt1239,-,-,-,-,-,-,-,-,-,-,-,-,d,-,-,-,-,-,-,-,-,-,u,-,-,-,l,-,-,-,u,-,-,-,-,-,-,h,-
kheh1237,-,-,-,-,-,-,-,-,-,-,-,-,t,-,-,-,-,-,-,-,-,-,o,-,-,-,l,-,-,-,o,-,-,-,-,-,-,h,-
liku1243,-,-,-,-,-,-,-,-,-,-,-,-,t,-,-,-,-,-,-,-,-,-,a,-,-,-,l,-,-,-,o,-,-,-,-,-,-,h,-
nyin1250,-,-,-,-,-,-,-,-,-,-,-,-,t,-,-,-,-,-,-,-,-,-,a,-,-,-,l,-,-,-,o,-,-,-,-,-,-,h,-
tulu1259,-,-,-,-,-,-,-,-,-,-,-,-,d,-,-,-,-,-,-,-,-,-,o,-,-,-,l,-,-,-,o,-,-,-,-,-,-,-,-
seim1238,-,-,-,-,-,-,-,-,-,-,-,-,t,-,-,-,-,-,-,-,-,-,o,-,-,-,l,u,-,h,u,-,-,-,-,-,-,-,-
wuvu1240,-,-,-,-,-,-,-,-,-,-,-,-,-,-,-,-,-,-,-,-,-,-,o,-,-,-,l,-,-,-,u,-,-,-,-,-,-,-,-
kayu1243,-,-,-,-,-,-,-,-,-,-,-,-,t,-,-,-,-,-,-,-,-,-,o,-,-,-,r,-,-,-,u,-,-,-,-,-,-,-,-
biak1248,-,-,-,-,-,-,-,-,-,-,-,-,k,-,-,-,-,i,-,-,-,-,o,-,-,-,r,-,-,-,-,-,-,-,-,-,-,-,-
waro1242,-,-,-,-,-,-,-,-,-,-,-,-,-,-,-,-,-,-,-,-,-,-,o,-,-,-,r,-,-,-,o,-,-,-,-,-,-,-,-
amba1265,-,b,-,-,-,o,-,-,-,-,-,-,t,-,-,-,-,-,-,-,-,-,o,-,-,-,r,-,-,-,u,-,-,-,-,-,-,-,-
wand1267,-,-,-,-,-,-,-,-,-,-,-,-,t,-,-,-,-,-,-,-,-,-,o,-,-,-,r,-,-,-,u,-,-,-,-,-,-,-,-
morm1235,-,-,-,-,-,-,-,-,-,-,-,-,7,-,-,-,-,-,-,-,-,-,o,-,-,-,r,-,-,-,o,-,-,-,-,-,-,-,-
matb1237,-,-,-,-,-,-,-,-,-,-,-,-,t,-,-,-,-,-,-,-,-,-,o,-,-,-,l,-,-,-,-,-,-,-,-,-,-,-,-
gebe1237,-,p,-,-,-,i,-,-,-,-,-,-,t,-,-,-,-,-,-,-,-,-,o,-,-,-,l,-,-,-,-,-,-,-,-,-,-,-,-
asss1237,-,-,-,-,-,-,-,-,-,-,-,-,t,-,-,-,-,-,-,-,-,-,u,-,-,-,-,-,-,-,-,-,-,-,-,-,-,-,-
gane1237,-,p,-,-,-,-,-,-,-,-,-,-,t,-,-,-,-,-,-,-,-,-,o,-,-,-,l,-,-,-,-,-,-,-,-,-,-,-,-
buli1255,-,-,-,-,-,-,-,-,-,-,-,-,t,-,-,-,-,-,-,-,-,-,o,-,-,-,l,-,-,-,-,-,-,-,-,-,-,-,-
irar1238,-,-,-,-,-,-,-,-,-,-,-,-,t,-,-,-,-,-,-,-,-,-,o,-,-,-,r,-,-,-,-,-,-,-,-,-,-,-,-
sapo1253,-,-,-,-,-,-,-,-,-,-,-,-,f,-,-,-,-,-,-,-,-,-,o,-,p,i,s,-,-,-,-,-,-,-,-,-,-,-,-
hako1237,-,-,-,-,-,-,-,-,-,-,-,-,t,-,-,-,-,-,-,-,-,-,o,-,p,i,s,-,-,-,a,-,-,-,-,-,-,-,-
hali1244,-,-,-,-,-,-,-,-,-,-,-,-,-,-,-,-,-,-,-,-,-,-,-,-,p,i,s,-,-,-,a,-,-,-,-,-,-,-,-
solo1257,-,-,-,-,-,-,-,-,-,-,-,-,h,-,-,-,-,-,-,-,-,-,u,a,p,i,s,-,-,-,-,-,-,-,-,-,-,-,-
bann1247,-,-,-,-,-,-,-,-,-,-,-,-,d,-,-,-,-,-,-,-,-,-,a,-,p,i,s,-,-,-,a,-,-,-,-,-,-,-,-
lawu1237,-,-,-,-,-,-,-,-,-,-,-,-,t,-,-,-,-,-,-,-,-,-,o,-,p,i,s,-,-,-,a,-,-,-,-,-,-,-,-
neha1247,-,-,-,-,-,-,-,-,-,-,-,-,t,-,-,-,-,-,-,-,-,-,o,-,-,-,w,-,-,-,o,-,-,-,-,-,-,n,-
tora1259,-,-,-,-,-,e,-,-,-,-,-,-,p,-,-,-,-,-,-,-,-,-,-,-,-,i,s,-,-,-,a,-,-,-,-,-,-,-,-
aluu1243,-,-,-,-,-,e,-,-,-,-,-,-,p,-,-,-,-,-,-,-,-,-,-,-,-,i,s,-,-,-,a,-,-,-,-,-,-,-,-
urua1242,-,-,-,-,-,-,-,-,-,-,-,-,-,-,-,-,-,-,-,-,-,-,-,-,-,-,t,-,-,-,o,-,-,-,-,-,-,r,u
rovi1238,-,-,-,-,-,-,-,-,-,-,-,-,N,-,-,-,-,-,-,-,-,-,-,-,-,e,t,-,-,-,a,-,-,-,-,-,-,-,-
ughe1237,-,-,-,-,-,-,-,-,-,-,-,-,N,-,-,-,-,-,-,-,-,-,-,-,-,e,t,-,-,-,a,-,-,-,-,-,-,-,-
duke1237,-,-,-,-,-,-,-,-,-,-,-,-,-,-,-,-,-,-,-,-,-,-,-,-,-,-,k,-,-,-,u,-,-,-,-,-,-,h,e
hoav1238,-,-,-,-,-,-,-,-,-,-,-,-,h,-,-,-,-,-,-,-,-,-,-,-,-,i,k,-,-,-,e,-,-,-,-,-,-,-,-
kusa1251,-,-,-,-,-,-,-,-,-,-,-,-,N,-,-,-,-,-,-,-,-,-,-,-,-,E,t,-,-,-,a,-,-,-,-,-,-,-,-
maro1244,-,-,-,-,-,-,-,-,-,-,-,-,h,-,-,-,-,-,-,-,-,-,-,-,-,i,k,-,-,-,e,-,-,-,-,-,-,-,-
vang1243,-,-,-,-,-,-,-,-,-,-,-,-,h,-,-,-,-,-,-,-,-,-,-,-,-,i,k,-,-,-,e,-,-,-,-,-,-,-,-
kubo1244,-,-,-,-,-,-,-,-,-,-,-,-,k,-,-,-,-,-,-,-,-,-,-,-,-,u,-,-,-,-,e,-,-,-,-,-,-,-,-
lung1249,-,-,-,-,-,-,-,-,-,-,-,-,k,-,-,-,-,-,-,-,-,-,-,-,-,u,-,-,-,-,e,-,-,-,-,-,-,-,-
simb1256,-,-,-,-,-,-,-,-,-,-,-,-,-,-,-,-,-,-,-,-,-,-,-,-,-,u,-,-,-,-,e,-,-,-,-,-,-,-,-
sisi1250,-,-,-,-,-,-,-,-,-,-,-,-,t,-,-,-,-,-,-,-,-,-,u,-,-,-,l,-,-,-,u,-,-,-,-,-,-,-,-
seng1280,-,-,-,-,-,-,-,-,-,-,-,-,t,-,-,-,-,-,-,-,-,-,u,-,-,-,l,-,-,-,u,-,-,-,-,-,-,-,-
riri1237,-,p,-,-,-,i,-,-,-,-,-,-,s,-,-,-,-,-,-,-,-,-,a,-,-,-,-,-,-,-,-,-,-,-,-,-,-,-,-
vagh1249,-,-,-,-,-,-,-,-,-,-,-,-,k,-,-,-,-,-,-,-,-,-,a,-,p,-,-,-,-,-,3,-,-,-,-,-,-,-,-
vari1239,-,-,-,-,-,-,-,-,-,-,-,-,k,-,-,-,-,-,-,-,-,-,a,-,p,i,s,-,-,-,a,-,-,-,-,-,-,-,-
zaba1237,-,l,-,-,-,i,-,-,-,-,-,-,t,-,-,-,-,-,-,-,-,-,o,-,-,-,x,-,-,-,u,-,-,-,-,-,-,-,-
lagh1246,-,l,-,-,-,i,-,-,-,-,-,-,t,-,-,-,-,-,-,-,-,-,o,-,-,-,-,-,-,-,-,-,-,-,-,-,-,-,-
zaza1245,-,-,-,-,-,-,-,-,-,-,-,-,t,-,-,-,-,h,-,-,-,-,i,-,-,-,l,-,-,-,o,-,-,-,-,-,-,-,-
blab1237,-,-,-,-,-,-,-,-,-,-,-,-,t,-,-,-,-,h,-,-,-,-,i,-,-,-,l,-,-,-,o,-,-,-,-,-,-,-,-
koko1269,-,-,-,-,-,-,-,-,-,-,-,-,t,-,-,-,-,-,-,-,-,-,i,-,-,-,l,o,-,-,u,-,-,-,-,-,-,-,-
gaoo1237,-,-,-,-,-,-,-,-,-,-,-,-,t,-,-,-,-,h,-,-,-,-,o,-,-,-,l,-,-,-,u,-,-,-,-,-,-,-,-
mari1427,-,-,-,-,-,-,-,-,-,-,-,-,t,-,-,-,-,h,-,-,-,-,i,-,-,-,l,-,-,-,o,-,-,-,-,-,-,-,i
suau1242,-,-,-,-,-,-,-,-,-,-,-,-,h,a,-,-,-,i,-,-,-,-,o,-,-,-,n,-,-,-,a,-,-,-,-,-,-,-,-
sali1295,-,-,-,-,-,-,-,-,-,-,-,-,h,a,e,i,e,i,-,-,-,-,o,-,-,-,n,-,-,-,a,-,-,-,-,-,-,-,-
bwan1241,-,-,-,-,-,-,-,-,-,-,-,-,h,a,-,i,-,i,-,y,-,-,o,-,-,-,n,-,-,-,a,-,-,-,-,-,-,-,-
bwan1241,-,-,-,-,-,-,-,-,-,-,-,-,t,-,-,-,-,-,-,-,-,-,o,-,-,-,n,-,-,-,u,-,-,-,-,-,-,g,a
oyao1237,-,-,-,-,-,-,-,-,-,-,-,-,t,-,-,-,-,-,-,-,-,-,o,-,-,-,l,-,-,-,u,-,-,-,-,-,-,-,-
auhe1237,-,-,-,-,-,-,-,-,-,-,-,-,t,-,-,-,-,-,-,-,-,-,o,-,-,-,n,-,-,-,u,-,-,-,-,-,-,g,a
buhu1237,-,-,-,-,-,-,-,-,-,-,-,-,f,a,-,-,-,i,-,h,-,-,o,-,-,-,n,-,-,-,a,-,-,-,-,-,-,-,-
misi1243,-,-,-,-,-,e,-,-,-,-,-,-,t,-,-,-,-,-,-,-,-,-,o,-,-,-,n,-,-,-,-,-,-,-,-,-,-,-,-
moli1248,-,-,-,-,-,-,-,-,-,-,-,-,t,-,-,-,-,-,-,-,-,-,o,-,-,-,-,-,-,-,i,-,-,-,-,-,-,-,-
dobu1241,-,7,-,-,-,e,-,-,-,-,-,-,t,-,-,-,-,-,-,-,-,-,o,-,-,-,-,-,-,-,i,-,-,-,-,-,-,-,-
buna1276,-,7,-,-,-,e,-,-,-,-,-,-,t,-,-,-,-,-,-,-,-,-,o,-,-,-,-,-,-,-,i,-,-,-,-,-,-,-,-
guma1254,-,-,-,-,-,-,-,-,-,-,-,-,t,-,-,-,-,-,-,-,-,-,o,-,-,-,-,-,-,-,i,-,-,-,-,-,-,-,-
bwai1243,-,-,-,-,-,-,-,-,-,-,-,-,t,-,-,-,-,-,-,-,-,-,o,-,-,-,-,-,-,-,i,-,-,-,-,-,-,-,-
idun1242,-,-,-,-,-,-,-,-,-,-,-,-,t,-,-,-,-,-,-,-,-,-,o,-,-,-,h,-,-,-,i,i,-,-,-,-,-,y,e
diod1237,-,-,-,-,-,-,-,-,-,-,-,-,t,-,-,-,-,-,-,-,-,-,o,-,-,-,-,-,-,-,i,i,-,-,-,-,-,y,e
iama1237,-,7,-,a,-,i,-,-,-,-,-,-,t,-,-,-,-,-,-,-,-,-,o,-,-,-,n,-,-,-,u,-,-,-,-,-,-,-,-
kolu1245,-,-,-,-,-,-,-,-,-,-,-,-,t,-,-,-,-,-,-,-,-,-,o,-,-,-,n,-,-,-,u,-,-,-,-,-,-,-,-
mina1269,-,-,-,a,-,i,-,-,-,-,-,-,t,-,-,-,-,-,-,-,-,-,o,-,-,-,n,-,-,-,u,-,-,-,-,-,-,-,-
gapa1238,-,-,-,-,-,-,-,-,-,-,-,-,-,-,-,-,-,-,-,-,-,-,a,-,-,-,r,-,-,-,o,-,-,-,-,-,-,b,a
ghay1237,-,-,-,-,-,-,-,-,-,-,-,-,-,-,-,-,-,-,-,-,-,-,a,-,-,-,r,-,-,-,o,-,-,-,-,-,-,b,a
anuk1239,-,-,-,-,-,-,-,-,-,-,-,-,-,-,-,-,-,-,-,-,-,-,a,-,-,-,r,-,-,-,o,-,-,-,-,-,-,b,a
tawa1275,-,-,-,-,-,-,-,-,-,-,-,-,t,-,-,-,-,-,-,-,-,-,o,-,-,-,n,-,-,-,u,-,-,-,-,-,-,g,a
weda1241,-,-,-,-,-,-,-,-,-,-,-,-,t,-,-,-,-,-,-,-,-,-,o,-,-,-,n,-,-,-,u,-,-,-,-,-,-,x,a
ubir1237,-,-,-,-,-,-,-,-,-,-,-,-,t,-,-,-,-,-,-,-,-,-,o,-,-,-,n,-,-,-,-,-,-,-,-,-,-,-,-
kili1267,-,-,-,-,-,-,-,-,-,-,-,-,t,-,-,-,-,-,-,-,-,-,o,-,-,-,l,-,-,-,u,-,-,-,-,-,-,-,-
muyu1244,-,k,w,e,-,i,-,-,-,-,-,-,t,-,-,-,-,-,-,-,-,-,o,-,-,-,-,-,-,-,u,-,-,-,-,-,-,n,-
motu1246,-,-,-,-,-,-,-,-,-,-,-,-,t,-,-,-,-,-,-,-,-,-,o,-,-,-,-,-,-,-,i,-,-,-,-,-,-,-,-
tour1243,-,-,-,-,-,-,-,-,-,-,-,-,k,-,-,-,-,-,-,-,-,-,o,-,-,-,-,-,-,-,i,-,-,-,-,-,-,-,-
kuni1263,-,-,-,-,-,-,-,-,-,-,-,-,k,-,-,-,-,-,-,-,-,-,o,-,-,-,-,-,-,-,i,-,-,-,-,-,-,-,-
lala1268,-,-,-,-,-,-,-,-,-,-,-,-,k,-,-,-,-,-,-,-,-,-,o,-,-,-,-,-,-,-,i,-,-,-,-,-,-,-,-
abad1241,-,-,-,-,-,-,-,-,-,-,-,-,k,-,-,-,-,-,-,-,-,-,o,-,-,-,-,-,-,-,i,-,-,-,-,-,-,-,-
bala1307,-,-,-,-,-,-,-,-,-,-,-,-,t,-,-,-,-,-,-,-,-,-,o,-,-,i,t,o,-,-,i,-,-,-,-,-,-,-,-
hula1239,-,-,-,-,-,-,-,-,-,-,-,-,k,-,-,-,-,-,-,-,-,-,o,-,-,i,k,o,-,-,i,-,-,-,-,-,-,-,-
meke1243,-,-,-,-,-,-,-,-,-,-,-,-,-,-,-,-,-,-,-,-,-,-,o,-,-,i,s,-,-,-,o,-,-,-,-,-,-,-,-
mago1248,-,-,-,a,-,i,-,-,-,-,-,-,t,-,-,-,-,-,-,-,-,-,e,-,-,-,r,-,-,-,i,-,-,-,-,-,-,-,-
pulu1242,-,-,-,-,-,i,-,-,-,-,-,-,y,-,-,-,-,-,-,-,-,-,e,-,-,-,l,-,-,-,i,i,-,-,-,-,-,k,-
pulu1242,-,-,-,-,-,i,-,-,-,-,-,-,y,-,-,-,-,-,-,-,-,-,e,-,-,-,l,-,-,-,u,-,-,-,-,-,-,-,-
pulu1242,-,-,-,-,-,i,-,-,-,-,-,-,y,-,-,-,-,e,-,-,-,-,e,-,-,-,l,u,-,-,u,-,-,-,-,-,-,-,-
pulu1242,-,-,-,-,-,i,-,-,-,-,-,-,y,e,-,-,-,e,-,-,-,-,e,-,-,-,l,-,-,-,-,-,-,-,-,-,-,-,-
sata1237,-,-,-,-,-,i,-,-,-,-,-,-,y,-,-,-,-,e,-,-,-,-,e,-,-,-,l,u,-,-,u,-,-,-,-,-,-,-,-
sata1237,-,-,-,-,-,i,-,-,-,-,-,-,y,e,-,-,-,e,-,-,-,-,e,-,-,-,l,-,-,-,-,-,-,-,-,-,-,-,-
chuu1238,-,w,-,-,-,u,-,-,-,-,-,-,-,-,-,-,-,-,-,-,-,-,u,-,-,-,n,u,-,-,u,-,-,-,-,-,-,-,-
chuu1238,-,7,-,e,-,e,-,-,-,-,-,-,7,-,-,-,-,e,-,-,-,-,e,-,-,-,n,-,-,-,-,-,-,-,-,-,-,-,-
wole1240,-,-,-,-,-,-,-,-,-,-,-,-,s,-,-,-,-,-,-,-,-,-,e,-,-,-,l,-,-,-,i,i,-,-,-,-,-,k,e
wole1240,-,-,-,-,-,-,-,-,-,-,-,-,s,-,-,-,-,-,-,-,-,-,e,-,-,-,l,-,-,-,i,-,-,-,-,-,-,-,-
wole1240,-,-,-,-,-,i,-,-,-,-,-,-,y,-,-,-,-,-,-,-,-,-,e,-,-,-,l,-,-,-,i,-,-,-,-,-,-,-,-
mort1237,-,-,-,-,-,-,-,-,-,-,-,-,-,-,-,-,-,-,-,-,-,-,E,-,-,-,l,-,-,-,u,-,-,-,-,-,-,w,-
pulo1240,-,-,-,-,-,-,-,-,-,-,-,-,d,-,-,-,-,e,-,-,-,-,e,-,-,-,n,i,i,k,i,-,-,-,-,-,-,-,-
pulo1240,-,-,-,-,-,-,-,-,-,-,-,-,d,-,-,-,-,e,-,-,-,-,e,-,-,-,n,-,-,-,i,-,-,-,-,-,-,-,-
mars1254,-,-,-,-,-,y,-,-,-,-,-,-,d,-,-,-,-,Z,-,-,-,-,i,-,-,-,l,-,-,-,i,-,-,-,-,-,-,w,-
mars1254,-,-,-,-,-,y,-,-,-,-,-,-,d,-,-,-,-,Z,-,-,-,-,i,-,-,-,l,-,-,-,i,-,-,-,-,-,-,-,-
pohn1238,-,-,-,-,-,-,-,-,-,-,-,-,s,-,-,-,-,-,-,-,-,-,i,-,-,-,l,-,-,-,u,-,-,-,-,-,-,h,-
ping1243,-,-,-,-,-,e,-,-,-,-,-,-,s,-,-,-,-,-,-,-,-,-,i,-,-,-,l,-,-,-,-,-,-,-,-,-,-,-,-
ping1243,-,-,-,-,-,-,-,-,-,-,-,-,s,-,-,-,-,-,-,-,-,-,i,-,-,-,l,-,-,-,u,-,-,-,-,-,-,-,-
moki1238,-,-,-,-,-,y,-,-,-,-,-,-,d,-,-,-,-,Z,-,-,-,-,i,-,-,-,l,-,-,-,u,-,-,-,-,-,-,-,-
moki1238,-,-,-,-,-,y,-,-,-,-,-,-,d,-,-,-,-,Z,-,-,-,-,i,-,-,-,l,-,-,-,-,-,-,-,-,-,-,-,-
moki1238,-,-,-,-,-,y,-,-,-,-,-,-,d,-,-,-,-,Z,-,-,-,-,i,-,-,-,l,-,-,-,i,-,-,-,-,-,-,-,-
moki1238,-,-,-,-,-,y,-,-,-,-,-,-,d,-,-,-,-,Z,-,-,-,-,i,-,-,-,l,-,-,-,-,-,-,-,-,-,-,-,-
kosr1238,-,-,-,-,-,-,-,-,-,-,-,-,t,-,-,-,-,-,-,-,-,-,o,-,-,-,l,-,-,-,-,-,-,-,-,-,-,-,-
kosr1238,-,-,-,-,-,-,-,-,-,-,-,-,t,-,-,-,-,-,-,-,-,-,o,-,-,-,l,-,-,-,-,-,-,-,-,-,-,-,-
kosr1238,-,-,-,-,-,-,-,-,-,-,-,-,t,-,-,-,-,-,-,-,-,-,o,-,-,-,l,-,-,-,u,-,-,-,-,-,-,-,-
ulit1238,-,-,-,-,-,-,-,-,-,-,-,-,s,-,-,-,-,i,-,-,-,-,u,-,-,-,l,-,-,-,-,-,-,-,-,-,-,-,-
gilb1244,-,-,-,-,-,-,-,-,-,-,-,-,t,-,-,-,-,-,-,-,-,-,e,-,-,-,n,-,-,-,u,u,-,-,-,-,-,-,a
naur1243,-,-,-,a,-,i,-,-,-,-,y,-,d,-,-,-,-,-,-,-,-,-,-,-,-,-,Z,-,-,-,u,-,-,-,-,-,-,-,-
yape1248,-,-,-,-,-,-,-,-,-,-,-,-,d,-,-,-,-,-,-,-,-,-,a,-,-,-,l,-,-,-,i,-,-,-,-,-,-,p,-
bebe1252,-,-,-,-,-,-,-,-,-,-,-,-,m,-,-,-,-,-,-,-,-,-,i,-,-,-,-,-,-,-,o,-,-,-,-,-,-,k,-
avau1237,-,-,-,-,-,-,-,-,-,-,-,-,m,-,-,-,-,o,-,-,-,-,i,-,-,-,y,-,-,-,o,-,-,-,-,-,-,k,-
akol1237,-,-,-,-,-,-,-,-,-,-,-,-,m,-,-,-,-,-,-,-,-,-,i,-,-,-,-,-,-,-,o,w,-,-,-,-,-,k,-
mang1403,-,-,-,-,-,-,-,-,-,-,-,-,m,-,-,-,-,-,-,-,-,-,e,-,-,-,-,-,-,-,-,-,-,-,-,-,-,-,-
kaul1240,-,-,-,-,-,-,-,-,-,-,-,-,m,-,-,-,-,i,-,-,-,-,i,-,-,-,y,-,-,-,u,-,-,-,-,-,-,k,-
seng1281,-,-,-,-,-,-,-,-,-,-,-,-,m,-,-,-,-,-,-,-,-,-,i,-,-,-,-,-,-,-,o,-,-,-,-,-,-,k,-
lamo1244,-,-,-,-,-,i,-,-,-,-,-,-,t,-,-,-,-,-,-,-,-,-,-,-,-,-,l,u,-,-,u,-,-,-,-,-,-,-,-
mouk1239,-,-,-,-,-,e,-,-,-,-,-,-,t,-,-,-,-,-,-,-,-,-,-,-,-,-,l,-,-,-,u,-,-,-,-,-,-,-,-
amar1272,-,-,-,-,-,-,-,-,-,-,-,-,t,-,-,-,-,-,-,-,-,-,e,-,-,-,l,-,-,-,-,-,-,-,-,-,-,-,-
lore1244,-,-,-,-,-,-,-,-,-,-,-,-,t,-,-,-,-,-,-,-,-,-,3,-,-,-,n,-,-,-,-,-,-,-,-,-,-,-,-
shar1244,-,-,-,-,-,-,-,-,-,-,-,-,t,-,-,-,-,-,-,-,-,-,E,-,-,-,n,-,-,-,-,-,-,-,-,-,-,-,-
butm1237,-,f,-,-,-,i,-,-,-,-,-,-,t,-,-,-,-,-,-,-,-,-,o,-,-,-,l,-,-,-,-,-,-,-,-,-,-,-,-
polo1242,-,f,-,-,-,a,-,-,-,-,-,-,t,-,-,-,-,-,-,-,-,-,o,-,-,-,l,-,-,-,-,-,-,-,-,-,-,-,-
saka1289,-,-,-,-,-,-,-,-,-,-,-,-,8,-,-,-,-,-,-,-,-,-,E,-,-,-,l,-,-,-,-,-,-,-,-,-,-,-,-
pate1247,-,-,-,-,-,-,-,-,-,-,-,-,-,-,-,-,-,-,-,-,-,-,i,-,-,-,y,-,-,-,o,-,-,-,-,-,-,n,-
hote1245,-,-,-,-,-,-,-,-,-,-,-,-,-,-,-,-,-,-,-,-,-,-,-,-,-,-,l,-,-,-,u,-,-,-,-,-,-,-,-
asum1237,-,-,-,-,-,-,-,-,-,-,-,-,t,-,-,-,-,-,-,-,-,-,o,-,-,-,-,-,-,-,u,-,-,-,-,-,-,-,-
tani1255,-,-,-,-,-,-,-,-,-,-,-,-,n,-,-,-,-,-,-,b,-,-,o,-,k,-,w,-,-,-,o,-,-,-,-,-,-,-,-
amba1266,-,-,-,-,-,-,-,-,-,-,-,-,t,-,-,-,-,-,-,-,-,-,-,-,-,-,h,-,-,-,o,-,-,-,-,-,-,-,-
tean1237,-,-,-,-,-,-,-,-,-,-,-,-,t,-,-,-,-,-,-,-,-,-,e,-,-,-,t,-,-,-,e,-,-,-,-,-,-,-,-
vano1237,-,-,-,-,-,-,-,-,-,-,-,-,t,-,-,-,-,-,-,-,-,-,e,-,-,-,l,-,-,-,u,-,-,-,-,-,-,-,-
tane1237,-,-,-,-,-,-,-,-,-,-,-,-,-,-,-,-,-,-,-,-,-,-,a,-,-,-,-,-,-,-,o,-,-,-,-,-,-,-,-
nang1262,-,l,-,-,-,o,-,-,-,-,-,-,t,-,-,-,-,-,-,-,-,-,-,-,-,-,-,-,-,-,u,-,-,-,-,-,-,i,-
malo1246,-,-,-,-,-,-,-,-,-,-,-,-,t,-,-,-,-,-,-,-,-,-,-,-,-,-,-,-,-,-,u,-,-,-,-,-,-,i,-
siee1239,n,d,-,-,-,e,-,-,-,-,-,-,h,-,-,-,-,-,-,-,-,-,e,-,-,-,l,-,-,-,-,-,-,-,-,-,-,-,-
urav1235,-,N,-,-,g,e,-,-,-,-,-,-,h,-,-,-,-,-,-,-,-,-,-,-,-,-,l,-,-,-,i,-,-,-,-,-,-,-,-
anei1239,-,-,-,-,-,e,-,-,-,-,-,-,s,-,-,-,-,-,-,-,-,-,e,-,y,-,d,-,-,-,Z,-,-,-,-,-,-,-,-
lena1238,-,k,-,-,-,3,-,-,-,-,-,-,s,-,-,-,-,i,-,-,-,-,-,-,-,-,l,-,-,-,-,-,-,-,-,-,-,-,-
sout2869,-,k,-,-,-,3,-,-,-,-,-,-,s,-,-,-,-,i,-,s,-,-,3,-,-,-,l,-,-,-,-,-,-,-,-,-,-,-,-
kwam1252,-,k,-,-,-,a,-,-,-,-,-,-,h,-,-,-,-,-,-,-,-,-,a,-,-,-,r,-,-,-,-,-,-,-,-,-,-,-,-
nort2847,-,k,-,-,-,3,-,-,-,-,-,-,s,-,-,-,-,-,-,-,-,-,3,-,-,-,l,-,-,-,-,-,-,-,-,-,-,-,-
whit1269,-,k,-,-,-,3,-,-,-,-,-,-,s,-,-,-,-,-,-,-,-,-,3,-,-,-,l,-,-,-,-,-,-,-,-,-,-,-,-
dehu1237,-,-,-,-,-,-,-,-,-,-,-,-,k,-,-,-,-,-,-,-,-,-,o,-,-,E,n,i,-,t,e,-,-,-,-,-,-,-,-
iaai1238,-,-,-,-,-,-,-,-,-,-,-,-,k,-,-,-,-,-,-,-,-,-,-,-,-,-,-,-,-,-,u,-,-,-,-,-,-,n,-
neng1238,-,-,-,-,-,-,-,-,-,-,-,-,t,-,-,-,-,-,-,-,-,-,i,-,-,-,n,-,-,-,i,-,-,-,-,-,-,-,-
kuma1276,-,-,-,-,-,-,-,-,-,-,-,-,x,-,-,-,-,-,-,-,-,-,a,-,-,-,n,-,-,-,-,-,-,-,-,-,-,-,-
kuma1276,-,-,-,-,-,-,-,-,-,-,-,-,g,-,-,-,-,-,-,-,-,-,a,-,-,-,n,-,-,-,-,-,-,-,-,-,-,-,-
nyal1254,-,p,-,-,w,a,-,-,-,-,y,d,Z,-,-,-,-,-,-,-,-,-,e,-,-,-,n,-,-,-,-,-,-,-,-,-,-,-,-
yuag1237,-,p,-,-,-,o,-,-,-,-,-,-,k,-,-,-,-,-,-,-,-,-,o,-,-,-,-,-,-,-,-,-,-,-,-,-,-,-,-
nemi1240,-,-,-,-,-,-,-,-,-,-,-,-,7,-,-,-,-,e,-,Z,-,-,e,-,-,-,n,-,-,-,-,-,-,-,-,-,-,-,-
fwai1237,-,-,-,-,-,-,-,-,-,-,-,-,7,-,-,-,-,e,-,Z,-,-,e,-,-,-,n,-,-,-,-,-,-,-,-,-,-,-,-
pwaa1237,-,-,-,-,-,-,-,-,-,-,-,-,7,-,-,-,-,i,-,Z,-,-,e,-,-,-,n,-,-,-,-,-,-,-,-,-,-,-,-
pije1237,-,-,-,-,-,-,-,-,-,-,-,-,7,-,-,-,-,i,-,-,-,-,e,-,-,-,n,-,-,-,-,-,-,-,-,-,-,-,-
pwap1237,-,-,-,-,-,-,-,-,-,-,-,-,p,o,-,-,-,e,T,t,s,-,e,-,-,-,n,-,-,-,-,-,-,-,-,-,-,-,-
jawe1237,-,-,-,-,-,-,-,-,-,-,-,-,s,-,-,-,-,-,-,-,-,-,e,-,-,-,n,-,-,-,-,-,-,-,-,-,-,-,-
hmwa1243,-,-,-,-,-,-,-,-,-,-,-,-,t,7,-,-,-,i,-,-,-,-,e,-,-,-,n,-,-,-,-,-,-,-,-,-,-,-,-
have1241,-,-,-,-,-,-,-,-,-,-,-,-,t,7,-,-,-,i,-,-,-,-,e,-,-,-,n,-,-,-,-,-,-,-,-,-,-,-,-
haek1239,-,-,-,-,-,-,-,-,-,-,-,-,t,7,-,-,-,i,-,-,-,-,e,-,-,-,n,-,-,-,-,-,-,-,-,-,-,-,-
waam1236,-,-,-,-,-,-,-,-,-,-,-,-,l,7,-,-,-,i,-,-,-,-,e,-,-,-,n,-,-,-,-,-,-,-,-,-,-,-,-
vama1243,-,-,-,-,-,-,-,-,-,-,-,-,t,7,-,-,-,i,-,-,-,-,e,-,-,-,n,-,-,-,-,-,-,-,-,-,-,-,-
cemu1238,-,-,-,-,-,-,-,-,-,-,-,-,T,-,-,-,-,i,-,-,-,-,e,-,-,-,-,-,-,-,-,-,-,-,-,-,-,-,-
caac1237,-,-,-,-,-,e,-,-,-,-,T,-,t,s,-,-,-,-,-,-,-,-,i,-,-,-,n,-,-,-,-,-,-,-,-,-,-,-,-
bala1316,-,p,-,-,-,a,-,-,-,-,-,-,t,-,-,-,-,-,-,-,-,-,e,-,-,-,n,-,-,-,-,-,-,-,-,-,-,-,-
paic1239,-,-,-,-,-,e,e,r,e,e,T,-,t,s,-,-,-,i,-,e,-,-,e,-,-,-,-,-,-,-,-,-,-,-,-,-,-,-,-
xara1244,-,b,-,-,-,a,-,-,-,-,-,-,s,S,-,-,-,-,-,-,-,-,e,-,-,-,-,-,-,-,-,-,-,-,-,-,-,-,-
xara1243,n,b,-,-,-,a,-,-,-,-,-,-,r,S,-,-,-,-,-,-,-,-,e,-,-,-,-,-,-,-,-,-,-,-,-,-,-,-,-
tiri1258,-,-,-,-,-,a,-,-,-,-,-,-,r,S,-,-,-,i,-,l,-,-,i,-,-,-,-,-,-,-,-,-,-,-,-,-,-,-,-
neku1237,-,k,-,-,-,e,-,-,-,-,-,-,-,-,-,-,-,-,-,r,-,-,e,-,-,-,-,-,-,-,-,-,-,-,-,-,-,-,-
orow1242,-,k,-,-,-,e,-,-,-,-,-,-,r,-,-,-,-,e,-,r,-,-,e,-,-,-,-,-,-,-,-,-,-,-,-,-,-,-,-
arha1237,-,k,-,-,-,e,-,-,-,-,-,-,-,-,-,-,-,-,-,r,-,-,e,-,-,-,-,-,-,-,-,-,-,-,-,-,-,-,-
arho1237,-,k,-,-,-,a,-,-,-,-,-,-,r,-,-,-,-,e,-,r,-,-,e,-,-,-,-,-,-,-,-,-,-,-,-,-,-,-,-
houa1234,-,k,-,-,-,a,-,-,-,-,-,-,r,-,-,-,-,i,-,r,-,-,i,-,-,-,-,-,-,-,-,-,-,-,-,-,-,-,-
zire1240,-,-,-,-,-,a,-,-,-,-,-,-,r,S,-,-,-,i,-,r,-,-,i,-,-,-,-,-,-,-,-,-,-,-,-,-,-,-,-
dumb1241,-,p,-,-,-,e,-,-,-,-,-,-,t,i,-,i,-,i,-,x,e,-,3,-,-,-,-,-,-,-,-,-,-,-,-,-,-,-,-
nume1242,n,b,-,-,-,e,-,-,-,-,-,-,t,-,-,-,-,-,-,-,-,-,i,-,-,-,-,-,-,-,-,-,-,-,-,-,-,-,-
