language,x1,x2,x3,x4,x5,x6,x7,x8,x9,x10,x11,x12,x13,x14,x15,x16,x17,x18,x19,x20,x21,x22,x23,x24,x25,x26,x27,x28,x29,x30,x31,x32,x33,x34,x35,x36,x37,x38
kapp1237,-,-,-,-,-,-,s,-,-,-,-,-,a,-,-,-,-,-,-,-,-,-,-,-,-,-,i,-,-,-,-,-,-,-,-,-,-,-
mala1487,-,-,-,-,-,-,s,-,-,-,-,-,o,-,-,-,-,-,-,-,-,-,-,-,-,-,e,-,-,-,-,-,-,-,-,-,-,-
mala1487,-,-,-,-,-,-,s,-,-,-,-,-,o,-,-,-,-,-,-,-,-,-,-,-,-,-,e,-,-,-,-,-,-,-,-,-,-,-
sioo1240,-,-,-,-,-,-,s,-,-,-,-,-,o,-,-,-,-,-,-,-,-,-,-,-,-,-,m,-,-,-,-,-,-,-,-,-,-,-
sioo1240,-,-,-,-,-,-,s,-,-,-,-,-,o,-,-,-,-,-,-,-,-,-,-,-,-,-,m,-,-,-,-,-,-,-,-,-,-,-
numb1247,-,-,-,-,-,-,s,-,-,-,-,-,a,-,-,-,w,-,-,-,-,-,-,-,-,-,a,-,-,-,-,-,-,-,-,-,-,-
tami1290,-,-,-,-,-,-,s,-,-,-,-,-,a,-,-,-,-,-,-,-,-,-,-,-,-,-,u,-,-,-,-,-,-,-,-,-,-,-
mutu1242,-,-,-,-,-,-,s,-,-,-,-,-,-,-,-,-,-,-,-,-,-,-,-,-,-,-,a,-,-,-,-,-,-,-,-,-,-,-
gitu1237,-,-,-,-,-,-,s,-,-,-,-,-,a,-,-,-,b,-,-,-,-,-,-,-,-,-,a,-,-,-,-,-,-,-,-,-,-,-
mala1489,-,-,-,-,-,-,s,-,-,-,-,-,-,-,-,-,-,-,-,-,-,-,-,-,-,-,a,-,-,-,-,-,-,-,-,-,-,-
mbul1263,-,-,-,-,-,-,s,-,-,-,-,-,-,-,-,-,-,-,-,-,-,-,-,-,-,-,o,-,-,-,-,-,-,-,-,-,-,-
kove1237,-,-,-,-,-,-,s,-,-,-,-,-,a,-,-,-,u,-,-,-,-,-,-,-,-,-,a,-,-,-,-,-,-,-,-,-,-,-
bari1286,-,-,-,-,-,-,s,-,-,-,-,-,a,-,-,-,o,-,-,-,-,-,-,-,-,-,a,-,-,-,-,-,-,-,-,-,-,-
male1289,-,-,n,-,a,-,s,-,-,-,-,-,a,-,-,-,-,-,-,-,-,-,-,-,-,-,e,-,-,-,-,-,-,-,-,-,-,-
taki1248,-,-,-,-,a,-,t,-,-,-,-,-,-,-,-,-,-,-,-,-,-,-,-,-,-,-,a,-,-,-,-,-,-,-,-,-,-,-
geda1237,-,-,-,-,a,i,t,-,-,-,-,-,-,-,-,-,-,-,-,-,-,-,-,-,-,-,-,-,-,-,-,-,-,-,-,-,-,-
wabb1237,-,-,-,-,-,-,s,-,-,-,-,-,-,-,-,-,-,-,-,-,-,-,-,-,-,-,o,-,-,-,m,-,-,-,-,-,-,-
wabb1237,-,-,-,-,-,-,s,-,-,-,-,-,-,-,-,-,-,-,-,-,-,-,-,-,-,-,o,-,-,-,m,-,-,-,-,-,-,-
ronj1237,-,-,-,-,-,-,s,-,-,-,-,-,a,-,-,-,x,-,-,-,-,a,-,-,i,t,a,-,-,-,-,-,-,-,-,-,-,-
ronj1237,-,-,-,-,-,-,s,-,-,-,-,-,a,-,-,-,x,-,-,-,-,a,-,-,i,t,a,-,-,-,-,-,-,-,-,-,-,-
ronj1237,-,-,-,-,-,-,s,-,-,-,-,-,a,-,-,-,b,-,-,-,-,a,-,-,-,x,a,-,-,-,i,-,-,-,-,-,-,-
nana1258,-,-,-,-,-,-,-,-,-,-,-,-,a,-,-,-,-,-,-,-,-,-,-,-,i,t,a,-,-,-,-,-,-,-,-,-,-,-
onto1237,-,-,-,-,-,-,k,-,-,-,-,-,e,-,-,-,-,-,-,-,-,-,-,-,-,-,a,-,-,-,-,-,-,-,-,-,-,-
onto1237,-,-,-,-,-,-,-,-,-,-,-,-,e,-,-,-,-,-,-,-,-,-,-,-,-,-,a,-,-,-,-,-,-,-,-,-,-,-
taku1257,-,-,-,-,-,-,-,-,-,-,-,-,-,-,-,-,-,-,-,-,-,-,-,-,-,-,a,-,-,-,-,-,-,-,-,-,-,-
sika1261,-,-,-,-,-,-,-,-,-,-,-,-,-,-,-,-,-,-,-,-,-,-,-,-,-,-,a,-,-,-,-,-,-,-,-,-,-,-
nuku1259,-,-,-,-,-,-,h,-,-,-,-,-,e,-,-,-,-,-,-,-,-,-,-,-,-,-,a,-,-,-,-,-,-,-,-,-,-,-
nuku1260,-,-,-,-,-,-,-,-,-,-,-,-,a,-,-,-,h,-,-,-,-,-,-,-,-,-,a,-,-,-,-,-,-,-,-,-,-,-
kapi1249,-,-,-,-,-,-,-,-,-,-,-,-,a,-,-,-,h,-,-,-,-,-,-,-,-,-,a,-,-,-,-,-,-,-,-,-,-,-
samo1305,-,-,-,-,-,-,-,-,-,-,-,-,-,-,-,-,7,o,l,e,-,a,-,-,-,-,a,-,-,-,-,-,-,-,-,-,-,-
nort2844,-,-,-,-,-,-,-,-,-,-,-,-,-,-,-,-,-,-,-,-,-,-,-,-,-,-,a,-,-,-,-,-,-,-,-,-,-,-
tiko1237,-,-,-,-,-,-,-,-,-,-,-,-,-,-,-,-,-,-,-,-,-,-,-,-,-,-,a,-,-,-,-,-,-,-,-,-,-,-
anut1237,-,-,-,-,-,-,-,-,-,-,-,-,-,-,-,-,-,-,-,-,-,-,-,-,-,-,a,-,-,-,-,-,-,-,-,-,-,-
east2447,-,-,-,-,-,-,-,-,-,-,-,-,-,-,-,-,-,-,-,-,-,-,-,-,-,-,a,-,-,-,-,-,-,-,-,-,-,-
wall1257,-,-,-,-,-,-,-,-,-,-,-,-,-,-,-,-,-,-,-,-,-,-,-,-,-,-,a,-,-,-,-,-,-,-,-,-,-,-
tong1325,-,-,-,-,-,-,-,-,-,-,-,-,-,-,-,-,h,-,-,-,-,a,-,-,-,-,a,-,-,-,-,-,-,-,-,-,-,-
niue1239,-,-,-,-,-,-,-,-,-,-,-,-,-,-,-,-,h,-,-,-,-,-,-,-,-,-,a,-,-,-,-,-,-,-,-,-,-,-
emae1237,-,-,-,-,-,-,-,-,-,-,-,-,-,-,-,-,-,-,-,-,-,-,-,-,-,-,a,-,-,-,-,-,-,-,-,-,-,-
mung1271,-,-,-,-,-,-,-,-,-,-,-,-,-,-,-,-,-,-,-,-,-,-,-,-,-,-,a,-,-,-,-,-,-,-,-,-,-,-
futu1245,-,-,-,-,-,-,-,-,-,-,-,-,a,-,-,-,h,-,-,-,-,-,-,-,-,-,a,-,-,-,-,-,-,-,-,-,-,-
futu1245,-,-,-,-,-,-,-,-,-,-,-,-,-,-,-,-,h,-,-,-,-,-,-,-,-,-,a,-,-,-,-,-,-,-,-,-,-,-
futu1245,-,-,-,-,-,-,t,-,-,-,-,-,a,-,-,-,h,-,-,-,-,-,-,-,-,-,a,-,-,-,-,-,-,-,-,-,-,-
west2516,-,-,-,-,-,-,-,-,-,-,-,-,-,-,-,-,h,-,-,-,-,e,-,-,-,-,a,-,-,-,-,-,-,-,-,-,-,-
mele1250,-,-,-,-,-,-,-,-,-,-,-,-,a,-,-,-,f,-,-,-,-,-,-,-,-,-,a,-,-,-,-,-,-,-,-,-,-,-
toke1240,-,-,-,-,-,-,-,-,-,-,-,-,-,-,-,-,-,-,-,-,-,-,-,-,-,-,a,-,-,-,-,-,-,-,-,-,-,-
pile1238,-,-,-,-,-,-,-,-,-,-,-,-,-,-,-,-,-,-,-,-,-,-,-,-,-,-,a,-,-,-,-,-,-,-,-,-,-,-
raro1241,-,-,-,-,-,-,-,-,-,-,-,-,a,-,-,-,7,-,-,-,-,a,-,-,-,-,a,-,-,-,-,-,-,-,-,-,-,-
penr1237,-,-,-,-,-,-,-,-,-,-,-,-,a,-,-,-,h,-,-,-,-,-,-,-,-,-,a,-,-,-,-,-,-,-,-,-,-,-
tuam1242,-,-,-,-,-,-,-,-,-,-,-,-,a,-,-,-,h,-,-,-,-,-,-,-,-,-,a,-,-,-,-,-,-,-,-,-,-,-
mang1401,-,-,-,-,-,-,-,-,-,-,-,-,a,-,-,-,7,-,-,-,-,-,-,-,-,-,a,-,-,-,-,-,-,-,-,-,-,-
raka1237,-,-,-,-,-,-,e,-,-,-,-,-,a,-,-,-,h,-,-,-,-,-,-,-,-,-,a,-,-,-,-,-,-,-,-,-,-,-
maor1246,-,-,-,-,-,-,-,-,-,-,-,-,a,-,-,-,h,-,-,-,-,-,-,-,-,-,a,-,-,-,-,-,-,-,-,-,-,-
rapa1244,-,-,-,-,-,-,-,-,-,-,-,-,a,-,-,-,h,-,-,-,-,-,-,-,-,-,a,-,-,-,-,-,-,-,-,-,-,-
puka1242,-,-,-,-,-,-,-,-,-,-,-,-,-,-,-,-,w,-,-,-,-,e,-,-,-,-,a,-,-,-,-,-,-,-,-,-,-,-
nort2845,-,-,-,-,-,-,-,-,-,-,-,-,a,-,-,-,h,-,-,-,-,-,-,-,-,-,a,-,-,-,-,-,-,-,-,-,-,-
ruru1237,-,-,-,-,-,-,-,-,-,-,-,-,a,-,-,-,7,-,-,-,-,-,-,-,-,-,a,-,-,-,-,-,-,-,-,-,-,-
tahi1242,-,-,-,-,-,-,-,-,-,-,-,-,a,-,-,-,h,-,-,-,-,-,-,-,-,-,a,-,-,-,-,-,-,-,-,-,-,-
hawa1245,-,-,-,-,-,-,-,-,-,-,-,-,a,-,-,-,h,-,-,-,-,-,-,-,-,-,a,-,-,-,-,-,-,-,-,-,-,-
nuku1258,-,-,-,-,-,-,-,-,-,-,-,-,-,-,-,-,h,-,-,-,-,e,-,-,-,-,a,-,-,-,-,-,-,-,-,-,-,-
niua1240,-,-,-,-,-,-,-,-,-,-,-,-,a,-,-,-,-,-,-,-,-,-,-,-,-,-,a,-,-,-,-,-,-,-,-,-,-,-
bauu1243,-,-,-,-,-,-,T,-,-,-,-,-,a,-,-,-,v,-,-,-,-,-,-,-,-,-,a,-,-,-,-,-,-,-,-,-,-,-
west2519,-,-,-,-,-,-,n,-,-,-,-,-,a,T,t,-,s,-,-,-,-,-,-,-,-,-,a,-,-,-,-,-,-,-,-,-,-,-
muss1248,-,-,-,-,-,-,-,-,-,-,-,-,-,-,-,-,s,-,-,-,-,-,-,-,-,-,a,-,-,-,-,-,-,-,-,-,-,-
bola1250,-,-,-,-,-,-,r,-,-,-,-,-,-,-,-,-,-,-,-,-,-,-,-,-,-,-,a,-,-,-,-,-,-,-,-,-,-,-
bulu1253,-,-,-,-,i,-,r,-,-,-,-,-,-,-,-,-,-,-,-,-,-,-,-,-,-,-,a,-,-,-,-,-,-,-,-,-,-,-
mudu1242,-,-,-,-,-,-,n,-,-,-,-,-,a,d,d,-,i,-,-,-,-,-,-,-,-,-,a,-,-,-,-,-,-,-,-,-,-,-
unea1237,-,-,-,-,-,-,n,-,-,-,-,-,a,-,-,-,i,-,-,-,-,-,-,-,-,-,a,-,-,-,-,-,-,-,-,-,-,-
naka1262,-,-,-,-,-,-,l,-,-,-,-,-,a,-,-,-,v,-,-,-,-,-,-,-,-,-,a,-,-,-,-,-,-,-,-,-,-,-
naka1262,-,-,-,-,-,-,r,-,-,-,-,-,o,-,-,-,v,-,-,-,-,-,-,-,-,-,a,-,-,-,-,-,-,-,-,-,-,-
mera1242,-,-,-,-,-,-,s,-,-,-,-,-,a,-,-,-,v,-,-,-,-,-,-,-,-,-,a,-,-,-,-,-,-,-,-,-,-,-
dori1246,-,-,-,-,a,-,t,-,-,-,-,-,a,-,-,-,-,-,-,-,-,-,-,-,-,-,a,-,-,-,-,-,-,-,-,-,-,-
wala1266,-,-,-,-,-,-,t,-,-,-,-,-,a,-,-,-,-,-,-,-,-,-,-,-,-,-,a,-,-,-,-,-,-,-,-,-,-,-
wala1266,-,-,-,-,-,-,t,-,-,-,-,-,a,-,-,-,-,-,-,-,-,-,-,-,-,-,a,-,-,-,-,-,-,-,-,-,-,-
lauu1247,-,-,-,-,-,-,t,-,-,-,-,-,a,-,-,-,f,-,-,-,-,-,-,-,-,-,a,-,-,-,-,-,-,-,-,-,-,-
lauu1247,-,-,-,-,-,-,t,-,-,-,-,-,a,-,-,-,-,-,-,-,-,-,-,-,-,-,a,-,-,-,-,-,-,-,-,-,-,-
lauu1247,-,-,-,-,-,-,t,-,-,-,-,-,a,-,-,-,-,-,-,-,-,-,-,-,-,-,a,-,-,-,-,-,-,-,-,-,-,-
kwar1239,-,-,-,-,-,-,t,-,-,-,-,-,a,-,-,-,-,-,-,-,-,-,-,-,-,-,e,-,-,-,-,-,-,-,-,-,-,-
kwar1239,-,-,-,-,-,-,t,-,-,-,-,-,a,-,-,-,-,-,-,-,-,-,-,-,-,-,e,-,-,-,-,-,-,-,-,-,-,-
baeg1237,-,-,-,-,-,-,t,-,-,-,-,-,-,-,-,-,-,-,-,-,-,-,-,-,-,-,o,-,-,-,-,-,-,-,-,-,-,-
baeg1237,-,-,-,-,-,-,t,-,-,-,-,-,-,-,-,-,-,-,-,-,-,-,-,-,-,-,o,-,-,-,-,-,-,-,-,-,-,-
fata1245,-,-,-,-,-,-,t,-,-,-,-,-,e,-,-,-,-,-,-,-,-,-,-,-,-,-,e,-,-,-,-,-,-,-,-,-,-,-
fata1245,-,-,-,-,-,-,t,-,-,-,-,-,e,-,-,-,-,-,-,-,-,-,-,-,-,-,e,-,-,-,-,-,-,-,-,-,-,-
toab1237,-,-,-,-,-,-,t,-,-,-,-,-,-,-,-,-,-,-,-,-,-,-,-,-,-,-,a,-,-,-,-,-,-,-,-,-,-,-
toab1237,-,-,-,-,-,-,t,-,-,-,-,-,-,-,-,-,-,-,-,-,-,-,-,-,-,-,a,-,-,-,-,-,-,-,-,-,-,-
toab1237,-,-,-,-,-,-,t,-,-,-,-,-,-,-,-,-,-,-,-,-,-,-,-,-,-,-,a,-,-,-,-,-,-,-,-,-,-,-
toab1237,-,-,-,-,-,-,t,-,-,-,-,-,-,-,-,-,-,-,-,-,-,-,-,-,-,-,a,-,-,-,-,-,-,-,-,-,-,-
bael1237,-,-,n,-,a,-,t,-,-,-,-,-,-,-,-,-,-,-,-,-,-,-,-,-,-,-,a,-,a,-,e,-,-,-,-,-,-,-
bael1237,-,-,n,-,a,-,t,-,-,-,-,-,-,-,-,-,-,-,-,-,-,-,-,-,-,-,a,-,a,-,e,-,-,-,-,-,-,-
gula1270,-,-,-,-,-,-,t,-,-,-,-,-,a,-,-,-,-,-,-,-,-,-,-,-,-,-,a,-,-,-,-,-,-,-,-,-,-,-
gula1270,-,-,-,-,-,-,t,-,-,-,-,-,a,-,-,-,-,-,-,-,-,-,-,-,-,-,a,-,-,-,-,-,-,-,-,-,-,-
oroh1237,-,-,-,-,-,-,t,-,-,-,-,-,a,-,-,-,-,-,-,-,-,-,-,-,-,-,a,-,-,-,-,-,-,-,-,-,-,-
oroh1237,-,-,-,-,-,-,t,-,-,-,-,-,a,-,-,-,-,-,-,-,-,-,-,-,-,-,a,-,-,-,-,-,-,-,-,-,-,-
area1240,-,-,-,-,a,-,t,-,-,-,-,-,a,-,-,-,-,-,-,-,-,-,-,-,-,-,a,-,-,-,-,-,-,-,-,-,-,-
saaa1240,-,-,N,-,a,-,t,-,-,-,-,-,a,-,-,-,-,-,-,-,-,-,-,-,-,-,a,-,-,-,-,-,-,-,-,-,-,-
rihu1237,-,-,-,-,-,-,t,-,-,-,-,-,a,-,-,-,h,-,-,-,-,-,-,-,-,-,a,-,-,-,-,-,-,-,-,-,-,-
haun1237,-,-,-,-,-,-,t,-,-,-,-,-,a,-,-,-,h,-,-,-,-,-,-,-,-,-,a,-,-,-,-,-,-,-,-,-,-,-
kahu1241,-,-,-,-,a,-,t,-,-,-,-,-,-,-,-,-,-,-,-,-,-,-,-,-,-,-,a,-,-,-,-,-,-,-,-,-,-,-
sant1413,-,-,-,-,-,-,t,-,-,-,-,-,-,-,-,-,-,-,-,-,-,-,-,-,-,-,a,-,-,-,-,-,-,-,-,-,-,-
sant1413,-,-,-,-,-,-,t,-,-,-,-,-,-,-,-,-,-,-,-,-,-,-,-,-,-,-,a,-,-,-,-,-,-,-,-,-,-,-
aros1241,-,-,-,-,-,-,t,-,-,-,-,-,a,-,-,-,h,-,-,-,-,-,-,-,-,-,a,-,-,-,-,-,-,-,-,-,-,-
tolo1254,-,-,-,-,-,-,s,a,-,-,-,-,a,-,-,-,v,-,-,-,-,-,-,-,-,-,a,-,-,-,-,-,-,-,-,-,-,-
tolo1254,-,-,-,-,-,-,s,-,-,-,-,-,a,-,-,-,v,-,-,-,-,-,-,-,-,-,a,-,-,-,-,-,-,-,-,-,-,-
bira1254,-,-,-,-,-,-,s,-,-,-,-,-,a,-,-,-,v,-,-,-,-,-,-,-,-,-,a,-,-,-,-,-,-,-,-,-,-,-
tand1254,-,-,-,-,-,-,n,-,-,-,-,-,a,-,-,-,h,-,-,-,-,u,-,-,-,-,a,-,-,-,-,-,-,-,-,-,-,-
mala1484,-,-,-,-,-,-,n,-,-,-,-,-,a,-,-,-,h,-,-,-,-,u,-,-,-,-,a,-,-,-,-,-,-,-,-,-,-,-
leng1259,-,-,-,-,-,-,n,-,-,-,-,-,a,-,-,-,8,-,-,-,-,-,-,-,-,-,a,-,-,-,-,-,-,-,-,-,-,-
leng1259,-,-,-,-,-,-,n,-,-,-,-,-,a,-,-,-,8,-,-,-,-,-,-,-,-,-,a,-,-,-,-,-,-,-,-,-,-,-
bugh1239,-,-,-,-,-,-,h,-,-,-,-,-,a,-,-,-,v,-,-,-,-,-,-,-,-,-,a,-,-,-,-,-,-,-,-,-,-,-
gela1263,-,-,-,-,-,-,h,-,-,-,-,-,a,-,-,-,v,-,-,-,-,-,-,-,-,-,a,-,-,-,-,-,-,-,-,-,-,-
taba1261,-,-,-,-,-,-,m,-,-,-,-,-,i,-,-,-,s,-,-,-,-,-,-,-,-,-,a,-,-,-,7,-,-,-,-,-,-,-
lihi1237,-,-,-,-,-,-,-,-,-,-,-,-,-,-,-,-,s,-,-,-,-,-,-,-,-,-,a,-,-,-,-,-,-,-,-,-,-,-
tang1348,-,-,-,-,-,-,-,-,-,-,-,-,-,-,-,-,s,-,-,-,-,-,-,-,-,-,a,-,-,-,-,-,-,-,-,-,-,-
siar1238,-,-,-,-,-,-,-,-,-,-,-,-,e,p,-,-,s,-,-,-,-,-,-,-,-,-,a,-,-,-,h,-,-,-,-,-,-,-
labe1239,-,-,-,-,-,-,-,-,-,-,-,-,-,-,-,-,s,-,-,-,-,-,-,-,-,-,a,-,-,-,-,-,-,-,-,-,-,-
kand1301,-,-,-,-,-,-,-,-,-,-,-,-,a,-,-,-,s,-,-,-,-,-,-,-,-,-,a,-,-,-,o,-,-,-,-,-,-,-
ramo1244,-,-,-,-,-,-,-,-,-,-,-,-,a,-,-,-,v,-,-,-,-,-,-,-,-,-,a,-,-,-,-,-,-,-,-,-,-,-
patp1243,-,-,-,-,-,-,-,-,-,-,-,-,a,-,-,-,s,-,-,-,-,-,-,-,-,-,a,-,-,-,-,-,-,-,-,-,-,-
patp1243,-,-,-,-,-,-,-,-,-,-,-,-,-,-,-,-,s,-,-,-,-,-,-,-,-,-,a,-,-,-,-,-,-,-,-,-,-,-
kuan1248,-,-,-,-,-,-,d,-,-,-,-,-,a,-,-,-,v,-,-,-,-,-,-,-,-,-,e,-,-,-,-,-,-,-,-,-,-,-
mini1251,-,-,-,-,-,-,-,-,-,-,-,-,a,-,-,-,s,-,-,-,-,-,-,-,-,-,a,-,-,-,-,-,-,-,-,-,-,-
bilu1244,-,-,-,-,-,-,-,-,-,-,-,-,-,-,-,-,-,-,-,-,-,-,-,-,-,-,a,-,-,-,-,-,-,-,-,-,-,-
nali1244,-,-,-,-,-,-,-,-,-,-,-,-,a,-,-,-,z,-,-,-,-,-,-,-,-,-,e,-,-,-,-,-,-,-,-,-,-,-
west2524,-,-,-,-,-,-,-,-,-,-,-,-,a,-,-,-,s,-,-,-,-,-,-,-,-,-,o,-,-,-,-,-,-,-,-,-,-,-
tian1237,-,-,-,-,-,-,-,-,-,-,-,-,-,-,-,-,s,-,-,-,-,-,-,-,-,-,a,-,-,-,-,-,-,-,-,-,-,-
tiga1245,-,-,-,-,-,-,-,-,-,-,-,-,a,-,-,-,s,-,-,-,-,-,-,-,-,-,o,-,-,-,-,-,-,-,-,-,-,-
tung1290,-,-,-,-,-,-,-,-,-,-,-,-,-,-,-,-,s,-,-,-,-,-,-,-,-,-,a,-,-,-,-,-,-,-,-,-,-,-
tung1290,-,-,-,-,-,-,-,-,-,-,-,-,a,-,-,-,s,-,-,-,-,-,-,-,-,-,a,-,-,-,-,-,-,-,-,-,-,-
lamu1255,-,-,-,-,-,-,-,-,-,-,-,-,e,-,-,-,s,-,-,-,-,-,-,-,-,-,a,-,-,-,-,-,-,-,-,-,-,-
baro1253,-,-,-,-,-,-,l,-,-,-,-,-,a,-,-,-,s,-,-,-,-,-,-,-,-,-,a,-,-,-,-,-,-,-,-,-,-,-
lewo1242,-,i,y,-,a,-,k,-,-,-,-,-,a,-,-,-,r,-,-,-,-,-,-,-,-,-,a,-,-,-,-,-,-,-,-,-,-,-
lewo1242,-,i,y,-,a,-,k,-,-,-,-,-,a,-,-,-,r,-,-,-,-,-,-,-,-,-,a,-,-,-,-,-,-,-,-,-,-,-
lewo1242,-,i,y,-,a,-,k,-,-,-,-,-,a,-,-,-,r,-,-,-,-,-,-,-,-,-,a,-,-,-,-,-,-,-,-,-,-,-
lame1260,-,-,-,-,-,-,-,-,-,-,-,-,i,-,-,-,-,-,-,-,-,-,-,-,-,-,3,-,-,-,-,-,-,-,-,-,-,-
bier1244,-,-,-,-,-,-,-,-,-,-,-,-,i,-,-,-,-,-,-,-,-,-,-,-,-,-,a,-,-,-,-,-,-,-,-,-,-,-
bier1246,-,-,-,-,-,-,-,-,-,-,-,-,a,-,-,-,b,-,-,-,-,-,-,-,-,-,a,-,-,-,-,-,-,-,-,-,i,-
ngun1274,-,-,n,-,a,-,s,-,-,-,-,-,a,-,-,-,v,-,-,-,-,-,-,-,-,-,a,-,-,-,-,-,-,-,-,-,-,-
lele1267,-,-,n,-,-,-,s,-,-,-,-,-,-,-,-,-,f,-,-,-,-,-,-,-,-,-,a,-,-,-,-,-,-,-,-,-,-,-
sout2856,-,-,n,-,a,-,-,-,-,-,-,-,-,-,-,-,f,-,-,-,-,-,-,-,-,t,e,-,-,-,-,-,-,-,-,-,-,-
sout2856,-,-,n,-,a,-,-,-,-,-,-,-,-,-,-,-,f,-,-,-,-,-,-,-,-,t,e,-,-,-,-,-,-,-,-,-,-,-
sout2856,-,-,n,-,a,-,-,-,-,-,-,-,-,-,-,-,f,-,-,-,-,-,-,-,-,t,e,-,-,-,-,-,-,-,-,-,-,-
eton1255,-,-,-,-,-,-,s,-,-,-,-,-,e,-,-,-,f,-,-,-,-,-,-,-,-,-,e,-,-,-,-,-,-,-,-,-,-,-
nama1268,-,-,-,-,-,-,h,-,-,-,-,-,e,-,-,-,v,-,-,-,-,-,-,-,-,-,e,-,-,-,-,-,-,-,-,-,-,-
orko1234,-,-,-,-,-,-,s,-,-,-,-,-,o,-,-,-,w,-,-,-,-,-,-,-,-,-,e,-,-,-,-,-,-,-,-,-,-,-
orko1234,-,-,-,-,-,-,s,-,-,-,-,-,o,-,-,-,w,-,-,-,-,-,-,-,-,-,e,-,-,-,-,-,-,-,-,-,-,-
port1286,-,-,-,-,-,-,s,-,-,-,-,-,u,-,-,-,-,-,-,-,-,-,-,-,-,-,e,-,-,-,-,-,-,-,-,-,-,-
port1286,-,-,-,-,-,-,s,-,-,-,-,-,u,-,-,-,-,-,-,-,-,-,-,-,-,-,e,-,-,-,-,-,-,-,-,-,-,-
lonw1238,-,-,-,-,-,-,s,-,-,-,-,-,-,-,-,-,-,-,-,-,-,-,-,-,-,-,a,-,-,-,-,-,-,-,-,-,-,-
nort2839,-,-,-,-,-,-,h,-,-,-,-,-,-,-,-,-,-,-,-,-,-,-,-,-,-,-,a,-,-,-,-,-,-,-,-,-,-,-
daka1243,-,-,-,-,-,-,s,-,-,-,-,-,e,-,-,-,w,-,-,-,-,-,-,-,-,-,e,-,-,-,-,-,-,-,-,-,-,-
daka1243,-,-,-,-,-,-,s,-,-,-,-,-,e,-,-,-,w,-,-,-,-,-,-,-,-,-,e,-,-,-,-,-,-,-,-,-,-,-
sowa1244,-,-,-,-,-,-,s,-,-,-,-,-,o,-,-,-,w,-,-,-,-,-,-,-,-,-,a,-,-,-,-,-,-,-,-,-,-,-
sowa1244,-,-,-,-,-,-,s,-,-,-,-,-,o,-,-,-,w,-,-,-,-,-,-,-,-,-,a,-,-,-,-,-,-,-,-,-,-,-
seke1241,-,-,-,-,-,-,s,-,-,-,-,-,-,-,-,-,k,-,-,-,-,-,-,-,-,-,e,-,-,-,-,-,-,-,-,-,-,-
apma1240,-,-,-,-,-,-,-,-,-,-,-,-,a,-,-,-,p,-,-,-,-,-,-,-,-,m,a,-,-,-,-,-,-,-,-,-,h,-
saaa1241,-,-,-,-,-,-,s,-,-,-,-,-,-,-,-,-,k,-,-,-,-,-,-,-,-,-,e,-,-,-,-,-,-,-,-,-,-,-
sout2858,-,-,-,-,a,-,s,-,-,-,-,-,-,-,-,-,-,-,-,-,-,-,-,-,-,-,a,-,-,-,-,-,-,-,-,-,-,-
sout2859,-,-,n,-,a,-,h,-,-,-,-,-,-,-,-,-,-,-,-,-,-,-,-,-,-,-,a,-,-,-,-,-,-,-,-,-,-,-
navu1237,-,-,-,-,-,-,s,-,-,-,-,-,a,-,-,-,b,-,-,-,-,-,-,-,-,-,a,-,-,-,-,-,-,-,-,-,-,-
tial1239,-,-,n,-,a,-,s,-,-,-,-,-,a,-,-,-,b,-,-,-,-,-,-,-,-,-,a,-,-,-,-,-,-,-,-,-,-,-
akei1237,-,-,-,-,-,-,s,-,-,-,-,-,a,-,-,-,b,-,-,-,-,-,-,-,-,-,a,-,i,-,t,-,-,-,-,-,u,-
fort1240,-,-,-,-,-,-,s,-,-,-,-,-,a,-,-,-,b,-,-,-,-,-,-,-,-,-,a,-,-,-,-,-,-,-,-,-,-,-
wail1242,-,-,-,-,-,-,s,-,-,-,-,-,a,-,-,-,b,-,-,-,-,-,-,-,-,-,a,-,-,-,-,-,-,-,-,-,-,-
mere1242,-,-,-,-,-,-,s,-,-,-,-,-,a,-,-,-,v,-,-,-,-,-,-,-,-,-,a,-,-,-,-,-,-,-,-,-,-,-
wusi1237,-,-,n,-,a,-,h,-,-,-,-,-,a,-,-,-,b,-,-,-,-,-,-,-,-,-,a,-,-,-,-,-,-,-,-,-,-,-
tolo1255,-,-,-,-,-,-,s,-,-,-,-,-,a,-,-,-,b,-,-,-,-,-,-,-,-,-,a,-,-,-,-,-,-,-,-,-,-,-
vuna1239,-,-,w,-,o,-,r,-,-,-,-,-,a,-,-,-,-,-,-,-,-,-,-,-,-,-,e,-,-,-,-,-,-,-,-,-,-,-
piam1242,-,-,n,-,a,-,s,-,-,-,-,-,a,-,-,-,b,-,-,-,-,-,-,-,-,-,a,-,-,-,-,-,-,-,-,-,-,-
tasm1246,-,-,-,-,-,-,s,-,-,-,-,-,a,-,-,-,b,-,-,-,-,-,-,-,-,-,a,-,-,-,-,-,-,-,-,-,-,-
tang1347,-,-,-,-,-,-,s,-,-,-,-,-,-,-,-,-,-,-,-,-,-,-,-,-,-,-,a,-,-,-,-,-,-,-,-,-,-,-
malo1243,-,-,-,-,-,-,s,-,-,-,-,-,a,-,-,-,b,-,-,-,-,-,-,-,-,-,a,-,-,-,-,-,-,-,-,-,-,-
arak1252,-,-,-,-,-,-,s,-,-,-,-,-,-,-,-,-,-,-,-,-,-,-,-,-,-,-,a,-,-,-,-,-,-,-,-,-,-,-
tutu1241,-,-,-,-,-,-,s,-,-,-,-,-,a,-,i,-,n,-,-,-,-,-,-,-,-,-,a,-,-,-,-,-,-,-,-,-,-,-
mafe1237,-,-,n,-,e,-,s,-,-,-,-,-,-,-,-,-,-,-,-,-,-,-,-,-,-,-,a,-,-,-,-,-,-,-,-,-,-,-
tamb1253,-,-,-,-,-,-,s,-,-,-,-,-,a,-,-,-,h,-,-,-,-,-,-,-,-,-,a,-,-,-,-,-,-,-,-,-,-,-
nara1263,-,-,-,-,-,-,s,-,-,-,-,-,a,-,-,-,b,-,-,-,-,-,-,-,-,-,a,-,n,-,t,-,-,-,-,-,e,-
moro1286,-,-,-,-,-,-,s,-,-,-,-,-,a,-,-,-,b,-,-,-,-,-,-,-,-,-,a,-,-,-,-,-,-,-,-,-,-,-
ambl1237,-,-,-,-,-,-,s,-,-,-,-,-,a,-,-,-,b,-,-,-,-,-,-,-,-,-,a,-,-,-,-,-,-,-,-,-,-,-
east2443,-,-,-,-,-,-,h,-,-,-,-,-,a,-,-,-,b,-,-,-,-,e,-,-,-,n,a,-,-,-,-,-,-,-,-,-,-,-
west2513,-,-,-,-,-,-,h,-,-,-,-,-,a,-,-,-,b,-,-,a,k,i,-,-,-,n,a,-,-,-,-,-,-,-,-,-,-,-
hano1246,-,-,-,-,-,-,h,-,-,-,-,-,a,-,-,-,v,-,-,-,-,a,-,-,-,n,a,-,-,-,-,-,-,-,-,-,u,-
hano1246,-,-,-,-,-,-,h,-,-,-,-,-,a,-,-,-,-,-,-,-,-,-,-,-,-,n,o,-,-,-,-,-,-,-,-,-,-,-
cent2058,-,-,-,-,a,-,s,-,-,-,-,-,-,-,-,-,-,-,-,-,-,-,-,-,-,-,a,-,-,-,-,-,-,-,-,-,-,-
baet1237,-,-,-,-,-,-,s,-,-,-,-,-,a,-,-,-,b,-,-,-,-,-,-,-,-,-,a,-,-,-,-,-,-,-,-,-,-,-
mari1426,-,-,-,-,-,-,s,-,-,-,-,-,a,-,-,-,b,-,-,-,-,-,-,-,-,-,a,-,-,-,-,-,-,-,-,-,-,-
rori1237,-,-,-,-,-,-,s,-,-,-,-,-,i,-,-,-,y,-,-,-,-,-,-,-,-,-,e,-,-,-,t,-,-,-,-,-,-,-
rori1237,-,-,-,-,-,-,s,-,-,-,-,-,i,-,-,-,y,-,-,-,-,-,-,-,-,-,e,-,-,-,t,-,-,-,-,-,-,-
rori1237,-,-,-,-,-,-,s,-,-,-,-,-,i,-,-,-,y,-,-,-,-,-,-,-,-,-,e,-,-,-,t,-,-,-,-,-,-,-
leha1244,-,-,-,-,-,-,s,-,-,-,-,-,a,-,-,-,p,-,-,-,-,-,-,-,-,-,-,-,-,-,-,-,-,-,-,-,-,-
leha1243,-,-,-,-,-,-,h,-,-,-,-,-,a,-,-,-,-,-,-,-,-,-,-,-,-,-,-,-,-,-,-,-,-,-,-,-,-,-
motl1237,-,-,n,-,a,-,h,-,-,-,-,-,a,-,-,-,p,-,-,-,-,-,-,-,-,-,-,-,-,-,-,-,-,-,-,-,-,-
leme1238,-,-,n,-,-,-,s,-,-,-,-,-,o,-,-,-,b,-,-,-,-,-,-,-,-,-,-,-,-,-,-,-,-,-,-,-,-,-
vure1239,-,-,-,-,o,-,s,-,-,-,-,-,a,-,-,-,b,-,-,-,-,-,-,-,-,-,-,-,-,-,-,-,-,-,-,-,-,-
vera1241,-,-,-,-,-,-,s,-,-,-,-,-,a,-,-,-,b,-,-,-,-,-,-,-,-,-,a,-,-,-,-,-,-,-,-,-,-,-
mota1237,-,-,-,-,-,-,s,-,-,-,-,-,a,-,-,-,v,-,-,-,-,-,-,-,-,-,a,-,-,-,-,-,-,-,-,-,-,-
weta1242,-,-,-,-,o,-,s,-,-,-,-,-,a,-,-,-,-,-,-,-,-,-,-,-,-,-,-,-,-,-,-,-,-,-,-,-,-,-
nume1241,-,-,-,-,-,-,s,-,-,-,-,-,a,-,-,-,-,-,-,-,-,-,-,-,-,-,-,-,-,-,-,-,-,-,-,-,-,-
merl1237,-,-,n,-,a,-,s,-,-,-,-,-,a,-,-,-,-,-,-,-,-,-,-,-,-,-,-,-,-,-,-,-,-,-,-,-,-,-
koro1308,-,-,-,-,-,-,s,-,-,-,-,-,a,-,-,-,-,-,-,-,-,-,-,-,-,-,-,-,-,-,-,-,-,-,-,-,-,-
lako1245,-,-,n,-,a,-,h,-,-,-,-,-,a,-,-,-,-,-,-,-,-,-,-,-,-,-,-,-,-,-,-,-,-,-,-,-,-,-
hiww1237,-,-,-,-,a,-,b,-,-,-,-,-,3,-,-,-,-,-,-,-,-,-,-,-,-,-,-,-,-,-,-,-,-,-,-,-,-,-
loto1240,-,-,n,-,e,-,b,-,-,-,-,-,3,-,-,-,-,-,-,-,-,-,-,-,-,-,-,-,-,-,-,-,-,-,-,-,-,-
mara1399,-,-,-,-,-,-,s,-,-,-,-,-,3,-,-,-,t,-,-,-,-,-,-,-,-,-,e,-,-,-,-,-,-,-,-,-,-,-
bign1238,-,-,v,-,-,-,v,-,-,-,-,-,a,-,-,-,t,-,-,-,-,-,-,-,-,-,a,-,-,-,-,-,-,-,-,-,-,-
bign1238,-,-,v,-,-,-,v,-,-,-,-,-,a,-,-,-,t,-,-,-,-,-,-,-,-,-,a,-,-,-,-,-,-,-,-,-,-,-
bign1238,-,-,v,-,-,-,v,-,-,-,-,-,a,-,-,-,t,-,-,-,-,-,-,-,-,-,a,-,-,-,-,-,-,-,-,-,-,-
nese1235,-,-,n,-,-,-,-,-,-,-,-,-,e,-,-,-,s,-,-,-,-,-,-,-,-,-,e,-,-,-,-,-,-,-,-,-,-,-
mpot1241,-,-,n,-,-,-,-,-,-,-,-,-,a,-,-,-,h,-,-,-,-,-,-,-,-,-,a,-,-,-,-,-,-,-,-,-,-,-
mpot1241,-,-,n,-,-,-,-,-,-,-,-,-,a,-,-,-,h,-,-,-,-,-,-,-,-,-,a,-,-,-,-,-,-,-,-,-,-,-
malu1245,-,-,n,-,-,-,z,-,-,-,-,-,a,-,-,-,x,-,-,-,-,-,-,-,-,-,a,-,-,-,-,-,-,-,-,-,-,-
malu1245,-,-,n,-,-,-,z,-,-,-,-,-,a,-,-,-,x,-,-,-,-,-,-,-,-,-,a,-,-,-,-,-,-,-,-,-,-,-
malu1245,-,-,n,-,-,-,z,-,-,-,-,-,a,-,-,-,x,-,-,-,-,-,-,-,-,-,a,-,-,-,-,-,-,-,-,-,-,-
malu1245,-,-,n,-,-,-,-,-,-,-,-,-,a,t,s,-,h,-,-,-,-,-,-,-,-,-,i,-,-,-,t,-,-,-,-,-,-,-
malu1245,-,-,n,-,-,-,-,-,-,-,-,-,a,t,s,-,h,-,-,-,-,-,-,-,-,-,i,-,-,-,t,-,-,-,-,-,-,-
malu1245,-,-,n,-,-,-,-,-,-,-,-,-,a,t,s,-,h,-,-,-,-,-,-,-,-,-,i,-,-,-,t,-,-,-,-,-,-,-
malu1245,-,-,n,-,-,-,z,-,-,-,-,-,a,-,-,-,x,-,-,-,-,-,-,-,-,-,a,-,-,-,-,-,-,-,-,-,-,-
malu1245,-,-,n,-,-,-,z,-,-,-,-,-,a,-,-,-,x,-,-,-,-,-,-,-,-,-,a,-,-,-,-,-,-,-,-,-,-,-
malu1245,-,-,n,-,-,-,z,-,-,-,-,-,a,-,-,-,x,-,-,-,-,-,-,-,-,-,a,-,-,-,-,-,-,-,-,-,-,-
malu1245,-,-,n,-,-,-,z,-,-,-,-,-,a,-,-,-,b,-,-,-,-,-,-,-,-,-,-,-,-,-,-,-,-,-,-,-,-,-
malu1245,-,-,n,-,-,-,z,-,-,-,-,-,a,-,-,-,b,-,-,-,-,-,-,-,-,-,-,-,-,-,-,-,-,-,-,-,-,-
maee1241,-,-,-,-,-,-,h,-,-,-,-,-,a,-,-,-,x,-,-,-,-,-,-,-,-,-,a,-,-,-,-,-,-,-,-,-,-,-
maee1241,-,-,-,-,-,-,h,-,-,-,-,-,a,-,-,-,x,-,-,-,-,-,-,-,-,-,a,-,-,-,-,-,-,-,-,-,-,-
vaoo1237,-,-,n,-,-,-,-,-,-,-,-,-,a,-,-,-,h,-,-,-,-,-,-,-,-,-,a,-,-,-,-,-,-,-,-,-,-,-
nasa1240,-,-,-,-,-,-,-,-,-,-,-,-,a,-,i,a,v,-,-,-,-,-,-,-,-,-,a,-,-,-,n,-,-,-,-,-,E,-
dixo1238,-,-,h,-,-,-,-,-,-,-,-,-,E,-,-,-,v,-,-,-,-,E,-,-,-,g,3,-,-,-,-,-,-,-,-,-,-,-
lete1241,-,-,n,-,-,-,-,-,-,-,-,-,E,-,s,-,p,-,-,-,-,-,-,-,-,-,i,-,-,-,-,-,-,-,-,-,-,-
labo1244,-,-,n,-,-,-,-,-,-,-,-,-,-,-,d,-,-,-,-,-,-,-,-,-,-,-,e,-,-,-,-,-,-,-,-,-,-,-
litz1237,-,-,-,-,-,-,s,-,-,-,-,-,-,-,-,-,-,-,-,-,-,-,-,-,-,-,a,-,-,-,n,-,-,-,-,-,-,-
vinm1237,-,-,n,e,v,e,7,-,-,-,-,-,-,-,-,-,-,-,-,-,-,-,-,-,-,-,e,-,-,-,i,-,-,-,-,-,-,-
lare1249,-,-,n,-,t,-,s,-,-,-,-,-,3,-,-,-,x,-,-,-,-,-,-,-,-,-,a,-,-,-,n,-,-,-,-,-,-,-
lare1249,-,-,n,-,t,-,s,-,-,-,-,-,3,-,-,-,x,-,-,-,-,-,-,-,-,-,a,-,-,-,n,-,-,-,-,-,-,-
lare1249,-,-,n,-,t,-,s,-,-,-,-,-,3,-,-,-,x,-,-,-,-,-,-,-,-,-,a,-,-,-,n,-,-,-,-,-,-,-
malf1237,-,-,n,-,-,-,-,-,-,-,-,-,a,-,-,-,h,-,-,-,-,-,-,-,-,-,a,-,-,-,i,-,-,-,-,-,-,-
navw1234,-,-,n,-,-,-,-,-,-,-,-,-,a,-,-,-,w,-,-,-,-,i,-,-,-,-,E,-,-,-,n,-,-,-,-,-,-,-
sout2857,-,-,n,-,-,-,-,-,-,-,-,-,a,-,-,-,h,-,-,-,-,a,-,-,-,v,a,-,-,-,7,-,-,-,-,-,-,-
nati1244,-,-,n,-,-,-,-,-,-,-,-,-,a,-,-,-,t,-,-,-,-,-,-,-,-,-,i,-,-,-,-,-,-,-,-,-,-,-
nati1244,-,-,n,-,-,-,-,-,-,-,-,-,a,-,-,-,t,-,-,-,-,-,-,-,-,-,i,-,-,-,-,-,-,-,-,-,-,-
nati1244,-,-,n,-,-,-,-,-,-,-,-,-,a,-,-,-,t,-,-,-,-,-,-,-,-,-,i,-,-,-,-,-,-,-,-,-,-,-
ling1265,-,-,n,-,E,-,s,-,-,-,-,-,E,-,-,-,x,-,-,-,-,-,-,-,-,-,a,-,-,-,n,-,-,-,-,-,-,-
ling1265,-,-,n,-,E,-,s,-,-,-,-,-,E,-,-,-,x,-,-,-,-,-,-,-,-,-,a,-,-,-,n,-,-,-,-,-,-,-
niti1249,-,-,n,-,E,-,s,-,-,-,-,-,3,-,-,-,x,-,-,-,-,-,-,-,-,-,a,-,-,-,m,-,-,-,-,-,-,-
niti1249,-,-,n,-,E,-,s,-,-,-,-,-,3,-,-,-,x,-,-,-,-,-,-,-,-,-,a,-,-,-,m,-,-,-,-,-,-,-
katb1237,-,-,-,-,-,-,s,-,-,-,-,-,i,-,-,-,v,-,-,-,-,-,-,-,-,-,e,-,-,-,-,-,-,-,-,-,-,-
katb1237,-,-,-,-,-,-,-,-,-,-,-,-,i,-,-,-,v,-,-,-,-,-,-,-,-,-,e,-,-,-,-,-,-,-,-,-,-,-
unua1237,-,-,-,-,-,-,s,-,-,-,-,-,E,-,-,-,t,-,-,-,-,-,-,-,-,-,E,-,-,-,-,-,-,-,-,-,n,-
wala1267,-,-,n,-,t,-,s,-,-,-,-,-,-,-,-,-,-,-,-,-,-,-,-,-,-,-,e,-,-,-,-,-,-,-,-,-,-,-
nisv1234,-,-,n,-,i,-,s,-,-,-,-,-,-,-,-,-,v,-,-,-,-,-,-,-,-,-,a,-,-,-,i,-,-,-,-,-,-,-
nasv1234,-,-,n,-,i,-,s,-,-,-,-,-,i,-,-,-,v,-,-,-,-,-,-,-,-,-,a,-,-,-,i,-,-,-,-,-,-,-
avok1244,-,-,n,-,i,-,s,-,-,-,-,-,-,-,-,-,-,-,-,-,-,-,-,-,-,-,a,-,v,-,i,-,-,-,-,-,-,-
port1285,-,-,n,-,i,-,s,-,-,-,-,-,a,-,-,-,v,-,-,-,-,-,-,-,-,-,a,-,-,-,-,-,-,-,-,-,-,-
mask1242,-,-,n,-,i,-,s,-,-,-,-,-,-,-,-,-,-,-,-,-,-,-,-,-,-,-,a,-,-,-,-,-,-,-,-,-,-,-
aulu1238,-,-,n,-,e,-,v,-,-,-,-,-,-,-,-,-,-,-,-,-,-,-,-,-,-,-,a,-,x,-,-,-,-,-,-,-,-,-
aulu1238,-,-,n,-,e,-,v,-,-,-,-,-,-,-,-,-,-,-,-,-,-,-,-,-,-,-,a,-,x,-,-,-,-,-,-,-,-,-
aulu1238,-,-,-,-,i,-,s,-,-,-,-,-,-,-,-,-,-,-,-,-,-,-,-,-,-,-,E,-,v,-,i,-,-,-,-,-,n,-
leip1237,-,-,-,-,-,-,T,-,-,-,-,-,-,-,-,-,-,-,-,-,-,-,-,-,-,-,a,-,-,-,h,-,-,-,-,-,-,-
loni1238,-,-,-,-,-,-,T,-,-,-,-,-,-,-,-,-,-,-,-,-,-,-,-,-,-,-,a,-,-,-,h,-,-,-,-,-,-,-
papi1254,-,-,-,-,-,-,T,-,-,-,-,-,-,-,-,-,h,-,-,-,-,-,-,-,-,-,a,-,-,-,-,-,-,-,-,-,-,-
tita1241,-,-,-,-,-,-,s,-,-,-,-,-,-,-,-,-,-,-,-,-,-,-,-,-,-,-,a,-,-,-,-,-,-,-,-,-,-,-
moke1240,-,-,d,-,y,d,Z,-,-,-,-,-,-,-,-,-,-,-,-,-,-,-,-,-,-,-,e,-,-,-,h,-,3,l,3,N,o,-
kele1258,-,-,-,-,-,-,s,-,-,-,-,-,-,-,-,-,-,-,-,-,-,-,-,-,-,-,a,-,-,-,-,-,-,-,-,-,-,-
pona1250,-,-,-,-,-,-,s,-,-,-,-,-,-,-,-,-,-,-,-,-,-,-,-,-,-,-,a,-,-,-,-,-,-,-,-,-,-,-
andr1248,-,-,d,-,y,d,Z,-,-,-,-,-,e,-,-,-,g,-,-,-,-,-,-,-,-,-,a,-,-,-,-,-,-,-,-,-,-,-
nali1245,-,-,d,-,e,-,s,-,-,-,-,-,-,-,-,-,-,-,-,-,-,-,-,-,-,-,a,-,-,-,-,-,-,-,-,-,-,-
sori1242,-,-,-,-,-,-,s,-,-,-,-,-,-,-,-,-,-,-,-,-,-,-,-,-,-,-,a,-,-,-,p,-,e,-,-,n,a,u
herm1237,-,-,-,-,-,-,s,-,-,-,-,-,-,-,-,-,-,-,-,-,-,-,-,-,-,-,a,-,-,-,-,-,-,-,-,-,-,-
bipi1237,-,-,-,-,-,-,s,-,-,-,-,-,-,-,-,-,-,-,-,-,-,-,-,-,-,-,e,-,-,-,h,-,-,-,-,-,e,-
louu1245,-,-,-,-,-,-,s,-,-,-,-,-,-,-,-,-,-,-,-,-,-,-,-,-,-,-,a,-,-,-,-,-,-,-,-,-,-,-
naun1237,-,-,-,-,-,-,T,-,-,-,-,-,-,-,-,-,-,-,-,-,-,-,-,-,-,-,a,-,-,-,h,-,-,-,-,-,-,-
balu1257,-,-,-,-,-,-,s,-,-,-,-,-,-,-,-,-,-,-,-,-,-,-,-,-,-,-,a,-,-,-,p,g,a,-,-,n,e,-
kheh1237,-,-,-,-,-,-,s,-,-,-,-,-,-,-,-,-,-,-,-,-,-,-,-,-,-,-,e,-,-,-,h,-,-,-,-,-,-,-
liku1243,-,-,-,-,-,-,s,-,-,-,-,-,-,-,-,-,h,-,-,-,-,-,-,-,-,-,e,-,-,-,-,-,-,-,-,-,-,-
nyin1250,-,-,-,-,-,-,s,-,-,-,-,-,-,-,-,-,-,-,-,-,-,-,-,-,-,-,a,-,-,-,h,-,-,-,-,-,-,-
tulu1259,-,-,-,-,-,-,r,-,-,-,-,-,e,m,e,-,l,-,-,-,-,-,-,-,-,-,e,-,-,-,k,-,-,-,-,-,-,-
seim1238,-,-,-,-,-,-,l,-,-,-,-,-,-,-,-,-,-,-,-,-,-,-,-,-,-,-,a,-,-,-,-,-,-,-,-,-,-,-
wuvu1240,-,-,-,-,-,-,t,-,-,-,-,-,-,-,-,-,-,-,-,-,-,-,-,-,-,-,a,-,-,-,m,-,a,-,-,n,u,-
biak1248,-,-,-,-,-,-,r,-,-,-,-,-,o,-,-,-,s,-,-,-,-,-,-,-,-,-,e,-,-,-,i,-,-,-,-,-,-,-
morm1235,-,-,-,-,-,-,r,-,-,-,-,-,o,-,-,-,s,-,-,-,-,-,-,-,-,-,e,-,r,-,e,-,-,-,-,-,-,-
buli1255,-,-,-,-,-,-,-,-,-,-,-,-,a,-,-,-,h,-,-,-,-,-,-,-,-,-,a,-,-,-,i,-,-,-,-,-,-,-
teop1238,-,-,t,-,a,-,b,-,-,-,-,-,-,-,-,-,-,-,-,-,-,-,-,-,-,-,a,-,-,-,e,-,-,-,-,-,-,-
sapo1253,-,-,-,-,a,-,s,-,-,-,-,-,-,-,-,-,-,-,-,-,-,-,-,-,-,-,a,-,-,-,-,-,-,-,-,-,-,-
hako1237,-,-,-,-,a,-,h,-,-,-,-,-,-,-,-,-,-,-,-,-,-,-,-,-,-,-,a,-,-,-,-,-,-,-,-,-,-,-
solo1257,-,-,n,-,a,-,s,-,-,-,-,-,-,-,-,-,-,-,-,-,-,-,-,-,-,-,a,-,-,-,h,-,-,-,-,-,-,-
bann1247,-,-,-,-,-,-,s,-,-,-,-,-,u,-,-,-,-,-,-,-,-,-,-,-,-,-,a,-,-,-,-,-,-,-,-,-,-,-
bann1247,-,-,-,-,-,-,s,-,-,-,-,-,u,-,-,-,-,-,-,-,-,-,-,-,-,-,a,-,-,-,-,-,-,-,-,-,-,-
neha1247,-,-,-,-,a,-,h,-,-,-,-,-,-,-,-,-,-,-,-,-,-,-,-,-,-,-,a,-,w,h,a,-,-,-,-,-,w,-
tora1259,-,-,n,-,a,-,s,-,-,-,-,-,-,-,-,-,-,-,-,-,-,-,-,-,-,-,a,-,-,-,-,-,-,-,-,-,-,-
aluu1243,-,-,-,-,a,-,h,-,-,-,-,-,a,-,-,-,n,-,-,-,-,-,-,-,-,-,a,-,-,-,-,-,-,-,-,-,-,-
urua1242,-,-,n,-,a,-,v,-,-,-,-,-,-,-,-,-,-,-,-,-,-,-,-,-,-,-,a,-,-,-,-,-,-,-,-,-,-,-
rovi1238,-,-,-,-,-,-,s,-,-,-,-,-,-,-,-,-,-,-,-,-,-,-,-,-,-,-,a,-,-,-,-,-,-,-,-,-,-,-
ughe1237,-,-,n,-,a,-,z,-,-,-,-,-,a,-,-,-,-,-,-,-,-,-,-,-,-,-,a,-,-,-,-,-,-,-,-,-,-,-
duke1237,-,-,-,-,-,-,s,-,-,-,-,-,a,-,-,-,x,-,-,-,-,-,-,-,-,-,a,-,-,-,-,-,-,-,-,-,-,-
hoav1238,-,-,n,-,a,-,s,-,-,-,-,-,-,-,-,-,-,-,-,-,-,-,-,-,-,-,a,-,-,-,-,-,-,-,-,-,-,-
kusa1251,-,-,n,-,a,-,s,-,-,-,-,-,-,-,-,-,-,-,-,-,-,-,-,-,-,-,a,-,-,-,-,-,-,-,-,-,-,-
maro1244,-,-,n,-,a,-,s,-,-,-,-,-,-,-,-,-,-,-,-,-,-,-,-,-,-,-,a,-,-,-,-,-,-,-,-,-,-,-
kubo1244,-,-,-,-,-,-,z,-,-,-,-,-,-,-,-,-,-,-,-,-,-,-,-,-,-,-,a,-,-,-,-,-,-,-,-,-,-,-
lung1249,-,-,-,-,-,-,s,-,-,-,-,-,-,-,-,-,-,-,-,-,-,-,-,-,-,-,a,-,-,-,-,-,-,-,-,-,-,-
simb1256,-,-,n,-,a,-,s,-,-,-,-,-,-,-,-,-,-,-,-,-,-,-,-,-,-,-,a,-,-,-,-,-,-,-,-,-,-,-
sisi1250,-,-,-,-,a,n,d,-,-,-,-,-,-,-,-,-,-,-,-,-,-,-,-,-,-,-,a,-,-,-,-,-,-,-,-,-,-,-
seng1280,-,-,-,-,a,-,t,-,-,-,-,-,-,-,-,-,-,-,-,-,-,-,-,-,-,-,a,-,-,-,-,-,-,-,-,-,-,-
riri1237,-,-,-,-,a,-,v,-,-,-,-,-,-,-,-,-,-,-,-,-,-,-,-,-,-,-,a,-,-,-,-,-,-,-,-,-,-,-
vagh1249,-,-,-,-,a,-,v,-,-,-,-,-,a,-,-,-,n,-,-,-,-,-,-,-,-,-,a,-,-,-,-,-,-,-,-,-,-,-
vari1239,-,-,-,-,a,-,v,-,-,-,-,-,-,-,-,-,-,-,-,-,-,-,-,-,-,-,a,-,-,-,-,-,-,-,-,-,-,-
zaba1237,-,-,-,-,-,-,h,-,-,-,-,-,e,-,-,-,v,-,-,-,-,-,-,-,-,-,e,-,-,-,-,-,-,-,-,-,-,-
lagh1246,-,-,n,-,e,-,h,-,-,-,-,-,e,-,-,-,v,-,-,-,-,-,-,-,-,-,e,-,-,-,-,-,-,-,-,-,-,-
zaza1245,-,-,-,-,-,-,h,-,-,-,-,-,e,-,-,-,v,-,-,-,-,-,-,-,-,-,e,-,-,-,-,-,-,-,-,-,-,-
blab1237,-,-,-,-,-,-,h,-,-,-,-,-,e,-,-,-,v,-,-,-,-,-,-,-,-,-,e,-,-,-,-,-,-,-,-,-,-,-
koko1269,-,-,-,-,-,-,h,-,-,-,-,-,e,-,-,-,v,-,-,-,-,-,-,-,-,-,e,-,-,-,-,-,-,-,-,-,-,-
gaoo1237,-,-,-,-,-,-,h,-,-,-,-,-,-,-,-,-,n,-,-,-,-,-,-,-,-,-,a,-,-,-,-,-,-,-,-,-,-,-
mari1427,-,-,-,-,u,-,h,-,-,-,-,-,-,-,-,-,n,-,-,-,-,-,-,-,-,-,a,-,-,-,-,-,-,-,-,-,-,-
suau1242,-,-,-,-,-,-,s,-,-,-,-,-,a,-,-,-,h,-,-,-,-,-,-,-,-,-,a,-,-,-,-,-,-,-,-,-,-,-
sali1295,-,-,-,-,-,-,s,-,-,-,-,-,a,-,-,-,h,-,-,-,-,-,-,-,-,-,a,-,-,-,-,-,-,-,-,-,-,-
auhe1237,-,-,-,-,-,-,h,-,-,-,-,-,a,-,-,-,v,-,-,-,-,-,-,-,-,-,a,-,-,-,-,-,-,-,-,-,-,-
buhu1237,-,-,-,-,-,-,s,-,-,-,-,-,o,-,-,-,m,-,-,-,-,-,-,-,-,-,o,-,-,-,-,-,-,-,-,-,-,-
buhu1237,-,-,-,-,-,-,s,-,-,-,-,-,o,-,-,-,m,-,-,-,-,-,-,-,-,-,o,-,-,-,-,-,-,-,-,-,-,-
misi1243,-,-,-,-,-,-,h,-,-,-,-,-,a,-,u,-,n,-,-,-,-,-,-,-,-,-,a,-,-,-,-,-,-,-,-,-,-,-
dobu1241,-,-,-,-,-,-,t,o,-,-,-,-,a,-,-,-,s,-,-,-,-,-,-,-,-,-,e,-,-,-,-,-,-,-,-,-,-,-
sewa1251,-,-,-,-,-,-,t,u,w,-,-,-,e,-,-,-,s,-,-,-,-,-,-,-,-,-,i,-,-,-,-,-,-,-,-,-,-,-
bwai1243,-,-,-,-,-,-,g,-,-,-,-,-,a,-,-,-,v,-,-,-,-,a,-,-,-,n,a,-,-,-,-,-,-,-,-,-,-,-
idun1242,-,-,-,-,-,-,g,-,-,-,-,-,a,-,-,-,v,-,-,-,-,a,-,-,-,n,a,-,-,-,-,-,-,-,-,-,-,-
kolu1245,-,-,-,-,-,-,v,-,-,-,-,-,a,-,-,-,k,-,-,-,-,-,-,-,-,-,a,-,-,-,-,-,-,-,-,-,-,-
anuk1239,-,-,-,-,-,-,-,-,-,-,-,-,a,-,-,-,w,-,-,-,-,-,-,-,-,-,a,-,k,-,i,-,-,-,-,-,-,-
anuk1239,-,-,-,-,-,-,-,-,-,-,-,-,a,-,-,-,w,-,-,-,-,-,-,-,-,-,a,-,k,-,i,-,-,-,-,-,-,-
tawa1275,-,-,-,-,-,-,-,-,-,-,-,-,a,-,-,-,w,-,-,-,-,-,-,-,-,-,a,-,-,-,i,-,-,-,-,-,-,-
tawa1275,-,-,-,-,-,-,-,-,-,-,-,-,a,-,-,-,w,-,-,-,-,-,-,-,-,-,a,-,-,-,i,-,-,-,-,-,-,-
weda1241,-,-,-,-,-,-,-,-,-,-,-,-,a,-,i,-,w,-,-,-,-,-,-,-,-,-,a,-,-,-,i,-,-,-,-,-,-,-
weda1241,-,-,-,-,-,-,-,-,-,-,-,-,a,-,i,-,w,-,-,-,-,-,-,-,-,-,a,-,-,-,i,-,-,-,-,-,-,-
kili1267,-,-,-,-,-,-,-,-,-,-,-,-,a,-,-,-,v,-,-,-,-,a,-,-,-,k,a,-,-,-,-,-,-,-,-,-,-,-
muyu1244,-,-,-,-,-,-,-,-,-,-,-,-,a,-,-,-,v,-,-,-,-,e,e,i,i,y,a,-,g,-,-,-,-,-,-,-,-,-
muyu1244,-,-,-,-,-,-,-,-,-,-,-,-,a,-,-,-,v,-,-,-,-,e,e,i,i,y,a,-,g,-,-,-,-,-,-,-,-,-
mais1250,-,-,-,-,-,-,-,-,-,-,-,-,a,-,-,-,v,-,-,-,-,-,-,-,-,-,a,i,n,-,i,-,-,-,-,-,-,-
mais1250,-,-,-,-,-,-,-,-,-,-,-,-,a,-,-,-,v,-,-,-,-,-,-,-,-,-,a,i,n,-,i,-,-,-,-,-,-,-
motu1246,-,-,-,-,-,-,d,-,-,-,-,-,a,-,-,-,h,-,-,-,-,a,-,-,-,k,a,-,-,-,-,-,-,-,-,-,-,-
tour1243,-,-,-,-,-,-,t,-,-,-,-,-,a,-,-,-,h,-,-,-,-,a,-,-,-,k,a,-,-,-,-,-,-,-,-,-,-,-
kuni1263,-,-,-,-,-,-,d,-,-,-,-,-,a,-,-,-,b,-,-,-,-,-,-,-,-,-,a,-,-,-,-,-,-,-,-,-,-,-
lala1268,-,-,-,-,-,-,t,-,-,-,-,-,a,-,-,-,h,-,-,-,-,a,-,-,-,k,a,-,-,-,-,-,-,-,-,-,-,-
abad1241,-,-,-,-,-,-,g,-,-,-,-,-,a,-,-,-,v,-,-,-,-,a,-,-,-,k,a,-,-,-,-,-,-,-,-,-,-,-
bala1307,-,-,-,-,-,-,-,-,-,-,-,-,a,-,-,-,t,-,-,-,-,-,-,-,-,-,a,-,-,-,-,-,-,-,-,-,-,-
hula1239,-,-,-,-,-,-,r,-,-,-,-,-,a,-,-,-,k,-,-,-,-,-,-,-,-,-,a,-,-,-,u,-,-,-,-,-,-,-
waim1251,-,-,-,-,-,-,t,-,-,-,-,-,a,-,-,-,b,-,-,-,-,-,-,-,-,-,a,-,-,-,-,-,-,-,-,-,-,-
meke1243,-,-,-,-,-,-,k,-,-,-,-,-,a,-,-,-,p,-,-,-,-,a,-,-,i,n,a,-,-,-,-,-,-,-,-,-,-,-
pulu1242,-,-,-,-,-,-,t,-,-,-,-,-,-,-,-,-,-,-,-,-,-,-,-,-,-,-,a,-,-,-,-,-,-,-,-,-,-,-
pulu1242,-,-,-,-,-,-,t,-,-,-,-,-,-,-,-,-,-,-,-,-,-,-,-,-,-,-,a,-,-,-,-,-,-,-,-,-,-,-
caro1242,-,-,-,-,-,-,t,-,-,-,-,-,-,-,-,-,-,-,-,-,-,-,-,-,-,-,a,-,-,-,-,-,-,-,-,-,-,-
caro1242,-,-,-,-,-,-,t,-,-,-,-,-,-,-,-,-,-,-,-,-,-,-,-,-,-,-,a,-,-,-,-,-,-,-,-,-,-,-
caro1242,-,-,-,-,-,-,t,-,-,-,-,-,-,-,-,-,-,-,-,-,-,-,-,-,-,-,-,-,-,-,-,-,-,-,-,-,-,-
caro1242,-,-,-,-,-,-,t,-,-,-,-,-,-,-,-,-,-,-,-,-,-,-,-,-,-,-,-,-,-,-,-,-,-,-,-,-,-,-
chuu1238,-,-,m,-,e,-,t,-,-,-,-,-,-,-,-,-,-,-,-,-,-,-,-,-,-,-,-,-,-,-,-,-,-,-,-,-,-,-
chuu1238,-,-,m,-,e,-,t,-,-,-,-,-,-,-,-,-,-,-,-,-,-,-,-,-,-,-,-,-,-,-,-,-,-,-,-,-,-,-
wole1240,-,-,-,-,-,-,t,-,-,-,-,-,-,-,-,-,-,-,-,-,-,-,-,-,-,-,a,-,-,-,-,-,-,-,-,-,-,-
wole1240,-,-,-,-,-,-,t,-,-,-,-,-,-,-,-,-,-,-,-,-,-,-,-,-,-,-,a,-,-,-,-,-,-,-,-,-,-,-
wole1240,-,-,-,-,-,-,t,-,-,-,-,-,-,-,-,-,-,-,-,-,-,-,-,-,-,-,a,-,-,-,-,-,-,-,-,-,-,-
wole1240,-,-,-,-,-,-,t,-,-,-,-,-,-,-,-,-,-,-,-,-,-,-,-,-,-,-,a,-,-,-,-,-,-,-,-,-,-,-
mort1237,-,-,m,-,E,-,t,-,-,-,-,-,-,-,-,-,-,-,-,-,-,-,-,-,-,-,-,-,-,-,-,-,-,-,-,-,-,-
mort1237,-,-,m,-,E,-,t,-,-,-,-,-,-,-,-,-,-,-,-,-,-,-,-,-,-,-,-,-,-,-,-,-,-,-,-,-,-,-
mort1237,-,-,m,-,E,-,t,-,-,-,-,-,-,-,-,-,-,-,-,-,-,-,-,-,-,-,a,-,-,-,-,-,-,-,-,-,-,-
mort1237,-,-,m,-,E,-,t,-,-,-,-,-,-,-,-,-,-,-,-,-,-,-,-,-,-,-,a,-,-,-,-,-,-,-,-,-,-,-
pulo1240,-,-,-,-,-,-,t,-,-,-,-,-,-,-,-,-,-,-,-,-,-,-,-,-,-,-,a,-,-,-,-,-,-,-,-,-,-,-
pulo1240,-,-,-,-,-,-,t,-,-,-,-,-,-,-,-,-,-,-,-,-,-,-,-,-,-,-,a,-,-,-,-,-,-,-,-,-,-,-
mars1254,-,-,-,-,-,-,t,-,-,-,-,-,-,-,-,-,-,-,-,-,-,-,-,-,-,-,a,-,-,-,h,-,-,-,-,-,-,-
mars1254,-,-,-,-,-,-,t,-,-,-,-,-,-,-,-,-,-,-,-,-,-,-,-,-,-,-,a,-,-,-,h,-,-,-,-,-,-,-
pohn1238,-,-,-,-,-,-,d,-,-,-,-,-,-,-,-,-,-,-,-,-,-,-,-,-,-,-,a,-,-,-,h,-,-,-,-,-,-,-
pohn1238,-,-,-,-,-,-,d,-,-,-,-,-,-,-,-,-,-,-,-,-,-,-,-,-,-,-,a,-,-,-,h,-,-,-,-,-,-,-
ping1243,-,-,-,-,-,-,d,-,-,-,-,-,-,-,-,-,-,-,-,-,-,-,-,-,-,-,a,-,-,-,-,-,-,-,-,-,-,-
ping1243,-,-,-,-,-,-,d,-,-,-,-,-,-,-,-,-,-,-,-,-,-,-,-,-,-,-,a,-,-,-,-,-,-,-,-,-,-,-
moki1238,-,-,-,-,-,-,d,-,-,-,-,-,-,-,-,-,-,-,-,-,-,-,-,-,-,-,a,-,-,-,-,-,-,-,-,-,-,-
moki1238,-,-,-,-,-,-,d,-,-,-,-,-,-,-,-,-,-,-,-,-,-,-,-,-,-,-,a,-,-,-,-,-,-,-,-,-,-,-
kosr1238,-,-,-,-,-,-,-,-,-,-,-,-,-,-,-,-,-,-,-,-,-,-,-,-,-,-,E,-,-,-,-,-,-,-,-,-,-,-
kosr1238,-,-,-,-,-,-,-,-,-,-,-,-,-,-,-,-,-,-,-,-,-,-,-,-,-,-,E,-,-,-,-,-,-,-,-,-,-,-
ulit1238,-,-,m,-,e,-,d,-,-,-,-,-,-,-,-,-,-,-,-,-,-,-,-,-,-,-,a,-,-,-,e,-,-,-,-,-,-,-
ulit1238,-,-,m,-,e,-,d,-,-,-,-,-,-,-,-,-,-,-,-,-,-,-,-,-,-,-,a,-,-,-,e,-,-,-,-,-,-,-
gilb1244,-,-,-,-,-,-,t,-,-,-,-,-,e,-,-,-,r,-,-,-,-,-,-,-,-,-,a,-,-,-,-,-,-,-,-,-,-,-
gilb1244,-,-,-,-,-,-,t,-,-,-,-,-,e,-,-,-,r,-,-,-,-,-,-,-,-,-,a,-,-,-,-,-,-,-,-,-,-,-
gilb1244,-,-,-,-,-,-,r,-,-,-,-,-,-,-,-,-,-,-,-,-,-,-,-,-,-,-,a,-,-,-,-,-,-,-,-,-,-,-
gilb1244,-,-,-,-,-,-,r,-,-,-,-,-,-,-,-,-,-,-,-,-,-,-,-,-,-,-,a,-,-,-,-,-,-,-,-,-,-,-
yape1248,-,-,-,-,-,-,m,-,-,-,-,-,-,-,-,-,-,-,-,-,-,-,-,-,-,-,a,-,-,-,N,-,-,-,-,-,-,-
kaul1240,-,-,-,-,E,-,l,-,-,-,-,-,-,-,-,-,-,-,-,-,-,-,-,-,-,-,e,-,-,-,-,-,-,-,-,-,-,-
seng1281,-,-,-,-,e,-,l,-,-,-,-,-,-,-,-,-,-,-,-,-,-,-,-,-,-,-,e,-,-,-,-,-,-,-,-,-,-,-
mouk1239,-,-,-,-,-,-,s,-,-,-,-,-,u,-,-,-,-,-,-,-,-,-,-,-,-,-,a,-,-,-,-,-,-,-,-,-,-,-
mouk1239,-,-,-,-,-,-,s,-,-,-,-,-,u,-,-,-,-,-,-,-,-,-,-,-,-,-,a,-,-,-,-,-,-,-,-,-,-,-
amar1272,-,-,-,-,-,-,s,-,-,-,-,-,a,-,-,-,g,-,-,-,-,-,-,-,-,-,a,-,-,-,-,-,-,-,-,-,-,-
lore1244,-,-,-,-,i,-,y,-,-,-,-,-,3,-,-,-,n,-,-,-,-,-,-,-,-,-,-,-,-,-,-,-,-,-,-,-,-,-
shar1244,-,-,-,-,i,-,-,-,-,-,-,-,E,-,-,-,n,-,-,-,-,-,-,-,-,-,-,-,-,-,-,-,-,-,-,-,-,-
butm1237,-,-,-,-,-,-,-,-,-,-,-,-,a,-,-,-,t,-,-,-,-,-,-,-,-,-,i,-,-,-,-,-,-,-,-,-,-,-
butm1237,-,-,-,-,-,-,-,-,-,-,-,-,a,-,-,-,t,-,-,-,-,-,-,-,-,-,i,-,-,-,-,-,-,-,-,-,-,-
butm1237,-,-,-,-,-,-,-,-,-,-,-,-,a,-,-,-,t,-,-,-,-,-,-,-,-,-,i,-,-,-,-,-,-,-,-,-,-,-
polo1242,-,-,-,-,-,-,-,-,-,-,-,-,a,-,-,-,t,-,-,-,-,-,-,-,-,-,i,-,-,-,-,-,-,-,-,-,-,-
polo1242,-,-,-,-,-,-,-,-,-,-,-,-,a,-,-,-,t,-,-,-,-,-,-,-,-,-,i,-,-,-,-,-,-,-,-,-,-,-
polo1242,-,-,-,-,-,-,-,-,-,-,-,-,a,-,-,-,t,-,-,-,-,-,-,-,-,-,i,-,-,-,-,-,-,-,-,-,-,-
saka1289,-,-,-,-,y,d,Z,-,-,-,-,-,a,-,-,-,-,-,-,-,-,-,-,-,-,-,-,-,-,-,-,-,-,-,-,-,-,-
pate1247,-,-,-,-,-,-,v,-,-,-,-,-,-,-,-,-,-,-,-,-,-,-,-,-,-,-,a,-,-,-,-,-,-,-,-,-,-,-
asum1237,-,-,-,-,-,-,-,-,-,-,-,-,i,-,-,-,s,-,-,-,-,-,-,-,-,-,a,-,-,-,-,-,-,-,-,-,-,-
tean1237,-,-,-,-,-,-,N,-,-,-,-,-,a,-,-,-,n,-,-,-,-,a,-,-,-,-,e,-,-,-,-,-,-,-,-,-,-,-
vano1237,-,-,-,-,-,-,-,-,-,-,-,-,e,-,-,-,s,-,-,-,-,-,-,-,-,-,e,-,-,-,-,-,-,-,-,-,-,-
nang1262,-,-,-,-,-,-,n,-,d,-,-,-,o,-,e,-,-,-,-,-,-,-,-,-,-,-,i,-,-,-,-,-,-,-,-,-,-,-
malo1246,-,-,-,-,-,-,n,-,-,-,-,-,a,-,e,-,k,-,-,-,-,-,-,-,-,-,e,-,-,-,-,-,-,-,-,-,-,-
ayiw1239,-,-,-,-,-,-,d,-,-,-,-,-,o,-,-,-,-,-,-,-,-,-,-,-,-,-,-,-,-,-,-,-,-,-,-,-,-,-
siee1239,-,-,-,-,-,-,-,-,-,-,-,-,-,-,-,-,s,-,-,-,-,-,-,-,-,-,e,-,-,-,-,-,-,-,-,-,-,-
urav1235,-,-,-,-,-,-,-,-,-,-,-,-,-,-,-,-,d,-,-,-,-,-,-,-,-,-,a,-,-,-,-,-,-,-,-,-,-,-
anei1239,-,-,-,-,i,-,n,-,-,-,-,-,-,-,-,-,h,-,-,-,-,-,-,-,-,-,e,-,-,-,-,-,-,-,-,-,-,-
lena1238,-,-,-,-,-,-,n,-,-,-,-,-,e,-,-,-,t,-,-,-,-,-,-,-,-,-,a,-,-,-,-,-,-,-,-,-,-,-
sout2869,-,-,-,-,-,-,n,-,-,-,-,-,a,-,-,-,h,-,-,-,-,-,-,-,-,-,a,-,-,-,-,-,-,-,-,-,-,-
kwam1252,-,-,-,-,-,-,n,-,-,-,-,-,3,-,-,-,f,-,-,-,-,-,-,-,-,-,e,-,-,-,-,-,-,-,-,-,-,-
whit1269,-,-,-,-,-,-,n,-,-,-,-,-,-,-,-,-,-,-,-,-,-,-,-,-,-,-,a,-,-,-,-,-,-,-,-,-,-,-
dehu1237,-,-,-,-,-,-,n,-,-,-,-,-,e,-,-,-,m,-,-,-,-,-,-,-,-,-,e,-,-,-,n,-,-,-,-,-,-,-
kuma1276,-,-,-,-,-,-,d,-,-,-,-,-,-,-,-,-,-,-,-,-,-,-,-,-,-,-,a,-,-,-,-,-,-,-,-,-,-,-
yuag1237,-,-,n,-,i,n,d,-,-,-,-,-,-,-,-,-,-,-,-,-,-,-,-,-,-,-,a,-,-,-,o,-,-,-,-,-,-,-
yuag1237,-,-,n,-,-,-,d,-,-,-,-,-,-,-,-,-,-,-,-,-,-,-,-,-,-,-,a,-,-,-,-,-,-,-,-,-,-,-
nemi1240,w,e,n,-,-,-,b,-,-,-,-,-,-,-,-,-,-,-,-,-,-,-,-,-,-,-,e,-,-,-,-,-,-,-,-,-,-,-
fwai1237,-,-,t,-,-,-,-,-,-,-,-,-,-,-,-,-,-,-,-,-,-,-,-,-,-,-,a,-,-,-,-,-,-,-,-,-,-,-
fwai1237,w,e,n,-,-,-,b,-,-,-,-,-,-,-,-,-,-,-,-,-,-,-,-,-,-,-,e,-,-,-,-,-,-,-,-,-,-,-
pwaa1237,w,a,n,b,e,-,l,-,-,-,-,-,-,-,-,-,-,-,-,-,-,-,-,-,-,-,e,-,-,-,N,-,-,-,-,-,-,-
pwaa1237,-,-,n,-,-,-,d,-,-,-,-,-,-,-,-,-,-,-,-,-,-,-,-,-,-,-,a,-,-,-,-,-,-,-,-,-,-,-
pije1237,p,o,-,-,-,-,-,-,-,-,-,-,-,-,-,-,-,-,-,-,-,-,-,-,-,-,a,-,-,-,-,-,-,-,-,-,-,-
pwap1237,-,u,7,-,e,-,l,-,-,-,-,-,i,-,-,-,v,-,-,-,-,-,-,-,-,-,e,-,-,-,-,-,-,-,-,-,-,-
pwap1237,-,-,n,-,-,-,d,-,-,-,-,-,-,-,-,-,-,-,-,-,-,-,-,-,-,-,a,-,-,-,-,-,-,-,-,-,-,-
jawe1237,-,-,-,-,-,-,d,-,-,-,-,-,-,-,-,-,-,-,-,-,-,-,-,-,-,-,a,-,-,-,-,-,-,-,-,-,-,-
hmwa1243,k,o,n,-,-,-,d,-,-,-,-,-,-,-,-,-,-,-,-,-,-,-,-,-,-,-,a,-,-,-,-,-,-,-,-,-,-,-
have1241,k,o,n,-,-,-,d,-,-,-,-,-,-,-,-,-,-,-,-,-,-,-,-,-,-,-,a,-,-,-,-,-,-,-,-,-,-,-
waam1236,k,o,n,-,-,-,d,-,-,-,-,-,-,-,-,-,-,-,-,-,-,-,-,-,-,-,a,-,-,-,-,-,-,-,-,-,-,-
vama1243,-,i,n,-,-,-,d,-,-,-,-,-,-,-,-,-,-,-,-,-,-,-,-,-,-,-,a,-,-,-,-,-,-,-,-,-,-,-
cemu1238,-,-,n,-,-,-,d,-,-,-,-,-,-,-,-,-,-,-,-,-,-,-,-,-,-,-,e,-,-,-,-,-,-,-,-,-,-,-
caac1237,-,-,n,-,-,-,d,-,-,-,-,-,-,-,-,-,-,-,-,-,-,-,-,-,-,-,a,-,-,-,-,-,-,-,-,-,-,-
paic1239,-,-,-,-,-,-,d,-,-,-,-,-,e,-,-,-,-,-,-,-,-,-,-,-,-,-,3,-,-,-,-,-,-,-,-,-,-,-
xara1244,-,-,y,-,-,-,d,-,Z,-,-,-,-,-,-,-,-,-,-,-,-,-,-,-,-,-,E,-,-,-,-,-,-,-,-,-,-,-
xara1244,-,a,n,-,-,-,-,-,-,-,-,-,-,-,-,-,-,-,-,-,-,-,-,-,-,-,E,-,-,-,-,-,-,-,-,-,-,-
xara1243,-,-,y,-,-,-,d,-,Z,i,r,S,o,-,-,-,p,-,-,-,-,-,-,-,-,-,E,-,-,-,-,-,-,-,-,-,-,-
tiri1258,-,-,y,-,-,-,d,-,Z,-,-,-,-,-,-,-,-,-,-,-,-,-,-,-,-,-,e,-,-,-,-,-,-,-,-,-,-,-
neku1237,-,-,y,-,-,-,d,-,Z,i,-,-,e,-,-,-,v,-,-,-,-,-,-,-,-,-,e,-,-,-,-,-,-,-,-,-,-,-
orow1242,-,-,y,-,-,-,d,-,Z,-,-,-,i,-,-,-,-,-,-,-,-,-,-,-,-,-,E,-,-,-,-,-,-,-,-,-,-,-
arha1237,-,-,y,-,-,-,d,-,Z,e,n,-,e,-,-,-,-,-,-,-,-,-,-,-,-,-,e,-,-,-,-,-,-,-,-,-,-,-
arho1237,-,-,y,-,-,-,d,-,Z,-,-,-,i,-,-,-,w,-,-,-,-,i,-,-,-,-,e,-,-,-,-,-,-,-,-,-,-,-
houa1234,-,-,-,-,-,-,-,-,-,-,-,-,i,-,-,-,y,-,-,-,-,-,-,-,-,-,e,-,-,-,-,-,-,-,-,-,-,-
houa1234,-,-,-,-,-,-,t,-,-,-,-,-,a,-,-,-,-,-,-,-,-,-,-,-,-,-,a,-,-,-,i,-,-,-,-,-,-,-
houa1234,-,-,y,-,-,-,d,-,Z,e,w,-,e,-,-,-,n,-,-,-,-,-,-,-,-,-,e,-,-,-,-,-,-,-,-,-,-,-
houa1234,-,-,y,-,-,-,d,-,Z,-,-,-,e,-,-,-,-,-,-,-,-,-,-,-,-,-,e,-,-,-,-,-,-,-,-,-,-,-
houa1234,-,-,y,-,-,-,d,-,Z,i,-,-,e,-,-,-,-,-,-,-,-,-,-,-,-,-,e,-,-,-,-,-,-,-,-,-,-,-
zire1240,-,-,y,-,-,-,d,-,Z,-,-,-,-,-,-,-,-,-,-,-,-,-,-,-,-,-,e,-,-,-,-,-,-,-,-,-,-,-
dumb1241,-,-,-,-,-,-,-,-,T,-,-,-,i,-,-,-,r,-,-,-,-,-,-,-,-,-,e,-,-,-,-,-,-,-,-,-,-,-
dumb1241,-,-,-,-,-,-,-,-,T,-,-,-,-,-,-,-,-,-,-,-,-,-,-,-,-,-,e,-,-,-,-,-,-,-,-,-,-,-
nume1242,-,-,y,-,-,-,d,-,Z,-,-,-,e,-,-,-,r,-,-,-,-,-,-,-,-,-,o,-,-,-,-,-,-,-,-,-,-,-
