language,x1,x2,x3,x4,x5,x6,x7,x8,x9,x10,x11,x12,x13,x14,x15,x16,x17,x18,x19,x20,x21,x22,x23,x24,x25,x26
kach1280,-,-,-,-,l,-,-,-,-,-,-,-,-,-,-,-,-,-,-,-,a,-,-,-,-,-
phom1236,-,-,-,-,b,-,-,a,-,-,-,-,-,-,h,-,-,-,-,-,a,-,-,-,-,-
bodo1269,-,-,-,-,h,-,-,u,-,-,-,-,-,-,w,-,-,-,-,-,a,-,-,-,7,-
dima1251,-,-,-,-,m,-,-,i,-,-,-,-,-,-,y,-,-,-,-,-,a,-,-,-,-,-
garo1247,-,-,-,-,m,-,-,e,-,-,a,-,-,-,s,-,-,-,-,-,a,-,-,-,-,-
rabh1238,-,-,-,-,m,-,-,u,-,-,-,-,-,-,s,-,-,-,-,-,a,-,-,-,-,-
sher1257,-,-,-,-,Z,-,-,i,-,-,-,-,-,-,r,-,-,-,-,-,i,-,-,-,n,-
bugu1246,b,p,-,-,h,-,-,u,-,-,-,-,-,-,-,-,-,-,-,-,a,-,-,-,-,-
naxi1245,-,-,-,-,-,-,-,-,-,-,-,-,-,-,z,-,-,-,-,-,o,-,-,-,-,-
namu1246,-,p,-,-,h,-,-,E,-,-,-,t,-,-,S,-,-,-,-,-,3,-,-,-,-,-
namu1246,-,p,-,-,h,-,-,E,-,-,-,t,-,-,S,-,-,-,-,-,3,-,-,-,-,-
shix1238,-,-,-,-,z,-,-,o,-,-,-,-,-,-,z,-,-,y,-,-,i,-,-,-,-,-
ersu1241,-,-,-,-,l,-,-,i,-,-,-,o,-,-,l,-,-,i,-,-,o,-,-,-,z,-
lisu1250,-,-,-,-,y,-,-,i,-,-,-,-,-,-,z,-,-,-,-,-,E,-,-,-,-,-
sout2728,-,-,-,-,-,-,-,-,-,-,-,t,-,-,S,-,-,-,-,-,3,-,-,-,-,-
nort2722,-,-,-,-,-,-,-,-,-,-,-,t,-,-,s,-,-,y,-,-,i,-,-,-,m,-
nort2722,-,-,-,-,-,-,-,-,-,-,-,t,-,-,s,-,-,y,-,-,i,-,-,-,m,-
guiq1238,-,-,-,-,-,-,-,-,-,-,-,t,-,-,s,i,n,y,-,-,a,-,-,-,-,-
maru1249,-,-,-,-,y,-,-,a,-,-,u,k,-,-,k,-,-,a,-,-,i,-,-,-,-,-
pela1242,-,-,-,-,y,-,-,a,-,-,u,7,-,-,k,-,-,a,-,-,i,-,-,-,-,-
zhab1238,-,-,-,-,y,-,-,-,-,-,u,7,-,-,k,-,-,-,-,-,e,-,-,-,-,-
lash1243,-,-,-,-,y,-,-,-,-,-,u,7,-,-,k,-,-,-,-,-,E,-,-,-,-,-
nucl1310,-,-,-,-,y,-,-,a,-,-,u,k,-,-,k,-,-,y,-,-,a,-,-,-,-,-
acha1249,-,-,-,-,i,-,-,-,-,-,-,t,-,-,s,-,-,y,-,-,i,-,-,-,-,-
nusu1239,-,-,-,-,y,-,-,i,-,-,u,-,-,-,-,-,-,-,-,-,a,-,-,-,-,-
nusu1239,-,o,-,-,v,-,-,-,-,-,u,-,-,-,-,-,-,-,-,-,-,-,-,-,-,-
youl1235,-,k,-,-,h,-,-,-,-,-,o,p,-,-,h,-,-,-,-,-,o,-,-,-,-,-
rawa1265,-,-,-,-,n,-,-,a,-,-,-,N,l,a,r,-,-,-,-,-,a,-,-,-,-,-
drun1238,-,-,-,-,l,-,-,a,-,-,-,N,-,-,l,-,-,-,-,-,a,-,-,-,-,-
khal1275,-,-,-,-,l,-,-,E,-,-,-,h,s,-,b,-,-,-,-,-,e,-,-,-,-,-
dumi1241,-,-,-,-,l,-,-,3,-,-,n,t,s,-,-,-,-,-,-,-,3,-,-,-,p,-
limb1266,-,-,-,-,n,-,-,a,-,-,-,p,-,-,m,-,-,-,-,-,i,-,-,-,-,-
yamp1242,-,-,-,-,i,-,-,a,-,-,-,7,-,-,m,-,-,-,-,-,i,-,-,-,-,-
yamp1242,-,-,-,-,i,-,-,a,-,-,-,7,-,-,m,-,-,-,-,-,i,-,-,-,-,-
sunw1242,-,-,-,-,w,-,-,o,-,-,i,S,-,-,m,-,-,-,-,-,u,-,-,-,r,-
lepc1244,-,-,-,-,t,-,-,a,-,-,-,g,-,-,r,-,-,-,-,-,i,-,-,-,-,-
dhim1246,-,-,-,-,w,-,-,a,-,-,-,-,-,-,b,-,-,-,-,-,a,-,-,-,l,-
amdo1237,-,-,-,-,h,-,-,o,-,-,-,s,-,-,h,-,-,-,-,-,a,-,-,-,r,-
amdo1237,-,-,-,-,S,3,l,3,-,-,-,t,-,-,y,-,-,-,-,-,o,-,-,-,-,-
tibe1272,-,t,s,-,h,-,-,o,-,-,-,-,-,-,k,-,-,-,-,-,a,-,-,-,-,-
tibe1272,-,-,s,k,y,-,-,e,-,-,-,s,-,-,p,-,-,-,-,-,a,-,-,-,-,-
kham1282,-,-,-,-,S,-,-,e,-,-,-,-,-,-,p,-,-,-,-,-,a,-,-,-,-,-
jire1238,-,k,-,-,h,i,-,o,-,-,-,-,-,-,b,-,-,-,-,-,o,-,-,-,m,-
sher1255,-,k,-,-,h,i,-,o,-,-,-,k,-,-,p,-,-,-,-,-,e,-,-,-,Z,E
kaik1246,-,s,-,-,h,-,-,i,-,-,-,-,-,-,m,-,-,-,-,-,i,-,-,-,-,-
dakp1242,-,p,-,-,h,o,y,a,-,-,k,t,-,-,s,-,-,-,-,-,a,-,-,-,-,-
guru1261,-,-,a,-,m,u,-,i,-,-,-,-,-,-,-,-,-,-,-,-,u,-,-,-,-,-
thak1245,-,-,-,-,p,-,-,i,-,-,-,-,-,-,-,-,-,-,-,-,u,-,-,-,N,-
chep1245,-,-,-,-,g,-,-,o,-,-,-,-,-,-,-,-,-,-,-,-,i,-,-,-,-,-
kony1248,-,-,-,-,m,-,-,-,-,-,-,-,-,-,-,-,-,-,-,-,i,-,-,-,-,-
nyis1236,-,-,-,-,n,-,-,i,-,-,-,-,-,-,-,-,-,-,-,-,-,-,-,-,-,-
nisi1238,-,-,-,-,n,y,-,i,-,-,-,-,-,-,-,-,-,-,-,-,-,-,-,-,-,-
tagi1241,-,-,-,-,n,y,-,i,-,-,-,-,-,-,l,-,-,-,-,-,o,-,-,-,-,-
bori1243,-,-,-,-,m,-,-,i,-,-,-,-,-,-,t,-,-,-,-,-,u,-,-,-,r,-
apat1240,-,-,-,-,m,i,-,i,-,-,-,-,-,-,-,-,-,-,-,-,u,-,-,-,-,-
tara1313,-,-,-,-,m,-,-,a,-,-,-,-,-,-,w,-,-,a,-,-,a,-,-,-,-,-
idum1241,-,-,-,-,m,-,-,e,-,-,-,-,-,-,y,-,-,-,-,-,a,-,-,-,-,-
quey1238,-,z,-,-,y,-,-,i,-,-,-,-,-,-,n,-,-,-,-,-,3,-,-,-,-,-
horp1239,-,-,-,-,p,-,-,3,-,-,-,-,-,-,N,-,-,-,-,-,a,-,-,-,-,-
sang1321,-,-,-,-,-,-,-,a,-,-,-,t,-,-,h,-,-,r,e,r,3,-,-,-,-,-
sang1321,-,-,-,-,-,-,-,a,-,-,-,t,-,-,h,-,-,r,e,r,3,-,-,-,-,-
yimc1240,-,-,-,-,-,-,-,a,-,-,-,t,-,-,h,-,-,r,-,-,3,-,-,-,-,-
yimc1240,-,-,-,-,-,-,-,a,-,-,-,t,-,-,h,-,-,r,-,-,3,-,-,-,-,-
loth1237,-,-,-,-,-,-,-,e,-,-,-,-,-,-,p,-,-,u,-,-,e,-,-,-,-,-
poch1243,-,-,-,-,-,-,-,a,-,-,-,n,-,-,y,-,-,-,-,-,i,-,-,-,-,-
lush1249,-,-,-,-,m,-,-,i,-,-,-,-,-,-,p,-,-,-,-,-,a,-,-,-,-,-
hmar1241,-,-,-,-,m,-,-,i,-,-,-,-,-,-,-,-,-,-,-,-,-,-,-,-,-,-
haka1240,-,-,-,-,m,-,-,i,-,-,-,-,-,-,n,-,-,-,-,-,u,-,-,-,N,-
gang1266,-,-,-,-,p,-,-,a,-,-,-,-,-,-,s,-,-,-,-,-,a,-,-,-,l,-
tang1336,-,-,-,-,-,-,-,a,-,-,-,-,-,-,v,-,-,-,-,-,a,-,-,-,-,-
mani1292,-,-,-,-,n,-,-,i,-,-,-,-,-,-,p,-,-,-,-,-,a,-,-,-,-,-
maon1238,-,-,-,-,p,f,-,o,-,-,-,t,-,-,-,-,-,-,-,-,o,-,-,-,-,-
khez1235,-,-,-,-,m,-,-,-,-,-,-,-,-,-,-,-,-,-,-,-,i,-,-,-,-,-
chok1243,-,-,-,-,m,-,-,-,-,-,-,-,-,-,-,-,-,-,-,-,i,-,p,3,n,-
reng1255,-,-,-,-,p,-,-,e,-,-,-,t,s,-,h,-,-,-,-,-,e,n,y,u,-,-
zeme1240,-,-,-,-,m,p,-,e,-,-,u,-,-,-,m,-,-,-,-,-,i,-,-,-,-,-
lian1251,-,-,-,-,m,p,-,i,-,-,u,-,-,-,m,-,-,-,a,-,i,-,-,-,-,-
mara1379,-,s,a,-,p,h,-,-,-,-,u,n,a,-,m,-,-,-,e,-,i,-,-,-,-,-
yinb1236,-,-,-,-,p,r,-,-,v,-,-,k,-,-,h,-,-,-,-,-,o,-,-,-,-,-
geko1235,-,-,-,-,p,r,-,a,p,r,3,k,-,-,h,-,-,-,-,-,3,-,-,-,-,-
paok1235,-,-,-,-,-,l,-,o,-,-,u,k,-,-,h,-,-,-,-,-,o,-,-,u,-,-
manu1255,-,-,-,-,p,w,-,a,-,-,-,k,-,-,h,-,-,-,-,-,o,-,-,-,-,-
yint1235,-,-,-,-,p,y,-,a,N,-,-,k,-,-,h,-,-,-,-,-,u,-,-,-,-,-
west2409,-,-,-,-,p,r,-,E,-,-,-,k,-,-,h,-,-,-,-,-,u,-,-,-,-,-
geba1237,-,-,-,-,b,y,-,a,m,-,i,k,-,-,h,-,-,-,-,-,-,-,-,-,-,-
sgaw1245,-,-,-,-,p,w,-,a,p,-,o,k,-,-,h,-,-,-,-,-,-,-,-,-,-,-
akha1245,-,-,-,-,m,-,-,u,-,-,-,-,-,-,X,-,-,-,-,-,u,-,-,-,-,-
nort2732,-,l,o,-,p,-,-,a,-,-,-,-,-,-,t,-,-,i,-,-,e,-,-,-,-,-
mand1415,-,-,-,-,n,-,-,a,-,-,-,n,-,-,r,-,-,-,-,-,e,-,-,-,n,-
hakk1236,-,-,-,-,n,-,-,a,-,-,-,m,-,-,N,-,-,-,-,-,i,-,-,-,n,-
mind1253,-,-,-,-,n,-,-,a,-,-,-,N,-,-,n,-,-,o,-,-,i,-,-,-,N,-
